# Blender v2.90.1 OBJ File: ''
# www.blender.org
mtllib untitled.mtl
o greedy_level
v -0.475000 -0.465145 -0.091667
v -0.475000 0.496155 -0.091667
v -0.491667 0.496155 -0.091667
v -0.491667 -0.465145 -0.091667
v 0.491667 -0.465145 -0.091667
v 0.491667 0.496155 -0.091667
v 0.475000 0.496155 -0.091667
v 0.475000 -0.465145 -0.091667
v -0.491667 -0.465145 0.091667
v -0.491667 0.496155 0.091667
v -0.508333 0.496155 0.091667
v -0.508333 -0.465145 0.091667
v 0.508333 -0.465145 0.091667
v 0.508333 0.496155 0.091667
v 0.491667 0.496155 0.091667
v 0.491667 -0.465145 0.091667
v -0.458333 -0.465145 -0.158333
v -0.458333 0.496155 -0.158333
v -0.475000 0.496155 -0.158333
v -0.475000 -0.465145 -0.158333
v 0.475000 -0.465145 -0.158333
v 0.475000 0.496155 -0.158333
v 0.458333 0.496155 -0.158333
v 0.458333 -0.465145 -0.158333
v -0.441667 -0.465145 -0.191667
v -0.441667 0.496155 -0.191667
v -0.458333 0.496155 -0.191667
v -0.458333 -0.465145 -0.191667
v 0.458333 -0.465145 -0.191667
v 0.458333 0.496155 -0.191667
v 0.441667 0.496155 -0.191667
v 0.441667 -0.465145 -0.191667
v -0.425000 -0.465145 -0.225000
v -0.425000 0.496155 -0.225000
v -0.441667 0.496155 -0.225000
v -0.441667 -0.465145 -0.225000
v 0.441667 -0.465145 -0.225000
v 0.441667 0.496155 -0.225000
v 0.425000 0.496155 -0.225000
v 0.425000 -0.465145 -0.225000
v -0.408333 -0.465145 -0.258333
v -0.408333 0.496155 -0.258333
v -0.425000 0.496155 -0.258333
v -0.425000 -0.465145 -0.258333
v 0.425000 -0.465145 -0.258333
v 0.425000 0.496155 -0.258333
v 0.408333 0.496155 -0.258333
v 0.408333 -0.465145 -0.258333
v -0.475000 -0.465145 0.158333
v -0.475000 0.496155 0.158333
v -0.491667 0.496155 0.158333
v -0.491667 -0.465145 0.158333
v 0.491667 -0.465145 0.158333
v 0.491667 0.496155 0.158333
v 0.475000 0.496155 0.158333
v 0.475000 -0.465145 0.158333
v -0.458333 -0.465145 0.208333
v -0.458333 0.496155 0.208333
v -0.475000 0.496155 0.208333
v -0.475000 -0.465145 0.208333
v 0.475000 -0.465145 0.208333
v 0.475000 0.496155 0.208333
v 0.458333 0.496155 0.208333
v 0.458333 -0.465145 0.208333
v -0.441667 -0.465145 0.241667
v -0.441667 0.496155 0.241667
v -0.458333 0.496155 0.241667
v -0.458333 -0.465145 0.241667
v 0.458333 -0.465145 0.241667
v 0.458333 0.496155 0.241667
v 0.441667 0.496155 0.241667
v 0.441667 -0.465145 0.241667
v -0.425000 -0.465145 0.258333
v -0.425000 0.496155 0.258333
v -0.441667 0.496155 0.258333
v -0.441667 -0.465145 0.258333
v 0.441667 -0.465145 0.258333
v 0.441667 0.496155 0.258333
v 0.425000 0.496155 0.258333
v 0.425000 -0.465145 0.258333
v -0.408333 -0.465145 0.291667
v -0.408333 0.496155 0.291667
v -0.425000 0.496155 0.291667
v -0.425000 -0.465145 0.291667
v 0.425000 -0.465145 0.291667
v 0.425000 0.496155 0.291667
v 0.408333 0.496155 0.291667
v 0.408333 -0.465145 0.291667
v -0.391667 -0.465145 -0.291667
v -0.391667 0.496155 -0.291667
v -0.408333 0.496155 -0.291667
v -0.408333 -0.465145 -0.291667
v 0.408333 -0.465145 -0.291667
v 0.408333 0.496155 -0.291667
v 0.391667 0.496155 -0.291667
v 0.391667 -0.465145 -0.291667
v -0.375000 -0.465145 -0.308333
v -0.375000 0.496155 -0.308333
v -0.391667 0.496155 -0.308333
v -0.391667 -0.465145 -0.308333
v 0.391667 -0.465145 -0.308333
v 0.391667 0.496155 -0.308333
v 0.375000 0.496155 -0.308333
v 0.375000 -0.465145 -0.308333
v -0.358333 -0.465145 -0.325000
v -0.358333 0.496155 -0.325000
v -0.375000 0.496155 -0.325000
v -0.375000 -0.465145 -0.325000
v 0.375000 -0.465145 -0.325000
v 0.375000 0.496155 -0.325000
v 0.358333 0.496155 -0.325000
v 0.358333 -0.465145 -0.325000
v -0.341667 -0.465145 -0.341667
v -0.341667 0.496155 -0.341667
v -0.358333 0.496155 -0.341667
v -0.358333 -0.465145 -0.341667
v 0.358333 -0.465145 -0.341667
v 0.358333 0.496155 -0.341667
v 0.341667 0.496155 -0.341667
v 0.341667 -0.465145 -0.341667
v -0.325000 -0.465145 -0.358333
v -0.325000 0.496155 -0.358333
v -0.341667 0.496155 -0.358333
v -0.341667 -0.465145 -0.358333
v 0.341667 -0.465145 -0.358333
v 0.341667 0.496155 -0.358333
v 0.325000 0.496155 -0.358333
v 0.325000 -0.465145 -0.358333
v -0.308333 -0.465145 -0.375000
v -0.308333 0.496155 -0.375000
v -0.325000 0.496155 -0.375000
v -0.325000 -0.465145 -0.375000
v 0.325000 -0.465145 -0.375000
v 0.325000 0.496155 -0.375000
v 0.308333 0.496155 -0.375000
v 0.308333 -0.465145 -0.375000
v -0.291667 -0.465145 -0.391667
v -0.291667 0.496155 -0.391667
v -0.308333 0.496155 -0.391667
v -0.308333 -0.465145 -0.391667
v 0.308333 -0.465145 -0.391667
v 0.308333 0.496155 -0.391667
v 0.291667 0.496155 -0.391667
v 0.291667 -0.465145 -0.391667
v -0.391667 -0.465145 0.308333
v -0.391667 0.496155 0.308333
v -0.408333 0.496155 0.308333
v -0.408333 -0.465145 0.308333
v 0.408333 -0.465145 0.308333
v 0.408333 0.496155 0.308333
v 0.391667 0.496155 0.308333
v 0.391667 -0.465145 0.308333
v -0.375000 -0.465145 0.341667
v -0.375000 0.496155 0.341667
v -0.391667 0.496155 0.341667
v -0.391667 -0.465145 0.341667
v 0.391667 -0.465145 0.341667
v 0.391667 0.496155 0.341667
v 0.375000 0.496155 0.341667
v 0.375000 -0.465145 0.341667
v -0.358333 -0.465145 0.358333
v -0.358333 0.496155 0.358333
v -0.375000 0.496155 0.358333
v -0.375000 -0.465145 0.358333
v 0.375000 -0.465145 0.358333
v 0.375000 0.496155 0.358333
v 0.358333 0.496155 0.358333
v 0.358333 -0.465145 0.358333
v -0.341667 -0.465145 0.375000
v -0.341667 0.496155 0.375000
v -0.358333 0.496155 0.375000
v -0.358333 -0.465145 0.375000
v 0.358333 -0.465145 0.375000
v 0.358333 0.496155 0.375000
v 0.341667 0.496155 0.375000
v 0.341667 -0.465145 0.375000
v -0.308333 -0.465145 0.391667
v -0.308333 0.496155 0.391667
v -0.341667 0.496155 0.391667
v -0.341667 -0.465145 0.391667
v 0.341667 -0.465145 0.391667
v 0.341667 0.496155 0.391667
v 0.308333 0.496155 0.391667
v 0.308333 -0.465145 0.391667
v -0.291667 -0.465145 0.408333
v -0.291667 0.496155 0.408333
v -0.308333 0.496155 0.408333
v -0.308333 -0.465145 0.408333
v 0.308333 -0.465145 0.408333
v 0.308333 0.496155 0.408333
v 0.291667 0.496155 0.408333
v 0.291667 -0.465145 0.408333
v -0.258333 -0.465145 0.425000
v -0.258333 0.496155 0.425000
v -0.291667 0.496155 0.425000
v -0.291667 -0.465145 0.425000
v 0.291667 -0.465145 0.425000
v 0.291667 0.496155 0.425000
v 0.258333 0.496155 0.425000
v 0.258333 -0.465145 0.425000
v -0.258333 -0.465145 -0.408333
v -0.258333 0.496155 -0.408333
v -0.291667 0.496155 -0.408333
v -0.291667 -0.465145 -0.408333
v 0.291667 -0.465145 -0.408333
v 0.291667 0.496155 -0.408333
v 0.258333 0.496155 -0.408333
v 0.258333 -0.465145 -0.408333
v -0.225000 -0.465145 -0.425000
v -0.225000 0.496155 -0.425000
v -0.258333 0.496155 -0.425000
v -0.258333 -0.465145 -0.425000
v 0.258333 -0.465145 -0.425000
v 0.258333 0.496155 -0.425000
v 0.225000 0.496155 -0.425000
v 0.225000 -0.465145 -0.425000
v -0.191667 -0.465145 -0.441667
v -0.191667 0.496155 -0.441667
v -0.225000 0.496155 -0.441667
v -0.225000 -0.465145 -0.441667
v 0.225000 -0.465145 -0.441667
v 0.225000 0.496155 -0.441667
v 0.191667 0.496155 -0.441667
v 0.191667 -0.465145 -0.441667
v -0.158333 -0.465145 -0.458333
v -0.158333 0.496155 -0.458333
v -0.191667 0.496155 -0.458333
v -0.191667 -0.465145 -0.458333
v 0.191667 -0.465145 -0.458333
v 0.191667 0.496155 -0.458333
v 0.158333 0.496155 -0.458333
v 0.158333 -0.465145 -0.458333
v -0.091667 -0.465145 -0.475000
v -0.091667 0.496155 -0.475000
v -0.158333 0.496155 -0.475000
v -0.158333 -0.465145 -0.475000
v 0.158333 -0.465145 -0.475000
v 0.158333 0.496155 -0.475000
v 0.091667 0.496155 -0.475000
v 0.091667 -0.465145 -0.475000
v -0.241667 -0.465145 0.441667
v -0.241667 0.496155 0.441667
v -0.258333 0.496155 0.441667
v -0.258333 -0.465145 0.441667
v 0.258333 -0.465145 0.441667
v 0.258333 0.496155 0.441667
v 0.241667 0.496155 0.441667
v 0.241667 -0.465145 0.441667
v -0.208333 -0.465145 0.458333
v -0.208333 0.496155 0.458333
v -0.241667 0.496155 0.458333
v -0.241667 -0.465145 0.458333
v 0.241667 -0.465145 0.458333
v 0.241667 0.496155 0.458333
v 0.208333 0.496155 0.458333
v 0.208333 -0.465145 0.458333
v -0.158333 -0.465145 0.475000
v -0.158333 0.496155 0.475000
v -0.208333 0.496155 0.475000
v -0.208333 -0.465145 0.475000
v 0.208333 -0.465145 0.475000
v 0.208333 0.496155 0.475000
v 0.158333 0.496155 0.475000
v 0.158333 -0.465145 0.475000
v -0.091667 -0.465145 0.491667
v -0.091667 0.496155 0.491667
v -0.158333 0.496155 0.491667
v -0.158333 -0.465145 0.491667
v 0.158333 -0.465145 0.491667
v 0.158333 0.496155 0.491667
v 0.091667 0.496155 0.491667
v 0.091667 -0.465145 0.491667
v 0.091667 -0.465145 -0.491667
v 0.091667 0.496155 -0.491667
v -0.091667 0.496155 -0.491667
v -0.091667 -0.465145 -0.491667
v 0.091667 -0.465145 0.508333
v 0.091667 0.496155 0.508333
v -0.091667 0.496155 0.508333
v -0.091667 -0.465145 0.508333
v -0.508333 -0.465145 -0.091667
v -0.508333 0.496155 -0.091667
v -0.491667 0.496155 -0.091667
v -0.491667 -0.465145 -0.091667
v 0.491667 -0.465145 -0.091667
v 0.491667 0.496155 -0.091667
v 0.508333 0.496155 -0.091667
v 0.508333 -0.465145 -0.091667
v -0.491667 -0.465145 0.091667
v -0.491667 0.496155 0.091667
v -0.475000 0.496155 0.091667
v -0.475000 -0.465145 0.091667
v 0.475000 -0.465145 0.091667
v 0.475000 0.496155 0.091667
v 0.491667 0.496155 0.091667
v 0.491667 -0.465145 0.091667
v -0.491667 -0.465145 -0.158333
v -0.491667 0.496155 -0.158333
v -0.475000 0.496155 -0.158333
v -0.475000 -0.465145 -0.158333
v 0.475000 -0.465145 -0.158333
v 0.475000 0.496155 -0.158333
v 0.491667 0.496155 -0.158333
v 0.491667 -0.465145 -0.158333
v -0.475000 -0.465145 -0.208333
v -0.475000 0.496155 -0.208333
v -0.458333 0.496155 -0.208333
v -0.458333 -0.465145 -0.208333
v 0.458333 -0.465145 -0.208333
v 0.458333 0.496155 -0.208333
v 0.475000 0.496155 -0.208333
v 0.475000 -0.465145 -0.208333
v -0.458333 -0.465145 -0.241667
v -0.458333 0.496155 -0.241667
v -0.441667 0.496155 -0.241667
v -0.441667 -0.465145 -0.241667
v 0.441667 -0.465145 -0.241667
v 0.441667 0.496155 -0.241667
v 0.458333 0.496155 -0.241667
v 0.458333 -0.465145 -0.241667
v -0.441667 -0.465145 -0.258333
v -0.441667 0.496155 -0.258333
v -0.425000 0.496155 -0.258333
v -0.425000 -0.465145 -0.258333
v 0.425000 -0.465145 -0.258333
v 0.425000 0.496155 -0.258333
v 0.441667 0.496155 -0.258333
v 0.441667 -0.465145 -0.258333
v -0.475000 -0.465145 0.158333
v -0.475000 0.496155 0.158333
v -0.458333 0.496155 0.158333
v -0.458333 -0.465145 0.158333
v 0.458333 -0.465145 0.158333
v 0.458333 0.496155 0.158333
v 0.475000 0.496155 0.158333
v 0.475000 -0.465145 0.158333
v -0.458333 -0.465145 0.191667
v -0.458333 0.496155 0.191667
v -0.441667 0.496155 0.191667
v -0.441667 -0.465145 0.191667
v 0.441667 -0.465145 0.191667
v 0.441667 0.496155 0.191667
v 0.458333 0.496155 0.191667
v 0.458333 -0.465145 0.191667
v -0.441667 -0.465145 0.225000
v -0.441667 0.496155 0.225000
v -0.425000 0.496155 0.225000
v -0.425000 -0.465145 0.225000
v 0.425000 -0.465145 0.225000
v 0.425000 0.496155 0.225000
v 0.441667 0.496155 0.225000
v 0.441667 -0.465145 0.225000
v -0.425000 -0.465145 -0.291667
v -0.425000 0.496155 -0.291667
v -0.408333 0.496155 -0.291667
v -0.408333 -0.465145 -0.291667
v 0.408333 -0.465145 -0.291667
v 0.408333 0.496155 -0.291667
v 0.425000 0.496155 -0.291667
v 0.425000 -0.465145 -0.291667
v -0.425000 -0.465145 0.258333
v -0.425000 0.496155 0.258333
v -0.408333 0.496155 0.258333
v -0.408333 -0.465145 0.258333
v 0.408333 -0.465145 0.258333
v 0.408333 0.496155 0.258333
v 0.425000 0.496155 0.258333
v 0.425000 -0.465145 0.258333
v -0.408333 -0.465145 -0.308333
v -0.408333 0.496155 -0.308333
v -0.391667 0.496155 -0.308333
v -0.391667 -0.465145 -0.308333
v 0.391667 -0.465145 -0.308333
v 0.391667 0.496155 -0.308333
v 0.408333 0.496155 -0.308333
v 0.408333 -0.465145 -0.308333
v -0.391667 -0.465145 -0.341667
v -0.391667 0.496155 -0.341667
v -0.375000 0.496155 -0.341667
v -0.375000 -0.465145 -0.341667
v 0.375000 -0.465145 -0.341667
v 0.375000 0.496155 -0.341667
v 0.391667 0.496155 -0.341667
v 0.391667 -0.465145 -0.341667
v -0.375000 -0.465145 -0.358333
v -0.375000 0.496155 -0.358333
v -0.358333 0.496155 -0.358333
v -0.358333 -0.465145 -0.358333
v 0.358333 -0.465145 -0.358333
v 0.358333 0.496155 -0.358333
v 0.375000 0.496155 -0.358333
v 0.375000 -0.465145 -0.358333
v -0.358333 -0.465145 -0.375000
v -0.358333 0.496155 -0.375000
v -0.341667 0.496155 -0.375000
v -0.341667 -0.465145 -0.375000
v 0.341667 -0.465145 -0.375000
v 0.341667 0.496155 -0.375000
v 0.358333 0.496155 -0.375000
v 0.358333 -0.465145 -0.375000
v -0.341667 -0.465145 -0.391667
v -0.341667 0.496155 -0.391667
v -0.308333 0.496155 -0.391667
v -0.308333 -0.465145 -0.391667
v 0.308333 -0.465145 -0.391667
v 0.308333 0.496155 -0.391667
v 0.341667 0.496155 -0.391667
v 0.341667 -0.465145 -0.391667
v -0.308333 -0.465145 -0.408333
v -0.308333 0.496155 -0.408333
v -0.291667 0.496155 -0.408333
v -0.291667 -0.465145 -0.408333
v 0.291667 -0.465145 -0.408333
v 0.291667 0.496155 -0.408333
v 0.308333 0.496155 -0.408333
v 0.308333 -0.465145 -0.408333
v -0.408333 -0.465145 0.291667
v -0.408333 0.496155 0.291667
v -0.391667 0.496155 0.291667
v -0.391667 -0.465145 0.291667
v 0.391667 -0.465145 0.291667
v 0.391667 0.496155 0.291667
v 0.408333 0.496155 0.291667
v 0.408333 -0.465145 0.291667
v -0.391667 -0.465145 0.308333
v -0.391667 0.496155 0.308333
v -0.375000 0.496155 0.308333
v -0.375000 -0.465145 0.308333
v 0.375000 -0.465145 0.308333
v 0.375000 0.496155 0.308333
v 0.391667 0.496155 0.308333
v 0.391667 -0.465145 0.308333
v -0.375000 -0.465145 0.325000
v -0.375000 0.496155 0.325000
v -0.358333 0.496155 0.325000
v -0.358333 -0.465145 0.325000
v 0.358333 -0.465145 0.325000
v 0.358333 0.496155 0.325000
v 0.375000 0.496155 0.325000
v 0.375000 -0.465145 0.325000
v -0.358333 -0.465145 0.341667
v -0.358333 0.496155 0.341667
v -0.341667 0.496155 0.341667
v -0.341667 -0.465145 0.341667
v 0.341667 -0.465145 0.341667
v 0.341667 0.496155 0.341667
v 0.358333 0.496155 0.341667
v 0.358333 -0.465145 0.341667
v -0.341667 -0.465145 0.358333
v -0.341667 0.496155 0.358333
v -0.325000 0.496155 0.358333
v -0.325000 -0.465145 0.358333
v 0.325000 -0.465145 0.358333
v 0.325000 0.496155 0.358333
v 0.341667 0.496155 0.358333
v 0.341667 -0.465145 0.358333
v -0.325000 -0.465145 0.375000
v -0.325000 0.496155 0.375000
v -0.308333 0.496155 0.375000
v -0.308333 -0.465145 0.375000
v 0.308333 -0.465145 0.375000
v 0.308333 0.496155 0.375000
v 0.325000 0.496155 0.375000
v 0.325000 -0.465145 0.375000
v -0.308333 -0.465145 0.391667
v -0.308333 0.496155 0.391667
v -0.291667 0.496155 0.391667
v -0.291667 -0.465145 0.391667
v 0.291667 -0.465145 0.391667
v 0.291667 0.496155 0.391667
v 0.308333 0.496155 0.391667
v 0.308333 -0.465145 0.391667
v -0.291667 -0.465145 0.408333
v -0.291667 0.496155 0.408333
v -0.258333 0.496155 0.408333
v -0.258333 -0.465145 0.408333
v 0.258333 -0.465145 0.408333
v 0.258333 0.496155 0.408333
v 0.291667 0.496155 0.408333
v 0.291667 -0.465145 0.408333
v -0.291667 -0.465145 -0.425000
v -0.291667 0.496155 -0.425000
v -0.258333 0.496155 -0.425000
v -0.258333 -0.465145 -0.425000
v 0.258333 -0.465145 -0.425000
v 0.258333 0.496155 -0.425000
v 0.291667 0.496155 -0.425000
v 0.291667 -0.465145 -0.425000
v -0.258333 -0.465145 -0.441667
v -0.258333 0.496155 -0.441667
v -0.241667 0.496155 -0.441667
v -0.241667 -0.465145 -0.441667
v 0.241667 -0.465145 -0.441667
v 0.241667 0.496155 -0.441667
v 0.258333 0.496155 -0.441667
v 0.258333 -0.465145 -0.441667
v -0.241667 -0.465145 -0.458333
v -0.241667 0.496155 -0.458333
v -0.208333 0.496155 -0.458333
v -0.208333 -0.465145 -0.458333
v 0.208333 -0.465145 -0.458333
v 0.208333 0.496155 -0.458333
v 0.241667 0.496155 -0.458333
v 0.241667 -0.465145 -0.458333
v -0.208333 -0.465145 -0.475000
v -0.208333 0.496155 -0.475000
v -0.158333 0.496155 -0.475000
v -0.158333 -0.465145 -0.475000
v 0.158333 -0.465145 -0.475000
v 0.158333 0.496155 -0.475000
v 0.208333 0.496155 -0.475000
v 0.208333 -0.465145 -0.475000
v -0.158333 -0.465145 -0.491667
v -0.158333 0.496155 -0.491667
v -0.091667 0.496155 -0.491667
v -0.091667 -0.465145 -0.491667
v 0.091667 -0.465145 -0.491667
v 0.091667 0.496155 -0.491667
v 0.158333 0.496155 -0.491667
v 0.158333 -0.465145 -0.491667
v -0.258333 -0.465145 0.425000
v -0.258333 0.496155 0.425000
v -0.225000 0.496155 0.425000
v -0.225000 -0.465145 0.425000
v 0.225000 -0.465145 0.425000
v 0.225000 0.496155 0.425000
v 0.258333 0.496155 0.425000
v 0.258333 -0.465145 0.425000
v -0.225000 -0.465145 0.441667
v -0.225000 0.496155 0.441667
v -0.191667 0.496155 0.441667
v -0.191667 -0.465145 0.441667
v 0.191667 -0.465145 0.441667
v 0.191667 0.496155 0.441667
v 0.225000 0.496155 0.441667
v 0.225000 -0.465145 0.441667
v -0.191667 -0.465145 0.458333
v -0.191667 0.496155 0.458333
v -0.158333 0.496155 0.458333
v -0.158333 -0.465145 0.458333
v 0.158333 -0.465145 0.458333
v 0.158333 0.496155 0.458333
v 0.191667 0.496155 0.458333
v 0.191667 -0.465145 0.458333
v -0.158333 -0.465145 0.475000
v -0.158333 0.496155 0.475000
v -0.091667 0.496155 0.475000
v -0.091667 -0.465145 0.475000
v 0.091667 -0.465145 0.475000
v 0.091667 0.496155 0.475000
v 0.158333 0.496155 0.475000
v 0.158333 -0.465145 0.475000
v -0.091667 -0.465145 -0.508333
v -0.091667 0.496155 -0.508333
v 0.091667 0.496155 -0.508333
v 0.091667 -0.465145 -0.508333
v -0.091667 -0.465145 0.491667
v -0.091667 0.496155 0.491667
v 0.091667 0.496155 0.491667
v 0.091667 -0.465145 0.491667
v -0.491667 -0.465145 -0.091667
v -0.491667 0.496155 -0.091667
v -0.491667 0.496155 0.091667
v -0.491667 -0.465145 0.091667
v -0.475000 -0.465145 -0.158333
v -0.475000 0.496155 -0.158333
v -0.475000 0.496155 -0.091667
v -0.475000 -0.465145 -0.091667
v -0.475000 -0.465145 0.091667
v -0.475000 0.496155 0.091667
v -0.475000 0.496155 0.158333
v -0.475000 -0.465145 0.158333
v -0.458333 -0.465145 -0.191667
v -0.458333 0.496155 -0.191667
v -0.458333 0.496155 -0.158333
v -0.458333 -0.465145 -0.158333
v -0.458333 -0.465145 0.158333
v -0.458333 0.496155 0.158333
v -0.458333 0.496155 0.191667
v -0.458333 -0.465145 0.191667
v -0.441667 -0.465145 -0.225000
v -0.441667 0.496155 -0.225000
v -0.441667 0.496155 -0.191667
v -0.441667 -0.465145 -0.191667
v -0.441667 -0.465145 0.191667
v -0.441667 0.496155 0.191667
v -0.441667 0.496155 0.225000
v -0.441667 -0.465145 0.225000
v -0.425000 -0.465145 -0.258333
v -0.425000 0.496155 -0.258333
v -0.425000 0.496155 -0.225000
v -0.425000 -0.465145 -0.225000
v -0.425000 -0.465145 0.225000
v -0.425000 0.496155 0.225000
v -0.425000 0.496155 0.258333
v -0.425000 -0.465145 0.258333
v -0.408333 -0.465145 -0.291667
v -0.408333 0.496155 -0.291667
v -0.408333 0.496155 -0.258333
v -0.408333 -0.465145 -0.258333
v -0.408333 -0.465145 0.258333
v -0.408333 0.496155 0.258333
v -0.408333 0.496155 0.291667
v -0.408333 -0.465145 0.291667
v -0.391667 -0.465145 -0.308333
v -0.391667 0.496155 -0.308333
v -0.391667 0.496155 -0.291667
v -0.391667 -0.465145 -0.291667
v -0.391667 -0.465145 0.291667
v -0.391667 0.496155 0.291667
v -0.391667 0.496155 0.308333
v -0.391667 -0.465145 0.308333
v -0.375000 -0.465145 -0.325000
v -0.375000 0.496155 -0.325000
v -0.375000 0.496155 -0.308333
v -0.375000 -0.465145 -0.308333
v -0.375000 -0.465145 0.308333
v -0.375000 0.496155 0.308333
v -0.375000 0.496155 0.325000
v -0.375000 -0.465145 0.325000
v -0.358333 -0.465145 -0.341667
v -0.358333 0.496155 -0.341667
v -0.358333 0.496155 -0.325000
v -0.358333 -0.465145 -0.325000
v -0.358333 -0.465145 0.325000
v -0.358333 0.496155 0.325000
v -0.358333 0.496155 0.341667
v -0.358333 -0.465145 0.341667
v -0.341667 -0.465145 -0.358333
v -0.341667 0.496155 -0.358333
v -0.341667 0.496155 -0.341667
v -0.341667 -0.465145 -0.341667
v -0.341667 -0.465145 0.341667
v -0.341667 0.496155 0.341667
v -0.341667 0.496155 0.358333
v -0.341667 -0.465145 0.358333
v -0.325000 -0.465145 -0.375000
v -0.325000 0.496155 -0.375000
v -0.325000 0.496155 -0.358333
v -0.325000 -0.465145 -0.358333
v -0.325000 -0.465145 0.358333
v -0.325000 0.496155 0.358333
v -0.325000 0.496155 0.375000
v -0.325000 -0.465145 0.375000
v -0.308333 -0.465145 -0.391667
v -0.308333 0.496155 -0.391667
v -0.308333 0.496155 -0.375000
v -0.308333 -0.465145 -0.375000
v -0.308333 -0.465145 0.375000
v -0.308333 0.496155 0.375000
v -0.308333 0.496155 0.391667
v -0.308333 -0.465145 0.391667
v -0.291667 -0.465145 -0.408333
v -0.291667 0.496155 -0.408333
v -0.291667 0.496155 -0.391667
v -0.291667 -0.465145 -0.391667
v -0.291667 -0.465145 0.391667
v -0.291667 0.496155 0.391667
v -0.291667 0.496155 0.408333
v -0.291667 -0.465145 0.408333
v -0.258333 -0.465145 -0.425000
v -0.258333 0.496155 -0.425000
v -0.258333 0.496155 -0.408333
v -0.258333 -0.465145 -0.408333
v -0.258333 -0.465145 0.408333
v -0.258333 0.496155 0.408333
v -0.258333 0.496155 0.425000
v -0.258333 -0.465145 0.425000
v -0.225000 -0.465145 -0.441667
v -0.225000 0.496155 -0.441667
v -0.225000 0.496155 -0.425000
v -0.225000 -0.465145 -0.425000
v -0.225000 -0.465145 0.425000
v -0.225000 0.496155 0.425000
v -0.225000 0.496155 0.441667
v -0.225000 -0.465145 0.441667
v -0.191667 -0.465145 -0.458333
v -0.191667 0.496155 -0.458333
v -0.191667 0.496155 -0.441667
v -0.191667 -0.465145 -0.441667
v -0.191667 -0.465145 0.441667
v -0.191667 0.496155 0.441667
v -0.191667 0.496155 0.458333
v -0.191667 -0.465145 0.458333
v -0.158333 -0.465145 -0.475000
v -0.158333 0.496155 -0.475000
v -0.158333 0.496155 -0.458333
v -0.158333 -0.465145 -0.458333
v -0.158333 -0.465145 0.458333
v -0.158333 0.496155 0.458333
v -0.158333 0.496155 0.475000
v -0.158333 -0.465145 0.475000
v -0.091667 -0.465145 -0.491667
v -0.091667 0.496155 -0.491667
v -0.091667 0.496155 -0.475000
v -0.091667 -0.465145 -0.475000
v -0.091667 -0.465145 0.475000
v -0.091667 0.496155 0.475000
v -0.091667 0.496155 0.491667
v -0.091667 -0.465145 0.491667
v 0.091667 -0.465145 -0.508333
v 0.091667 0.496155 -0.508333
v 0.091667 0.496155 -0.491667
v 0.091667 -0.465145 -0.491667
v 0.091667 -0.465145 0.491667
v 0.091667 0.496155 0.491667
v 0.091667 0.496155 0.508333
v 0.091667 -0.465145 0.508333
v 0.158333 -0.465145 -0.491667
v 0.158333 0.496155 -0.491667
v 0.158333 0.496155 -0.475000
v 0.158333 -0.465145 -0.475000
v 0.158333 -0.465145 0.475000
v 0.158333 0.496155 0.475000
v 0.158333 0.496155 0.491667
v 0.158333 -0.465145 0.491667
v 0.208333 -0.465145 -0.475000
v 0.208333 0.496155 -0.475000
v 0.208333 0.496155 -0.458333
v 0.208333 -0.465145 -0.458333
v 0.208333 -0.465145 0.458333
v 0.208333 0.496155 0.458333
v 0.208333 0.496155 0.475000
v 0.208333 -0.465145 0.475000
v 0.241667 -0.465145 -0.458333
v 0.241667 0.496155 -0.458333
v 0.241667 0.496155 -0.441667
v 0.241667 -0.465145 -0.441667
v 0.241667 -0.465145 0.441667
v 0.241667 0.496155 0.441667
v 0.241667 0.496155 0.458333
v 0.241667 -0.465145 0.458333
v 0.258333 -0.465145 -0.441667
v 0.258333 0.496155 -0.441667
v 0.258333 0.496155 -0.425000
v 0.258333 -0.465145 -0.425000
v 0.258333 -0.465145 0.425000
v 0.258333 0.496155 0.425000
v 0.258333 0.496155 0.441667
v 0.258333 -0.465145 0.441667
v 0.291667 -0.465145 -0.425000
v 0.291667 0.496155 -0.425000
v 0.291667 0.496155 -0.408333
v 0.291667 -0.465145 -0.408333
v 0.291667 -0.465145 0.408333
v 0.291667 0.496155 0.408333
v 0.291667 0.496155 0.425000
v 0.291667 -0.465145 0.425000
v 0.308333 -0.465145 0.391667
v 0.308333 0.496155 0.391667
v 0.308333 0.496155 0.408333
v 0.308333 -0.465145 0.408333
v 0.308333 -0.465145 -0.408333
v 0.308333 0.496155 -0.408333
v 0.308333 0.496155 -0.391667
v 0.308333 -0.465145 -0.391667
v 0.341667 -0.465145 -0.391667
v 0.341667 0.496155 -0.391667
v 0.341667 0.496155 -0.375000
v 0.341667 -0.465145 -0.375000
v 0.341667 -0.465145 0.375000
v 0.341667 0.496155 0.375000
v 0.341667 0.496155 0.391667
v 0.341667 -0.465145 0.391667
v 0.358333 -0.465145 -0.375000
v 0.358333 0.496155 -0.375000
v 0.358333 0.496155 -0.358333
v 0.358333 -0.465145 -0.358333
v 0.358333 -0.465145 0.358333
v 0.358333 0.496155 0.358333
v 0.358333 0.496155 0.375000
v 0.358333 -0.465145 0.375000
v 0.375000 -0.465145 -0.358333
v 0.375000 0.496155 -0.358333
v 0.375000 0.496155 -0.341667
v 0.375000 -0.465145 -0.341667
v 0.375000 -0.465145 0.341667
v 0.375000 0.496155 0.341667
v 0.375000 0.496155 0.358333
v 0.375000 -0.465145 0.358333
v 0.391667 -0.465145 -0.341667
v 0.391667 0.496155 -0.341667
v 0.391667 0.496155 -0.308333
v 0.391667 -0.465145 -0.308333
v 0.391667 -0.465145 0.308333
v 0.391667 0.496155 0.308333
v 0.391667 0.496155 0.341667
v 0.391667 -0.465145 0.341667
v 0.408333 -0.465145 -0.308333
v 0.408333 0.496155 -0.308333
v 0.408333 0.496155 -0.291667
v 0.408333 -0.465145 -0.291667
v 0.408333 -0.465145 0.291667
v 0.408333 0.496155 0.291667
v 0.408333 0.496155 0.308333
v 0.408333 -0.465145 0.308333
v 0.425000 -0.465145 -0.291667
v 0.425000 0.496155 -0.291667
v 0.425000 0.496155 -0.258333
v 0.425000 -0.465145 -0.258333
v 0.425000 -0.465145 0.258333
v 0.425000 0.496155 0.258333
v 0.425000 0.496155 0.291667
v 0.425000 -0.465145 0.291667
v 0.441667 -0.465145 -0.258333
v 0.441667 0.496155 -0.258333
v 0.441667 0.496155 -0.241667
v 0.441667 -0.465145 -0.241667
v 0.441667 -0.465145 0.241667
v 0.441667 0.496155 0.241667
v 0.441667 0.496155 0.258333
v 0.441667 -0.465145 0.258333
v 0.458333 -0.465145 -0.241667
v 0.458333 0.496155 -0.241667
v 0.458333 0.496155 -0.208333
v 0.458333 -0.465145 -0.208333
v 0.458333 -0.465145 0.208333
v 0.458333 0.496155 0.208333
v 0.458333 0.496155 0.241667
v 0.458333 -0.465145 0.241667
v 0.475000 -0.465145 -0.208333
v 0.475000 0.496155 -0.208333
v 0.475000 0.496155 -0.158333
v 0.475000 -0.465145 -0.158333
v 0.475000 -0.465145 0.158333
v 0.475000 0.496155 0.158333
v 0.475000 0.496155 0.208333
v 0.475000 -0.465145 0.208333
v 0.491667 -0.465145 -0.158333
v 0.491667 0.496155 -0.158333
v 0.491667 0.496155 -0.091667
v 0.491667 -0.465145 -0.091667
v 0.491667 -0.465145 0.091667
v 0.491667 0.496155 0.091667
v 0.491667 0.496155 0.158333
v 0.491667 -0.465145 0.158333
v 0.508333 -0.465145 -0.091667
v 0.508333 0.496155 -0.091667
v 0.508333 0.496155 0.091667
v 0.508333 -0.465145 0.091667
v -0.508333 -0.465145 0.091667
v -0.508333 0.496155 0.091667
v -0.508333 0.496155 -0.091667
v -0.508333 -0.465145 -0.091667
v -0.491667 -0.465145 -0.091667
v -0.491667 0.496155 -0.091667
v -0.491667 0.496155 -0.158333
v -0.491667 -0.465145 -0.158333
v -0.491667 -0.465145 0.158333
v -0.491667 0.496155 0.158333
v -0.491667 0.496155 0.091667
v -0.491667 -0.465145 0.091667
v -0.475000 -0.465145 -0.158333
v -0.475000 0.496155 -0.158333
v -0.475000 0.496155 -0.208333
v -0.475000 -0.465145 -0.208333
v -0.475000 -0.465145 0.208333
v -0.475000 0.496155 0.208333
v -0.475000 0.496155 0.158333
v -0.475000 -0.465145 0.158333
v -0.458333 -0.465145 -0.208333
v -0.458333 0.496155 -0.208333
v -0.458333 0.496155 -0.241667
v -0.458333 -0.465145 -0.241667
v -0.458333 -0.465145 0.241667
v -0.458333 0.496155 0.241667
v -0.458333 0.496155 0.208333
v -0.458333 -0.465145 0.208333
v -0.441667 -0.465145 -0.241667
v -0.441667 0.496155 -0.241667
v -0.441667 0.496155 -0.258333
v -0.441667 -0.465145 -0.258333
v -0.441667 -0.465145 0.258333
v -0.441667 0.496155 0.258333
v -0.441667 0.496155 0.241667
v -0.441667 -0.465145 0.241667
v -0.425000 -0.465145 -0.258333
v -0.425000 0.496155 -0.258333
v -0.425000 0.496155 -0.291667
v -0.425000 -0.465145 -0.291667
v -0.425000 -0.465145 0.291667
v -0.425000 0.496155 0.291667
v -0.425000 0.496155 0.258333
v -0.425000 -0.465145 0.258333
v -0.408333 -0.465145 -0.291667
v -0.408333 0.496155 -0.291667
v -0.408333 0.496155 -0.308333
v -0.408333 -0.465145 -0.308333
v -0.408333 -0.465145 0.308333
v -0.408333 0.496155 0.308333
v -0.408333 0.496155 0.291667
v -0.408333 -0.465145 0.291667
v -0.391667 -0.465145 -0.308333
v -0.391667 0.496155 -0.308333
v -0.391667 0.496155 -0.341667
v -0.391667 -0.465145 -0.341667
v -0.391667 -0.465145 0.341667
v -0.391667 0.496155 0.341667
v -0.391667 0.496155 0.308333
v -0.391667 -0.465145 0.308333
v -0.375000 -0.465145 -0.341667
v -0.375000 0.496155 -0.341667
v -0.375000 0.496155 -0.358333
v -0.375000 -0.465145 -0.358333
v -0.375000 -0.465145 0.358333
v -0.375000 0.496155 0.358333
v -0.375000 0.496155 0.341667
v -0.375000 -0.465145 0.341667
v -0.358333 -0.465145 -0.358333
v -0.358333 0.496155 -0.358333
v -0.358333 0.496155 -0.375000
v -0.358333 -0.465145 -0.375000
v -0.358333 -0.465145 0.375000
v -0.358333 0.496155 0.375000
v -0.358333 0.496155 0.358333
v -0.358333 -0.465145 0.358333
v -0.341667 -0.465145 -0.375000
v -0.341667 0.496155 -0.375000
v -0.341667 0.496155 -0.391667
v -0.341667 -0.465145 -0.391667
v -0.341667 -0.465145 0.391667
v -0.341667 0.496155 0.391667
v -0.341667 0.496155 0.375000
v -0.341667 -0.465145 0.375000
v -0.308333 -0.465145 -0.391667
v -0.308333 0.496155 -0.391667
v -0.308333 0.496155 -0.408333
v -0.308333 -0.465145 -0.408333
v -0.308333 -0.465145 0.408333
v -0.308333 0.496155 0.408333
v -0.308333 0.496155 0.391667
v -0.308333 -0.465145 0.391667
v -0.291667 -0.465145 0.425000
v -0.291667 0.496155 0.425000
v -0.291667 0.496155 0.408333
v -0.291667 -0.465145 0.408333
v -0.291667 -0.465145 -0.408333
v -0.291667 0.496155 -0.408333
v -0.291667 0.496155 -0.425000
v -0.291667 -0.465145 -0.425000
v -0.258333 -0.465145 -0.425000
v -0.258333 0.496155 -0.425000
v -0.258333 0.496155 -0.441667
v -0.258333 -0.465145 -0.441667
v -0.258333 -0.465145 0.441667
v -0.258333 0.496155 0.441667
v -0.258333 0.496155 0.425000
v -0.258333 -0.465145 0.425000
v -0.241667 -0.465145 -0.441667
v -0.241667 0.496155 -0.441667
v -0.241667 0.496155 -0.458333
v -0.241667 -0.465145 -0.458333
v -0.241667 -0.465145 0.458333
v -0.241667 0.496155 0.458333
v -0.241667 0.496155 0.441667
v -0.241667 -0.465145 0.441667
v -0.208333 -0.465145 -0.458333
v -0.208333 0.496155 -0.458333
v -0.208333 0.496155 -0.475000
v -0.208333 -0.465145 -0.475000
v -0.208333 -0.465145 0.475000
v -0.208333 0.496155 0.475000
v -0.208333 0.496155 0.458333
v -0.208333 -0.465145 0.458333
v -0.158333 -0.465145 -0.475000
v -0.158333 0.496155 -0.475000
v -0.158333 0.496155 -0.491667
v -0.158333 -0.465145 -0.491667
v -0.158333 -0.465145 0.491667
v -0.158333 0.496155 0.491667
v -0.158333 0.496155 0.475000
v -0.158333 -0.465145 0.475000
v -0.091667 -0.465145 -0.491667
v -0.091667 0.496155 -0.491667
v -0.091667 0.496155 -0.508333
v -0.091667 -0.465145 -0.508333
v -0.091667 -0.465145 0.508333
v -0.091667 0.496155 0.508333
v -0.091667 0.496155 0.491667
v -0.091667 -0.465145 0.491667
v 0.091667 -0.465145 -0.475000
v 0.091667 0.496155 -0.475000
v 0.091667 0.496155 -0.491667
v 0.091667 -0.465145 -0.491667
v 0.091667 -0.465145 0.491667
v 0.091667 0.496155 0.491667
v 0.091667 0.496155 0.475000
v 0.091667 -0.465145 0.475000
v 0.158333 -0.465145 -0.458333
v 0.158333 0.496155 -0.458333
v 0.158333 0.496155 -0.475000
v 0.158333 -0.465145 -0.475000
v 0.158333 -0.465145 0.475000
v 0.158333 0.496155 0.475000
v 0.158333 0.496155 0.458333
v 0.158333 -0.465145 0.458333
v 0.191667 -0.465145 -0.441667
v 0.191667 0.496155 -0.441667
v 0.191667 0.496155 -0.458333
v 0.191667 -0.465145 -0.458333
v 0.191667 -0.465145 0.458333
v 0.191667 0.496155 0.458333
v 0.191667 0.496155 0.441667
v 0.191667 -0.465145 0.441667
v 0.225000 -0.465145 -0.425000
v 0.225000 0.496155 -0.425000
v 0.225000 0.496155 -0.441667
v 0.225000 -0.465145 -0.441667
v 0.225000 -0.465145 0.441667
v 0.225000 0.496155 0.441667
v 0.225000 0.496155 0.425000
v 0.225000 -0.465145 0.425000
v 0.258333 -0.465145 -0.408333
v 0.258333 0.496155 -0.408333
v 0.258333 0.496155 -0.425000
v 0.258333 -0.465145 -0.425000
v 0.258333 -0.465145 0.425000
v 0.258333 0.496155 0.425000
v 0.258333 0.496155 0.408333
v 0.258333 -0.465145 0.408333
v 0.291667 -0.465145 0.408333
v 0.291667 0.496155 0.408333
v 0.291667 0.496155 0.391667
v 0.291667 -0.465145 0.391667
v 0.291667 -0.465145 -0.391667
v 0.291667 0.496155 -0.391667
v 0.291667 0.496155 -0.408333
v 0.291667 -0.465145 -0.408333
v 0.308333 -0.465145 -0.375000
v 0.308333 0.496155 -0.375000
v 0.308333 0.496155 -0.391667
v 0.308333 -0.465145 -0.391667
v 0.308333 -0.465145 0.391667
v 0.308333 0.496155 0.391667
v 0.308333 0.496155 0.375000
v 0.308333 -0.465145 0.375000
v 0.325000 -0.465145 -0.358333
v 0.325000 0.496155 -0.358333
v 0.325000 0.496155 -0.375000
v 0.325000 -0.465145 -0.375000
v 0.325000 -0.465145 0.375000
v 0.325000 0.496155 0.375000
v 0.325000 0.496155 0.358333
v 0.325000 -0.465145 0.358333
v 0.341667 -0.465145 -0.341667
v 0.341667 0.496155 -0.341667
v 0.341667 0.496155 -0.358333
v 0.341667 -0.465145 -0.358333
v 0.341667 -0.465145 0.358333
v 0.341667 0.496155 0.358333
v 0.341667 0.496155 0.341667
v 0.341667 -0.465145 0.341667
v 0.358333 -0.465145 -0.325000
v 0.358333 0.496155 -0.325000
v 0.358333 0.496155 -0.341667
v 0.358333 -0.465145 -0.341667
v 0.358333 -0.465145 0.341667
v 0.358333 0.496155 0.341667
v 0.358333 0.496155 0.325000
v 0.358333 -0.465145 0.325000
v 0.375000 -0.465145 -0.308333
v 0.375000 0.496155 -0.308333
v 0.375000 0.496155 -0.325000
v 0.375000 -0.465145 -0.325000
v 0.375000 -0.465145 0.325000
v 0.375000 0.496155 0.325000
v 0.375000 0.496155 0.308333
v 0.375000 -0.465145 0.308333
v 0.391667 -0.465145 -0.291667
v 0.391667 0.496155 -0.291667
v 0.391667 0.496155 -0.308333
v 0.391667 -0.465145 -0.308333
v 0.391667 -0.465145 0.308333
v 0.391667 0.496155 0.308333
v 0.391667 0.496155 0.291667
v 0.391667 -0.465145 0.291667
v 0.408333 -0.465145 -0.258333
v 0.408333 0.496155 -0.258333
v 0.408333 0.496155 -0.291667
v 0.408333 -0.465145 -0.291667
v 0.408333 -0.465145 0.291667
v 0.408333 0.496155 0.291667
v 0.408333 0.496155 0.258333
v 0.408333 -0.465145 0.258333
v 0.425000 -0.465145 -0.225000
v 0.425000 0.496155 -0.225000
v 0.425000 0.496155 -0.258333
v 0.425000 -0.465145 -0.258333
v 0.425000 -0.465145 0.258333
v 0.425000 0.496155 0.258333
v 0.425000 0.496155 0.225000
v 0.425000 -0.465145 0.225000
v 0.441667 -0.465145 -0.191667
v 0.441667 0.496155 -0.191667
v 0.441667 0.496155 -0.225000
v 0.441667 -0.465145 -0.225000
v 0.441667 -0.465145 0.225000
v 0.441667 0.496155 0.225000
v 0.441667 0.496155 0.191667
v 0.441667 -0.465145 0.191667
v 0.458333 -0.465145 -0.158333
v 0.458333 0.496155 -0.158333
v 0.458333 0.496155 -0.191667
v 0.458333 -0.465145 -0.191667
v 0.458333 -0.465145 0.191667
v 0.458333 0.496155 0.191667
v 0.458333 0.496155 0.158333
v 0.458333 -0.465145 0.158333
v 0.475000 -0.465145 -0.091667
v 0.475000 0.496155 -0.091667
v 0.475000 0.496155 -0.158333
v 0.475000 -0.465145 -0.158333
v 0.475000 -0.465145 0.158333
v 0.475000 0.496155 0.158333
v 0.475000 0.496155 0.091667
v 0.475000 -0.465145 0.091667
v 0.491667 -0.465145 0.091667
v 0.491667 0.496155 0.091667
v 0.491667 0.496155 -0.091667
v 0.491667 -0.465145 -0.091667
v -0.508333 0.496155 -0.091667
v -0.508333 0.496155 0.091667
v -0.491667 0.496155 0.091667
v -0.491667 0.496155 -0.091667
v -0.491667 0.496155 -0.158333
v -0.491667 0.496155 -0.091667
v -0.475000 0.496155 -0.091667
v -0.475000 0.496155 -0.158333
v -0.491667 0.496155 0.091667
v -0.491667 0.496155 0.158333
v -0.475000 0.496155 0.158333
v -0.475000 0.496155 0.091667
v -0.475000 0.496155 -0.208333
v -0.475000 0.496155 -0.191667
v -0.441667 0.496155 -0.191667
v -0.441667 0.496155 -0.208333
v -0.475000 0.496155 -0.191667
v -0.475000 0.496155 -0.158333
v -0.458333 0.496155 -0.158333
v -0.458333 0.496155 -0.191667
v -0.458333 0.496155 -0.241667
v -0.458333 0.496155 -0.225000
v -0.425000 0.496155 -0.225000
v -0.425000 0.496155 -0.241667
v -0.458333 0.496155 -0.225000
v -0.458333 0.496155 -0.208333
v -0.441667 0.496155 -0.208333
v -0.441667 0.496155 -0.225000
v -0.441667 0.496155 -0.258333
v -0.441667 0.496155 -0.241667
v -0.425000 0.496155 -0.241667
v -0.425000 0.496155 -0.258333
v -0.425000 0.496155 -0.291667
v -0.425000 0.496155 -0.258333
v -0.408333 0.496155 -0.258333
v -0.408333 0.496155 -0.291667
v -0.475000 0.496155 0.158333
v -0.475000 0.496155 0.208333
v -0.458333 0.496155 0.208333
v -0.458333 0.496155 0.158333
v -0.458333 0.496155 0.191667
v -0.458333 0.496155 0.241667
v -0.441667 0.496155 0.241667
v -0.441667 0.496155 0.191667
v -0.441667 0.496155 0.225000
v -0.441667 0.496155 0.258333
v -0.425000 0.496155 0.258333
v -0.425000 0.496155 0.225000
v -0.425000 0.496155 0.258333
v -0.425000 0.496155 0.291667
v -0.408333 0.496155 0.291667
v -0.408333 0.496155 0.258333
v -0.408333 0.496155 -0.308333
v -0.408333 0.496155 -0.291667
v -0.391667 0.496155 -0.291667
v -0.391667 0.496155 -0.308333
v -0.391667 0.496155 -0.341667
v -0.391667 0.496155 -0.325000
v -0.358333 0.496155 -0.325000
v -0.358333 0.496155 -0.341667
v -0.391667 0.496155 -0.325000
v -0.391667 0.496155 -0.308333
v -0.375000 0.496155 -0.308333
v -0.375000 0.496155 -0.325000
v -0.375000 0.496155 -0.358333
v -0.375000 0.496155 -0.341667
v -0.341667 0.496155 -0.341667
v -0.341667 0.496155 -0.358333
v -0.358333 0.496155 -0.375000
v -0.358333 0.496155 -0.358333
v -0.325000 0.496155 -0.358333
v -0.325000 0.496155 -0.375000
v -0.341667 0.496155 -0.391667
v -0.341667 0.496155 -0.375000
v -0.308333 0.496155 -0.375000
v -0.308333 0.496155 -0.391667
v -0.308333 0.496155 -0.408333
v -0.308333 0.496155 -0.391667
v -0.291667 0.496155 -0.391667
v -0.291667 0.496155 -0.408333
v -0.408333 0.496155 0.291667
v -0.408333 0.496155 0.308333
v -0.391667 0.496155 0.308333
v -0.391667 0.496155 0.291667
v -0.391667 0.496155 0.308333
v -0.391667 0.496155 0.341667
v -0.375000 0.496155 0.341667
v -0.375000 0.496155 0.308333
v -0.375000 0.496155 0.325000
v -0.375000 0.496155 0.358333
v -0.358333 0.496155 0.358333
v -0.358333 0.496155 0.325000
v -0.358333 0.496155 0.341667
v -0.358333 0.496155 0.375000
v -0.341667 0.496155 0.375000
v -0.341667 0.496155 0.341667
v -0.341667 0.496155 0.358333
v -0.341667 0.496155 0.391667
v -0.325000 0.496155 0.391667
v -0.325000 0.496155 0.358333
v -0.325000 0.496155 0.375000
v -0.325000 0.496155 0.391667
v -0.308333 0.496155 0.391667
v -0.308333 0.496155 0.375000
v -0.308333 0.496155 0.391667
v -0.308333 0.496155 0.408333
v -0.291667 0.496155 0.408333
v -0.291667 0.496155 0.391667
v -0.291667 0.496155 0.408333
v -0.291667 0.496155 0.425000
v -0.258333 0.496155 0.425000
v -0.258333 0.496155 0.408333
v -0.291667 0.496155 -0.425000
v -0.291667 0.496155 -0.408333
v -0.258333 0.496155 -0.408333
v -0.258333 0.496155 -0.425000
v -0.258333 0.496155 -0.441667
v -0.258333 0.496155 -0.425000
v -0.225000 0.496155 -0.425000
v -0.225000 0.496155 -0.441667
v -0.241667 0.496155 -0.458333
v -0.241667 0.496155 -0.441667
v -0.191667 0.496155 -0.441667
v -0.191667 0.496155 -0.458333
v -0.208333 0.496155 -0.475000
v -0.208333 0.496155 -0.458333
v -0.158333 0.496155 -0.458333
v -0.158333 0.496155 -0.475000
v -0.158333 0.496155 -0.491667
v -0.158333 0.496155 -0.475000
v -0.091667 0.496155 -0.475000
v -0.091667 0.496155 -0.491667
v -0.258333 0.496155 0.425000
v -0.258333 0.496155 0.441667
v -0.225000 0.496155 0.441667
v -0.225000 0.496155 0.425000
v -0.241667 0.496155 0.441667
v -0.241667 0.496155 0.458333
v -0.191667 0.496155 0.458333
v -0.191667 0.496155 0.441667
v -0.208333 0.496155 0.458333
v -0.208333 0.496155 0.475000
v -0.158333 0.496155 0.475000
v -0.158333 0.496155 0.458333
v -0.158333 0.496155 0.475000
v -0.158333 0.496155 0.491667
v -0.091667 0.496155 0.491667
v -0.091667 0.496155 0.475000
v -0.091667 0.496155 -0.508333
v -0.091667 0.496155 -0.491667
v 0.091667 0.496155 -0.491667
v 0.091667 0.496155 -0.508333
v -0.091667 0.496155 0.491667
v -0.091667 0.496155 0.508333
v 0.091667 0.496155 0.508333
v 0.091667 0.496155 0.491667
v 0.091667 0.496155 -0.491667
v 0.091667 0.496155 -0.475000
v 0.158333 0.496155 -0.475000
v 0.158333 0.496155 -0.491667
v 0.091667 0.496155 0.475000
v 0.091667 0.496155 0.491667
v 0.158333 0.496155 0.491667
v 0.158333 0.496155 0.475000
v 0.158333 0.496155 -0.475000
v 0.158333 0.496155 -0.458333
v 0.208333 0.496155 -0.458333
v 0.208333 0.496155 -0.475000
v 0.191667 0.496155 -0.458333
v 0.191667 0.496155 -0.441667
v 0.241667 0.496155 -0.441667
v 0.241667 0.496155 -0.458333
v 0.225000 0.496155 -0.441667
v 0.225000 0.496155 -0.425000
v 0.258333 0.496155 -0.425000
v 0.258333 0.496155 -0.441667
v 0.158333 0.496155 0.458333
v 0.158333 0.496155 0.475000
v 0.208333 0.496155 0.475000
v 0.208333 0.496155 0.458333
v 0.191667 0.496155 0.441667
v 0.191667 0.496155 0.458333
v 0.241667 0.496155 0.458333
v 0.241667 0.496155 0.441667
v 0.225000 0.496155 0.425000
v 0.225000 0.496155 0.441667
v 0.258333 0.496155 0.441667
v 0.258333 0.496155 0.425000
v 0.258333 0.496155 -0.425000
v 0.258333 0.496155 -0.408333
v 0.291667 0.496155 -0.408333
v 0.291667 0.496155 -0.425000
v 0.258333 0.496155 0.408333
v 0.258333 0.496155 0.425000
v 0.291667 0.496155 0.425000
v 0.291667 0.496155 0.408333
v 0.291667 0.496155 0.391667
v 0.291667 0.496155 0.408333
v 0.308333 0.496155 0.408333
v 0.308333 0.496155 0.391667
v 0.291667 0.496155 -0.408333
v 0.291667 0.496155 -0.391667
v 0.308333 0.496155 -0.391667
v 0.308333 0.496155 -0.408333
v 0.308333 0.496155 -0.391667
v 0.308333 0.496155 -0.375000
v 0.341667 0.496155 -0.375000
v 0.341667 0.496155 -0.391667
v 0.325000 0.496155 -0.375000
v 0.325000 0.496155 -0.358333
v 0.358333 0.496155 -0.358333
v 0.358333 0.496155 -0.375000
v 0.341667 0.496155 -0.358333
v 0.341667 0.496155 -0.341667
v 0.375000 0.496155 -0.341667
v 0.375000 0.496155 -0.358333
v 0.358333 0.496155 -0.341667
v 0.358333 0.496155 -0.325000
v 0.391667 0.496155 -0.325000
v 0.391667 0.496155 -0.341667
v 0.375000 0.496155 -0.325000
v 0.375000 0.496155 -0.308333
v 0.391667 0.496155 -0.308333
v 0.391667 0.496155 -0.325000
v 0.308333 0.496155 0.375000
v 0.308333 0.496155 0.391667
v 0.341667 0.496155 0.391667
v 0.341667 0.496155 0.375000
v 0.325000 0.496155 0.358333
v 0.325000 0.496155 0.375000
v 0.358333 0.496155 0.375000
v 0.358333 0.496155 0.358333
v 0.341667 0.496155 0.341667
v 0.341667 0.496155 0.358333
v 0.375000 0.496155 0.358333
v 0.375000 0.496155 0.341667
v 0.358333 0.496155 0.325000
v 0.358333 0.496155 0.341667
v 0.391667 0.496155 0.341667
v 0.391667 0.496155 0.325000
v 0.375000 0.496155 0.308333
v 0.375000 0.496155 0.325000
v 0.391667 0.496155 0.325000
v 0.391667 0.496155 0.308333
v 0.391667 0.496155 -0.308333
v 0.391667 0.496155 -0.291667
v 0.408333 0.496155 -0.291667
v 0.408333 0.496155 -0.308333
v 0.408333 0.496155 -0.291667
v 0.408333 0.496155 -0.258333
v 0.425000 0.496155 -0.258333
v 0.425000 0.496155 -0.291667
v 0.391667 0.496155 0.291667
v 0.391667 0.496155 0.308333
v 0.408333 0.496155 0.308333
v 0.408333 0.496155 0.291667
v 0.408333 0.496155 0.258333
v 0.408333 0.496155 0.291667
v 0.425000 0.496155 0.291667
v 0.425000 0.496155 0.258333
v 0.425000 0.496155 -0.258333
v 0.425000 0.496155 -0.225000
v 0.441667 0.496155 -0.225000
v 0.441667 0.496155 -0.258333
v 0.441667 0.496155 -0.241667
v 0.441667 0.496155 -0.191667
v 0.458333 0.496155 -0.191667
v 0.458333 0.496155 -0.241667
v 0.458333 0.496155 -0.208333
v 0.458333 0.496155 -0.158333
v 0.475000 0.496155 -0.158333
v 0.475000 0.496155 -0.208333
v 0.475000 0.496155 -0.158333
v 0.475000 0.496155 -0.091667
v 0.491667 0.496155 -0.091667
v 0.491667 0.496155 -0.158333
v 0.425000 0.496155 0.225000
v 0.425000 0.496155 0.241667
v 0.458333 0.496155 0.241667
v 0.458333 0.496155 0.225000
v 0.425000 0.496155 0.241667
v 0.425000 0.496155 0.258333
v 0.441667 0.496155 0.258333
v 0.441667 0.496155 0.241667
v 0.441667 0.496155 0.191667
v 0.441667 0.496155 0.208333
v 0.475000 0.496155 0.208333
v 0.475000 0.496155 0.191667
v 0.441667 0.496155 0.208333
v 0.441667 0.496155 0.225000
v 0.458333 0.496155 0.225000
v 0.458333 0.496155 0.208333
v 0.458333 0.496155 0.158333
v 0.458333 0.496155 0.191667
v 0.475000 0.496155 0.191667
v 0.475000 0.496155 0.158333
v 0.475000 0.496155 0.091667
v 0.475000 0.496155 0.158333
v 0.491667 0.496155 0.158333
v 0.491667 0.496155 0.091667
v 0.491667 0.496155 -0.091667
v 0.491667 0.496155 0.091667
v 0.508333 0.496155 0.091667
v 0.508333 0.496155 -0.091667
v -0.508333 -0.465145 -0.091667
v -0.491667 -0.465145 -0.091667
v -0.491667 -0.465145 0.091667
v -0.508333 -0.465145 0.091667
v -0.491667 -0.465145 -0.158333
v -0.475000 -0.465145 -0.158333
v -0.475000 -0.465145 -0.091667
v -0.491667 -0.465145 -0.091667
v -0.491667 -0.465145 0.091667
v -0.475000 -0.465145 0.091667
v -0.475000 -0.465145 0.158333
v -0.491667 -0.465145 0.158333
v -0.475000 -0.465145 -0.208333
v -0.441667 -0.465145 -0.208333
v -0.441667 -0.465145 -0.191667
v -0.475000 -0.465145 -0.191667
v -0.475000 -0.465145 -0.191667
v -0.458333 -0.465145 -0.191667
v -0.458333 -0.465145 -0.158333
v -0.475000 -0.465145 -0.158333
v -0.458333 -0.465145 -0.241667
v -0.425000 -0.465145 -0.241667
v -0.425000 -0.465145 -0.225000
v -0.458333 -0.465145 -0.225000
v -0.458333 -0.465145 -0.225000
v -0.441667 -0.465145 -0.225000
v -0.441667 -0.465145 -0.208333
v -0.458333 -0.465145 -0.208333
v -0.441667 -0.465145 -0.258333
v -0.425000 -0.465145 -0.258333
v -0.425000 -0.465145 -0.241667
v -0.441667 -0.465145 -0.241667
v -0.425000 -0.465145 -0.291667
v -0.408333 -0.465145 -0.291667
v -0.408333 -0.465145 -0.258333
v -0.425000 -0.465145 -0.258333
v -0.475000 -0.465145 0.158333
v -0.458333 -0.465145 0.158333
v -0.458333 -0.465145 0.208333
v -0.475000 -0.465145 0.208333
v -0.458333 -0.465145 0.191667
v -0.441667 -0.465145 0.191667
v -0.441667 -0.465145 0.241667
v -0.458333 -0.465145 0.241667
v -0.441667 -0.465145 0.225000
v -0.425000 -0.465145 0.225000
v -0.425000 -0.465145 0.258333
v -0.441667 -0.465145 0.258333
v -0.425000 -0.465145 0.258333
v -0.408333 -0.465145 0.258333
v -0.408333 -0.465145 0.291667
v -0.425000 -0.465145 0.291667
v -0.408333 -0.465145 -0.308333
v -0.391667 -0.465145 -0.308333
v -0.391667 -0.465145 -0.291667
v -0.408333 -0.465145 -0.291667
v -0.391667 -0.465145 -0.341667
v -0.358333 -0.465145 -0.341667
v -0.358333 -0.465145 -0.325000
v -0.391667 -0.465145 -0.325000
v -0.391667 -0.465145 -0.325000
v -0.375000 -0.465145 -0.325000
v -0.375000 -0.465145 -0.308333
v -0.391667 -0.465145 -0.308333
v -0.375000 -0.465145 -0.358333
v -0.341667 -0.465145 -0.358333
v -0.341667 -0.465145 -0.341667
v -0.375000 -0.465145 -0.341667
v -0.358333 -0.465145 -0.375000
v -0.325000 -0.465145 -0.375000
v -0.325000 -0.465145 -0.358333
v -0.358333 -0.465145 -0.358333
v -0.341667 -0.465145 -0.391667
v -0.308333 -0.465145 -0.391667
v -0.308333 -0.465145 -0.375000
v -0.341667 -0.465145 -0.375000
v -0.308333 -0.465145 -0.408333
v -0.291667 -0.465145 -0.408333
v -0.291667 -0.465145 -0.391667
v -0.308333 -0.465145 -0.391667
v -0.408333 -0.465145 0.291667
v -0.391667 -0.465145 0.291667
v -0.391667 -0.465145 0.308333
v -0.408333 -0.465145 0.308333
v -0.391667 -0.465145 0.308333
v -0.375000 -0.465145 0.308333
v -0.375000 -0.465145 0.341667
v -0.391667 -0.465145 0.341667
v -0.375000 -0.465145 0.325000
v -0.358333 -0.465145 0.325000
v -0.358333 -0.465145 0.358333
v -0.375000 -0.465145 0.358333
v -0.358333 -0.465145 0.341667
v -0.341667 -0.465145 0.341667
v -0.341667 -0.465145 0.375000
v -0.358333 -0.465145 0.375000
v -0.341667 -0.465145 0.358333
v -0.325000 -0.465145 0.358333
v -0.325000 -0.465145 0.391667
v -0.341667 -0.465145 0.391667
v -0.325000 -0.465145 0.375000
v -0.308333 -0.465145 0.375000
v -0.308333 -0.465145 0.391667
v -0.325000 -0.465145 0.391667
v -0.308333 -0.465145 0.391667
v -0.291667 -0.465145 0.391667
v -0.291667 -0.465145 0.408333
v -0.308333 -0.465145 0.408333
v -0.291667 -0.465145 0.408333
v -0.258333 -0.465145 0.408333
v -0.258333 -0.465145 0.425000
v -0.291667 -0.465145 0.425000
v -0.291667 -0.465145 -0.425000
v -0.258333 -0.465145 -0.425000
v -0.258333 -0.465145 -0.408333
v -0.291667 -0.465145 -0.408333
v -0.258333 -0.465145 -0.441667
v -0.225000 -0.465145 -0.441667
v -0.225000 -0.465145 -0.425000
v -0.258333 -0.465145 -0.425000
v -0.241667 -0.465145 -0.458333
v -0.191667 -0.465145 -0.458333
v -0.191667 -0.465145 -0.441667
v -0.241667 -0.465145 -0.441667
v -0.208333 -0.465145 -0.475000
v -0.158333 -0.465145 -0.475000
v -0.158333 -0.465145 -0.458333
v -0.208333 -0.465145 -0.458333
v -0.158333 -0.465145 -0.491667
v -0.091667 -0.465145 -0.491667
v -0.091667 -0.465145 -0.475000
v -0.158333 -0.465145 -0.475000
v -0.258333 -0.465145 0.425000
v -0.225000 -0.465145 0.425000
v -0.225000 -0.465145 0.441667
v -0.258333 -0.465145 0.441667
v -0.241667 -0.465145 0.441667
v -0.191667 -0.465145 0.441667
v -0.191667 -0.465145 0.458333
v -0.241667 -0.465145 0.458333
v -0.208333 -0.465145 0.458333
v -0.158333 -0.465145 0.458333
v -0.158333 -0.465145 0.475000
v -0.208333 -0.465145 0.475000
v -0.158333 -0.465145 0.475000
v -0.091667 -0.465145 0.475000
v -0.091667 -0.465145 0.491667
v -0.158333 -0.465145 0.491667
v -0.091667 -0.465145 -0.508333
v 0.091667 -0.465145 -0.508333
v 0.091667 -0.465145 -0.491667
v -0.091667 -0.465145 -0.491667
v -0.091667 -0.465145 0.491667
v 0.091667 -0.465145 0.491667
v 0.091667 -0.465145 0.508333
v -0.091667 -0.465145 0.508333
v 0.091667 -0.465145 -0.491667
v 0.158333 -0.465145 -0.491667
v 0.158333 -0.465145 -0.475000
v 0.091667 -0.465145 -0.475000
v 0.091667 -0.465145 0.475000
v 0.158333 -0.465145 0.475000
v 0.158333 -0.465145 0.491667
v 0.091667 -0.465145 0.491667
v 0.158333 -0.465145 -0.475000
v 0.208333 -0.465145 -0.475000
v 0.208333 -0.465145 -0.458333
v 0.158333 -0.465145 -0.458333
v 0.191667 -0.465145 -0.458333
v 0.241667 -0.465145 -0.458333
v 0.241667 -0.465145 -0.441667
v 0.191667 -0.465145 -0.441667
v 0.225000 -0.465145 -0.441667
v 0.258333 -0.465145 -0.441667
v 0.258333 -0.465145 -0.425000
v 0.225000 -0.465145 -0.425000
v 0.158333 -0.465145 0.458333
v 0.208333 -0.465145 0.458333
v 0.208333 -0.465145 0.475000
v 0.158333 -0.465145 0.475000
v 0.191667 -0.465145 0.441667
v 0.241667 -0.465145 0.441667
v 0.241667 -0.465145 0.458333
v 0.191667 -0.465145 0.458333
v 0.225000 -0.465145 0.425000
v 0.258333 -0.465145 0.425000
v 0.258333 -0.465145 0.441667
v 0.225000 -0.465145 0.441667
v 0.258333 -0.465145 -0.425000
v 0.291667 -0.465145 -0.425000
v 0.291667 -0.465145 -0.408333
v 0.258333 -0.465145 -0.408333
v 0.258333 -0.465145 0.408333
v 0.291667 -0.465145 0.408333
v 0.291667 -0.465145 0.425000
v 0.258333 -0.465145 0.425000
v 0.291667 -0.465145 0.391667
v 0.308333 -0.465145 0.391667
v 0.308333 -0.465145 0.408333
v 0.291667 -0.465145 0.408333
v 0.291667 -0.465145 -0.408333
v 0.308333 -0.465145 -0.408333
v 0.308333 -0.465145 -0.391667
v 0.291667 -0.465145 -0.391667
v 0.308333 -0.465145 -0.391667
v 0.341667 -0.465145 -0.391667
v 0.341667 -0.465145 -0.375000
v 0.308333 -0.465145 -0.375000
v 0.325000 -0.465145 -0.375000
v 0.358333 -0.465145 -0.375000
v 0.358333 -0.465145 -0.358333
v 0.325000 -0.465145 -0.358333
v 0.341667 -0.465145 -0.358333
v 0.375000 -0.465145 -0.358333
v 0.375000 -0.465145 -0.341667
v 0.341667 -0.465145 -0.341667
v 0.358333 -0.465145 -0.341667
v 0.391667 -0.465145 -0.341667
v 0.391667 -0.465145 -0.325000
v 0.358333 -0.465145 -0.325000
v 0.375000 -0.465145 -0.325000
v 0.391667 -0.465145 -0.325000
v 0.391667 -0.465145 -0.308333
v 0.375000 -0.465145 -0.308333
v 0.308333 -0.465145 0.375000
v 0.341667 -0.465145 0.375000
v 0.341667 -0.465145 0.391667
v 0.308333 -0.465145 0.391667
v 0.325000 -0.465145 0.358333
v 0.358333 -0.465145 0.358333
v 0.358333 -0.465145 0.375000
v 0.325000 -0.465145 0.375000
v 0.341667 -0.465145 0.341667
v 0.375000 -0.465145 0.341667
v 0.375000 -0.465145 0.358333
v 0.341667 -0.465145 0.358333
v 0.358333 -0.465145 0.325000
v 0.391667 -0.465145 0.325000
v 0.391667 -0.465145 0.341667
v 0.358333 -0.465145 0.341667
v 0.375000 -0.465145 0.308333
v 0.391667 -0.465145 0.308333
v 0.391667 -0.465145 0.325000
v 0.375000 -0.465145 0.325000
v 0.391667 -0.465145 -0.308333
v 0.408333 -0.465145 -0.308333
v 0.408333 -0.465145 -0.291667
v 0.391667 -0.465145 -0.291667
v 0.408333 -0.465145 -0.291667
v 0.425000 -0.465145 -0.291667
v 0.425000 -0.465145 -0.258333
v 0.408333 -0.465145 -0.258333
v 0.391667 -0.465145 0.291667
v 0.408333 -0.465145 0.291667
v 0.408333 -0.465145 0.308333
v 0.391667 -0.465145 0.308333
v 0.408333 -0.465145 0.258333
v 0.425000 -0.465145 0.258333
v 0.425000 -0.465145 0.291667
v 0.408333 -0.465145 0.291667
v 0.425000 -0.465145 -0.258333
v 0.441667 -0.465145 -0.258333
v 0.441667 -0.465145 -0.225000
v 0.425000 -0.465145 -0.225000
v 0.441667 -0.465145 -0.241667
v 0.458333 -0.465145 -0.241667
v 0.458333 -0.465145 -0.191667
v 0.441667 -0.465145 -0.191667
v 0.458333 -0.465145 -0.208333
v 0.475000 -0.465145 -0.208333
v 0.475000 -0.465145 -0.158333
v 0.458333 -0.465145 -0.158333
v 0.475000 -0.465145 -0.158333
v 0.491667 -0.465145 -0.158333
v 0.491667 -0.465145 -0.091667
v 0.475000 -0.465145 -0.091667
v 0.425000 -0.465145 0.225000
v 0.458333 -0.465145 0.225000
v 0.458333 -0.465145 0.241667
v 0.425000 -0.465145 0.241667
v 0.425000 -0.465145 0.241667
v 0.441667 -0.465145 0.241667
v 0.441667 -0.465145 0.258333
v 0.425000 -0.465145 0.258333
v 0.441667 -0.465145 0.191667
v 0.475000 -0.465145 0.191667
v 0.475000 -0.465145 0.208333
v 0.441667 -0.465145 0.208333
v 0.441667 -0.465145 0.208333
v 0.458333 -0.465145 0.208333
v 0.458333 -0.465145 0.225000
v 0.441667 -0.465145 0.225000
v 0.458333 -0.465145 0.158333
v 0.475000 -0.465145 0.158333
v 0.475000 -0.465145 0.191667
v 0.458333 -0.465145 0.191667
v 0.475000 -0.465145 0.091667
v 0.491667 -0.465145 0.091667
v 0.491667 -0.465145 0.158333
v 0.475000 -0.465145 0.158333
v 0.491667 -0.465145 -0.091667
v 0.508333 -0.465145 -0.091667
v 0.508333 -0.465145 0.091667
v 0.491667 -0.465145 0.091667
vt 0.000000 0.000000
vt 0.000000 31.000000
vt 1.000000 31.000000
vt 1.000000 0.000000
vt 0.000000 0.000000
vt 0.000000 31.000000
vt 1.000000 31.000000
vt 1.000000 0.000000
vt 0.000000 0.000000
vt 0.000000 31.000000
vt 1.000000 31.000000
vt 1.000000 0.000000
vt 0.000000 0.000000
vt 0.000000 31.000000
vt 1.000000 31.000000
vt 1.000000 0.000000
vt 0.000000 0.000000
vt 0.000000 31.000000
vt 1.000000 31.000000
vt 1.000000 0.000000
vt 0.000000 0.000000
vt 0.000000 31.000000
vt 1.000000 31.000000
vt 1.000000 0.000000
vt 0.000000 0.000000
vt 0.000000 31.000000
vt 1.000000 31.000000
vt 1.000000 0.000000
vt 0.000000 0.000000
vt 0.000000 31.000000
vt 1.000000 31.000000
vt 1.000000 0.000000
vt 0.000000 0.000000
vt 0.000000 31.000000
vt 1.000000 31.000000
vt 1.000000 0.000000
vt 0.000000 0.000000
vt 0.000000 31.000000
vt 1.000000 31.000000
vt 1.000000 0.000000
vt 0.000000 0.000000
vt 0.000000 31.000000
vt 1.000000 31.000000
vt 1.000000 0.000000
vt 0.000000 0.000000
vt 0.000000 31.000000
vt 1.000000 31.000000
vt 1.000000 0.000000
vt 0.000000 0.000000
vt 0.000000 31.000000
vt 1.000000 31.000000
vt 1.000000 0.000000
vt 0.000000 0.000000
vt 0.000000 31.000000
vt 1.000000 31.000000
vt 1.000000 0.000000
vt 0.000000 0.000000
vt 0.000000 31.000000
vt 1.000000 31.000000
vt 1.000000 0.000000
vt 0.000000 0.000000
vt 0.000000 31.000000
vt 1.000000 31.000000
vt 1.000000 0.000000
vt 0.000000 0.000000
vt 0.000000 31.000000
vt 1.000000 31.000000
vt 1.000000 0.000000
vt 0.000000 0.000000
vt 0.000000 31.000000
vt 1.000000 31.000000
vt 1.000000 0.000000
vt 0.000000 0.000000
vt 0.000000 31.000000
vt 1.000000 31.000000
vt 1.000000 0.000000
vt 0.000000 0.000000
vt 0.000000 31.000000
vt 1.000000 31.000000
vt 1.000000 0.000000
vt 0.000000 0.000000
vt 0.000000 31.000000
vt 1.000000 31.000000
vt 1.000000 0.000000
vt 0.000000 0.000000
vt 0.000000 31.000000
vt 1.000000 31.000000
vt 1.000000 0.000000
vt 0.000000 0.000000
vt 0.000000 31.000000
vt 1.000000 31.000000
vt 1.000000 0.000000
vt 0.000000 0.000000
vt 0.000000 31.000000
vt 1.000000 31.000000
vt 1.000000 0.000000
vt 0.000000 0.000000
vt 0.000000 31.000000
vt 1.000000 31.000000
vt 1.000000 0.000000
vt 0.000000 0.000000
vt 0.000000 31.000000
vt 1.000000 31.000000
vt 1.000000 0.000000
vt 0.000000 0.000000
vt 0.000000 31.000000
vt 1.000000 31.000000
vt 1.000000 0.000000
vt 0.000000 0.000000
vt 0.000000 31.000000
vt 1.000000 31.000000
vt 1.000000 0.000000
vt 0.000000 0.000000
vt 0.000000 31.000000
vt 1.000000 31.000000
vt 1.000000 0.000000
vt 0.000000 0.000000
vt 0.000000 31.000000
vt 1.000000 31.000000
vt 1.000000 0.000000
vt 0.000000 0.000000
vt 0.000000 31.000000
vt 1.000000 31.000000
vt 1.000000 0.000000
vt 0.000000 0.000000
vt 0.000000 31.000000
vt 1.000000 31.000000
vt 1.000000 0.000000
vt 0.000000 0.000000
vt 0.000000 31.000000
vt 1.000000 31.000000
vt 1.000000 0.000000
vt 0.000000 0.000000
vt 0.000000 31.000000
vt 1.000000 31.000000
vt 1.000000 0.000000
vt 0.000000 0.000000
vt 0.000000 31.000000
vt 1.000000 31.000000
vt 1.000000 0.000000
vt 0.000000 0.000000
vt 0.000000 31.000000
vt 1.000000 31.000000
vt 1.000000 0.000000
vt 0.000000 0.000000
vt 0.000000 31.000000
vt 1.000000 31.000000
vt 1.000000 0.000000
vt 0.000000 0.000000
vt 0.000000 31.000000
vt 1.000000 31.000000
vt 1.000000 0.000000
vt 0.000000 0.000000
vt 0.000000 31.000000
vt 1.000000 31.000000
vt 1.000000 0.000000
vt 0.000000 0.000000
vt 0.000000 31.000000
vt 1.000000 31.000000
vt 1.000000 0.000000
vt 0.000000 0.000000
vt 0.000000 31.000000
vt 1.000000 31.000000
vt 1.000000 0.000000
vt 0.000000 0.000000
vt 0.000000 31.000000
vt 1.000000 31.000000
vt 1.000000 0.000000
vt 0.000000 0.000000
vt 0.000000 31.000000
vt 1.000000 31.000000
vt 1.000000 0.000000
vt 0.000000 0.000000
vt 0.000000 31.000000
vt 1.000000 31.000000
vt 1.000000 0.000000
vt 0.000000 0.000000
vt 0.000000 31.000000
vt 2.000000 31.000000
vt 2.000000 0.000000
vt 0.000000 0.000000
vt 0.000000 31.000000
vt 2.000000 31.000000
vt 2.000000 0.000000
vt 0.000000 0.000000
vt 0.000000 31.000000
vt 1.000000 31.000000
vt 1.000000 0.000000
vt 0.000000 0.000000
vt 0.000000 31.000000
vt 1.000000 31.000000
vt 1.000000 0.000000
vt 0.000000 0.000000
vt 0.000000 31.000000
vt 2.000000 31.000000
vt 2.000000 0.000000
vt 0.000000 0.000000
vt 0.000000 31.000000
vt 2.000000 31.000000
vt 2.000000 0.000000
vt 0.000000 0.000000
vt 0.000000 31.000000
vt 2.000000 31.000000
vt 2.000000 0.000000
vt 0.000000 0.000000
vt 0.000000 31.000000
vt 2.000000 31.000000
vt 2.000000 0.000000
vt 0.000000 0.000000
vt 0.000000 31.000000
vt 2.000000 31.000000
vt 2.000000 0.000000
vt 0.000000 0.000000
vt 0.000000 31.000000
vt 2.000000 31.000000
vt 2.000000 0.000000
vt 0.000000 0.000000
vt 0.000000 31.000000
vt 2.000000 31.000000
vt 2.000000 0.000000
vt 0.000000 0.000000
vt 0.000000 31.000000
vt 2.000000 31.000000
vt 2.000000 0.000000
vt 0.000000 0.000000
vt 0.000000 31.000000
vt 2.000000 31.000000
vt 2.000000 0.000000
vt 0.000000 0.000000
vt 0.000000 31.000000
vt 2.000000 31.000000
vt 2.000000 0.000000
vt 0.000000 0.000000
vt 0.000000 31.000000
vt 4.000000 31.000000
vt 4.000000 0.000000
vt 0.000000 0.000000
vt 0.000000 31.000000
vt 4.000000 31.000000
vt 4.000000 0.000000
vt 0.000000 0.000000
vt 0.000000 31.000000
vt 1.000000 31.000000
vt 1.000000 0.000000
vt 0.000000 0.000000
vt 0.000000 31.000000
vt 1.000000 31.000000
vt 1.000000 0.000000
vt 0.000000 0.000000
vt 0.000000 31.000000
vt 2.000000 31.000000
vt 2.000000 0.000000
vt 0.000000 0.000000
vt 0.000000 31.000000
vt 2.000000 31.000000
vt 2.000000 0.000000
vt 0.000000 0.000000
vt 0.000000 31.000000
vt 3.000000 31.000000
vt 3.000000 0.000000
vt 0.000000 0.000000
vt 0.000000 31.000000
vt 3.000000 31.000000
vt 3.000000 0.000000
vt 0.000000 0.000000
vt 0.000000 31.000000
vt 4.000000 31.000000
vt 4.000000 0.000000
vt 0.000000 0.000000
vt 0.000000 31.000000
vt 4.000000 31.000000
vt 4.000000 0.000000
vt 0.000000 0.000000
vt 0.000000 31.000000
vt 11.000000 31.000000
vt 11.000000 0.000000
vt 0.000000 0.000000
vt 0.000000 31.000000
vt 11.000000 31.000000
vt 11.000000 0.000000
vt 0.000000 0.000000
vt 0.000000 31.000000
vt 1.000000 31.000000
vt 1.000000 0.000000
vt 0.000000 0.000000
vt 0.000000 31.000000
vt 1.000000 31.000000
vt 1.000000 0.000000
vt 0.000000 0.000000
vt 0.000000 31.000000
vt 1.000000 31.000000
vt 1.000000 0.000000
vt 0.000000 0.000000
vt 0.000000 31.000000
vt 1.000000 31.000000
vt 1.000000 0.000000
vt 0.000000 0.000000
vt 0.000000 31.000000
vt 1.000000 31.000000
vt 1.000000 0.000000
vt 0.000000 0.000000
vt 0.000000 31.000000
vt 1.000000 31.000000
vt 1.000000 0.000000
vt 0.000000 0.000000
vt 0.000000 31.000000
vt 1.000000 31.000000
vt 1.000000 0.000000
vt 0.000000 0.000000
vt 0.000000 31.000000
vt 1.000000 31.000000
vt 1.000000 0.000000
vt 0.000000 0.000000
vt 0.000000 31.000000
vt 1.000000 31.000000
vt 1.000000 0.000000
vt 0.000000 0.000000
vt 0.000000 31.000000
vt 1.000000 31.000000
vt 1.000000 0.000000
vt 0.000000 0.000000
vt 0.000000 31.000000
vt 1.000000 31.000000
vt 1.000000 0.000000
vt 0.000000 0.000000
vt 0.000000 31.000000
vt 1.000000 31.000000
vt 1.000000 0.000000
vt 0.000000 0.000000
vt 0.000000 31.000000
vt 1.000000 31.000000
vt 1.000000 0.000000
vt 0.000000 0.000000
vt 0.000000 31.000000
vt 1.000000 31.000000
vt 1.000000 0.000000
vt 0.000000 0.000000
vt 0.000000 31.000000
vt 1.000000 31.000000
vt 1.000000 0.000000
vt 0.000000 0.000000
vt 0.000000 31.000000
vt 1.000000 31.000000
vt 1.000000 0.000000
vt 0.000000 0.000000
vt 0.000000 31.000000
vt 1.000000 31.000000
vt 1.000000 0.000000
vt 0.000000 0.000000
vt 0.000000 31.000000
vt 1.000000 31.000000
vt 1.000000 0.000000
vt 0.000000 0.000000
vt 0.000000 31.000000
vt 1.000000 31.000000
vt 1.000000 0.000000
vt 0.000000 0.000000
vt 0.000000 31.000000
vt 1.000000 31.000000
vt 1.000000 0.000000
vt 0.000000 0.000000
vt 0.000000 31.000000
vt 1.000000 31.000000
vt 1.000000 0.000000
vt 0.000000 0.000000
vt 0.000000 31.000000
vt 1.000000 31.000000
vt 1.000000 0.000000
vt 0.000000 0.000000
vt 0.000000 31.000000
vt 1.000000 31.000000
vt 1.000000 0.000000
vt 0.000000 0.000000
vt 0.000000 31.000000
vt 1.000000 31.000000
vt 1.000000 0.000000
vt 0.000000 0.000000
vt 0.000000 31.000000
vt 1.000000 31.000000
vt 1.000000 0.000000
vt 0.000000 0.000000
vt 0.000000 31.000000
vt 1.000000 31.000000
vt 1.000000 0.000000
vt 0.000000 0.000000
vt 0.000000 31.000000
vt 1.000000 31.000000
vt 1.000000 0.000000
vt 0.000000 0.000000
vt 0.000000 31.000000
vt 1.000000 31.000000
vt 1.000000 0.000000
vt 0.000000 0.000000
vt 0.000000 31.000000
vt 1.000000 31.000000
vt 1.000000 0.000000
vt 0.000000 0.000000
vt 0.000000 31.000000
vt 1.000000 31.000000
vt 1.000000 0.000000
vt 0.000000 0.000000
vt 0.000000 31.000000
vt 2.000000 31.000000
vt 2.000000 0.000000
vt 0.000000 0.000000
vt 0.000000 31.000000
vt 2.000000 31.000000
vt 2.000000 0.000000
vt 0.000000 0.000000
vt 0.000000 31.000000
vt 1.000000 31.000000
vt 1.000000 0.000000
vt 0.000000 0.000000
vt 0.000000 31.000000
vt 1.000000 31.000000
vt 1.000000 0.000000
vt 0.000000 0.000000
vt 0.000000 31.000000
vt 1.000000 31.000000
vt 1.000000 0.000000
vt 0.000000 0.000000
vt 0.000000 31.000000
vt 1.000000 31.000000
vt 1.000000 0.000000
vt 0.000000 0.000000
vt 0.000000 31.000000
vt 1.000000 31.000000
vt 1.000000 0.000000
vt 0.000000 0.000000
vt 0.000000 31.000000
vt 1.000000 31.000000
vt 1.000000 0.000000
vt 0.000000 0.000000
vt 0.000000 31.000000
vt 1.000000 31.000000
vt 1.000000 0.000000
vt 0.000000 0.000000
vt 0.000000 31.000000
vt 1.000000 31.000000
vt 1.000000 0.000000
vt 0.000000 0.000000
vt 0.000000 31.000000
vt 1.000000 31.000000
vt 1.000000 0.000000
vt 0.000000 0.000000
vt 0.000000 31.000000
vt 1.000000 31.000000
vt 1.000000 0.000000
vt 0.000000 0.000000
vt 0.000000 31.000000
vt 1.000000 31.000000
vt 1.000000 0.000000
vt 0.000000 0.000000
vt 0.000000 31.000000
vt 1.000000 31.000000
vt 1.000000 0.000000
vt 0.000000 0.000000
vt 0.000000 31.000000
vt 1.000000 31.000000
vt 1.000000 0.000000
vt 0.000000 0.000000
vt 0.000000 31.000000
vt 1.000000 31.000000
vt 1.000000 0.000000
vt 0.000000 0.000000
vt 0.000000 31.000000
vt 1.000000 31.000000
vt 1.000000 0.000000
vt 0.000000 0.000000
vt 0.000000 31.000000
vt 1.000000 31.000000
vt 1.000000 0.000000
vt 0.000000 0.000000
vt 0.000000 31.000000
vt 2.000000 31.000000
vt 2.000000 0.000000
vt 0.000000 0.000000
vt 0.000000 31.000000
vt 2.000000 31.000000
vt 2.000000 0.000000
vt 0.000000 0.000000
vt 0.000000 31.000000
vt 2.000000 31.000000
vt 2.000000 0.000000
vt 0.000000 0.000000
vt 0.000000 31.000000
vt 2.000000 31.000000
vt 2.000000 0.000000
vt 0.000000 0.000000
vt 0.000000 31.000000
vt 1.000000 31.000000
vt 1.000000 0.000000
vt 0.000000 0.000000
vt 0.000000 31.000000
vt 1.000000 31.000000
vt 1.000000 0.000000
vt 0.000000 0.000000
vt 0.000000 31.000000
vt 2.000000 31.000000
vt 2.000000 0.000000
vt 0.000000 0.000000
vt 0.000000 31.000000
vt 2.000000 31.000000
vt 2.000000 0.000000
vt 0.000000 0.000000
vt 0.000000 31.000000
vt 3.000000 31.000000
vt 3.000000 0.000000
vt 0.000000 0.000000
vt 0.000000 31.000000
vt 3.000000 31.000000
vt 3.000000 0.000000
vt 0.000000 0.000000
vt 0.000000 31.000000
vt 4.000000 31.000000
vt 4.000000 0.000000
vt 0.000000 0.000000
vt 0.000000 31.000000
vt 4.000000 31.000000
vt 4.000000 0.000000
vt 0.000000 0.000000
vt 0.000000 31.000000
vt 2.000000 31.000000
vt 2.000000 0.000000
vt 0.000000 0.000000
vt 0.000000 31.000000
vt 2.000000 31.000000
vt 2.000000 0.000000
vt 0.000000 0.000000
vt 0.000000 31.000000
vt 2.000000 31.000000
vt 2.000000 0.000000
vt 0.000000 0.000000
vt 0.000000 31.000000
vt 2.000000 31.000000
vt 2.000000 0.000000
vt 0.000000 0.000000
vt 0.000000 31.000000
vt 2.000000 31.000000
vt 2.000000 0.000000
vt 0.000000 0.000000
vt 0.000000 31.000000
vt 2.000000 31.000000
vt 2.000000 0.000000
vt 0.000000 0.000000
vt 0.000000 31.000000
vt 4.000000 31.000000
vt 4.000000 0.000000
vt 0.000000 0.000000
vt 0.000000 31.000000
vt 4.000000 31.000000
vt 4.000000 0.000000
vt 0.000000 0.000000
vt 0.000000 31.000000
vt 11.000000 31.000000
vt 11.000000 0.000000
vt 0.000000 0.000000
vt 0.000000 31.000000
vt 11.000000 31.000000
vt 11.000000 0.000000
vt 0.000000 0.000000
vt 0.000000 31.000000
vt 11.000000 31.000000
vt 11.000000 0.000000
vt 0.000000 0.000000
vt 0.000000 31.000000
vt 4.000000 31.000000
vt 4.000000 0.000000
vt 0.000000 0.000000
vt 0.000000 31.000000
vt 4.000000 31.000000
vt 4.000000 0.000000
vt 0.000000 0.000000
vt 0.000000 31.000000
vt 2.000000 31.000000
vt 2.000000 0.000000
vt 0.000000 0.000000
vt 0.000000 31.000000
vt 2.000000 31.000000
vt 2.000000 0.000000
vt 0.000000 0.000000
vt 0.000000 31.000000
vt 2.000000 31.000000
vt 2.000000 0.000000
vt 0.000000 0.000000
vt 0.000000 31.000000
vt 2.000000 31.000000
vt 2.000000 0.000000
vt 0.000000 0.000000
vt 0.000000 31.000000
vt 2.000000 31.000000
vt 2.000000 0.000000
vt 0.000000 0.000000
vt 0.000000 31.000000
vt 2.000000 31.000000
vt 2.000000 0.000000
vt 0.000000 0.000000
vt 0.000000 31.000000
vt 2.000000 31.000000
vt 2.000000 0.000000
vt 0.000000 0.000000
vt 0.000000 31.000000
vt 2.000000 31.000000
vt 2.000000 0.000000
vt 0.000000 0.000000
vt 0.000000 31.000000
vt 1.000000 31.000000
vt 1.000000 0.000000
vt 0.000000 0.000000
vt 0.000000 31.000000
vt 1.000000 31.000000
vt 1.000000 0.000000
vt 0.000000 0.000000
vt 0.000000 31.000000
vt 1.000000 31.000000
vt 1.000000 0.000000
vt 0.000000 0.000000
vt 0.000000 31.000000
vt 1.000000 31.000000
vt 1.000000 0.000000
vt 0.000000 0.000000
vt 0.000000 31.000000
vt 1.000000 31.000000
vt 1.000000 0.000000
vt 0.000000 0.000000
vt 0.000000 31.000000
vt 1.000000 31.000000
vt 1.000000 0.000000
vt 0.000000 0.000000
vt 0.000000 31.000000
vt 1.000000 31.000000
vt 1.000000 0.000000
vt 0.000000 0.000000
vt 0.000000 31.000000
vt 1.000000 31.000000
vt 1.000000 0.000000
vt 0.000000 0.000000
vt 0.000000 31.000000
vt 1.000000 31.000000
vt 1.000000 0.000000
vt 0.000000 0.000000
vt 0.000000 31.000000
vt 1.000000 31.000000
vt 1.000000 0.000000
vt 0.000000 0.000000
vt 0.000000 31.000000
vt 1.000000 31.000000
vt 1.000000 0.000000
vt 0.000000 0.000000
vt 0.000000 31.000000
vt 1.000000 31.000000
vt 1.000000 0.000000
vt 0.000000 0.000000
vt 0.000000 31.000000
vt 1.000000 31.000000
vt 1.000000 0.000000
vt 0.000000 0.000000
vt 0.000000 31.000000
vt 1.000000 31.000000
vt 1.000000 0.000000
vt 0.000000 0.000000
vt 0.000000 31.000000
vt 1.000000 31.000000
vt 1.000000 0.000000
vt 0.000000 0.000000
vt 0.000000 31.000000
vt 1.000000 31.000000
vt 1.000000 0.000000
vt 0.000000 0.000000
vt 0.000000 31.000000
vt 1.000000 31.000000
vt 1.000000 0.000000
vt 0.000000 0.000000
vt 0.000000 31.000000
vt 1.000000 31.000000
vt 1.000000 0.000000
vt 0.000000 0.000000
vt 0.000000 31.000000
vt 1.000000 31.000000
vt 1.000000 0.000000
vt 0.000000 0.000000
vt 0.000000 31.000000
vt 1.000000 31.000000
vt 1.000000 0.000000
vt 0.000000 0.000000
vt 0.000000 31.000000
vt 1.000000 31.000000
vt 1.000000 0.000000
vt 0.000000 0.000000
vt 0.000000 31.000000
vt 1.000000 31.000000
vt 1.000000 0.000000
vt 0.000000 0.000000
vt 0.000000 31.000000
vt 1.000000 31.000000
vt 1.000000 0.000000
vt 0.000000 0.000000
vt 0.000000 31.000000
vt 1.000000 31.000000
vt 1.000000 0.000000
vt 0.000000 0.000000
vt 0.000000 31.000000
vt 1.000000 31.000000
vt 1.000000 0.000000
vt 0.000000 0.000000
vt 0.000000 31.000000
vt 1.000000 31.000000
vt 1.000000 0.000000
vt 0.000000 0.000000
vt 0.000000 31.000000
vt 1.000000 31.000000
vt 1.000000 0.000000
vt 0.000000 0.000000
vt 0.000000 31.000000
vt 1.000000 31.000000
vt 1.000000 0.000000
vt 0.000000 0.000000
vt 0.000000 31.000000
vt 1.000000 31.000000
vt 1.000000 0.000000
vt 0.000000 0.000000
vt 0.000000 31.000000
vt 1.000000 31.000000
vt 1.000000 0.000000
vt 0.000000 0.000000
vt 0.000000 31.000000
vt 1.000000 31.000000
vt 1.000000 0.000000
vt 0.000000 0.000000
vt 0.000000 31.000000
vt 1.000000 31.000000
vt 1.000000 0.000000
vt 0.000000 0.000000
vt 0.000000 31.000000
vt 1.000000 31.000000
vt 1.000000 0.000000
vt 0.000000 0.000000
vt 0.000000 31.000000
vt 1.000000 31.000000
vt 1.000000 0.000000
vt 0.000000 0.000000
vt 0.000000 31.000000
vt 1.000000 31.000000
vt 1.000000 0.000000
vt 0.000000 0.000000
vt 0.000000 31.000000
vt 1.000000 31.000000
vt 1.000000 0.000000
vt 0.000000 0.000000
vt 0.000000 31.000000
vt 1.000000 31.000000
vt 1.000000 0.000000
vt 0.000000 0.000000
vt 0.000000 31.000000
vt 1.000000 31.000000
vt 1.000000 0.000000
vt 0.000000 0.000000
vt 0.000000 31.000000
vt 1.000000 31.000000
vt 1.000000 0.000000
vt 0.000000 0.000000
vt 0.000000 31.000000
vt 1.000000 31.000000
vt 1.000000 0.000000
vt 0.000000 0.000000
vt 0.000000 31.000000
vt 1.000000 31.000000
vt 1.000000 0.000000
vt 0.000000 0.000000
vt 0.000000 31.000000
vt 1.000000 31.000000
vt 1.000000 0.000000
vt 0.000000 0.000000
vt 0.000000 31.000000
vt 1.000000 31.000000
vt 1.000000 0.000000
vt 0.000000 0.000000
vt 0.000000 31.000000
vt 1.000000 31.000000
vt 1.000000 0.000000
vt 0.000000 0.000000
vt 0.000000 31.000000
vt 2.000000 31.000000
vt 2.000000 0.000000
vt 0.000000 0.000000
vt 0.000000 31.000000
vt 2.000000 31.000000
vt 2.000000 0.000000
vt 0.000000 0.000000
vt 0.000000 31.000000
vt 1.000000 31.000000
vt 1.000000 0.000000
vt 0.000000 0.000000
vt 0.000000 31.000000
vt 1.000000 31.000000
vt 1.000000 0.000000
vt 0.000000 0.000000
vt 0.000000 31.000000
vt 2.000000 31.000000
vt 2.000000 0.000000
vt 0.000000 0.000000
vt 0.000000 31.000000
vt 2.000000 31.000000
vt 2.000000 0.000000
vt 0.000000 0.000000
vt 0.000000 31.000000
vt 1.000000 31.000000
vt 1.000000 0.000000
vt 0.000000 0.000000
vt 0.000000 31.000000
vt 1.000000 31.000000
vt 1.000000 0.000000
vt 0.000000 0.000000
vt 0.000000 31.000000
vt 2.000000 31.000000
vt 2.000000 0.000000
vt 0.000000 0.000000
vt 0.000000 31.000000
vt 2.000000 31.000000
vt 2.000000 0.000000
vt 0.000000 0.000000
vt 0.000000 31.000000
vt 3.000000 31.000000
vt 3.000000 0.000000
vt 0.000000 0.000000
vt 0.000000 31.000000
vt 3.000000 31.000000
vt 3.000000 0.000000
vt 0.000000 0.000000
vt 0.000000 31.000000
vt 4.000000 31.000000
vt 4.000000 0.000000
vt 0.000000 0.000000
vt 0.000000 31.000000
vt 4.000000 31.000000
vt 4.000000 0.000000
vt 0.000000 0.000000
vt 0.000000 31.000000
vt 11.000000 31.000000
vt 11.000000 0.000000
vt 0.000000 0.000000
vt 0.000000 31.000000
vt 11.000000 31.000000
vt 11.000000 0.000000
vt 0.000000 0.000000
vt 0.000000 31.000000
vt 4.000000 31.000000
vt 4.000000 0.000000
vt 0.000000 0.000000
vt 0.000000 31.000000
vt 4.000000 31.000000
vt 4.000000 0.000000
vt 0.000000 0.000000
vt 0.000000 31.000000
vt 3.000000 31.000000
vt 3.000000 0.000000
vt 0.000000 0.000000
vt 0.000000 31.000000
vt 3.000000 31.000000
vt 3.000000 0.000000
vt 0.000000 0.000000
vt 0.000000 31.000000
vt 2.000000 31.000000
vt 2.000000 0.000000
vt 0.000000 0.000000
vt 0.000000 31.000000
vt 2.000000 31.000000
vt 2.000000 0.000000
vt 0.000000 0.000000
vt 0.000000 31.000000
vt 1.000000 31.000000
vt 1.000000 0.000000
vt 0.000000 0.000000
vt 0.000000 31.000000
vt 1.000000 31.000000
vt 1.000000 0.000000
vt 0.000000 0.000000
vt 0.000000 31.000000
vt 2.000000 31.000000
vt 2.000000 0.000000
vt 0.000000 0.000000
vt 0.000000 31.000000
vt 2.000000 31.000000
vt 2.000000 0.000000
vt 0.000000 0.000000
vt 0.000000 31.000000
vt 1.000000 31.000000
vt 1.000000 0.000000
vt 0.000000 0.000000
vt 0.000000 31.000000
vt 1.000000 31.000000
vt 1.000000 0.000000
vt 0.000000 0.000000
vt 0.000000 31.000000
vt 2.000000 31.000000
vt 2.000000 0.000000
vt 0.000000 0.000000
vt 0.000000 31.000000
vt 2.000000 31.000000
vt 2.000000 0.000000
vt 0.000000 0.000000
vt 0.000000 31.000000
vt 1.000000 31.000000
vt 1.000000 0.000000
vt 0.000000 0.000000
vt 0.000000 31.000000
vt 1.000000 31.000000
vt 1.000000 0.000000
vt 0.000000 0.000000
vt 0.000000 31.000000
vt 1.000000 31.000000
vt 1.000000 0.000000
vt 0.000000 0.000000
vt 0.000000 31.000000
vt 1.000000 31.000000
vt 1.000000 0.000000
vt 0.000000 0.000000
vt 0.000000 31.000000
vt 1.000000 31.000000
vt 1.000000 0.000000
vt 0.000000 0.000000
vt 0.000000 31.000000
vt 1.000000 31.000000
vt 1.000000 0.000000
vt 0.000000 0.000000
vt 0.000000 31.000000
vt 1.000000 31.000000
vt 1.000000 0.000000
vt 0.000000 0.000000
vt 0.000000 31.000000
vt 1.000000 31.000000
vt 1.000000 0.000000
vt 0.000000 0.000000
vt 0.000000 31.000000
vt 1.000000 31.000000
vt 1.000000 0.000000
vt 0.000000 0.000000
vt 0.000000 31.000000
vt 1.000000 31.000000
vt 1.000000 0.000000
vt 0.000000 0.000000
vt 0.000000 31.000000
vt 1.000000 31.000000
vt 1.000000 0.000000
vt 0.000000 0.000000
vt 0.000000 31.000000
vt 1.000000 31.000000
vt 1.000000 0.000000
vt 0.000000 0.000000
vt 0.000000 31.000000
vt 1.000000 31.000000
vt 1.000000 0.000000
vt 0.000000 0.000000
vt 0.000000 31.000000
vt 1.000000 31.000000
vt 1.000000 0.000000
vt 0.000000 0.000000
vt 0.000000 31.000000
vt 1.000000 31.000000
vt 1.000000 0.000000
vt 0.000000 0.000000
vt 0.000000 31.000000
vt 1.000000 31.000000
vt 1.000000 0.000000
vt 0.000000 0.000000
vt 0.000000 31.000000
vt 1.000000 31.000000
vt 1.000000 0.000000
vt 0.000000 0.000000
vt 0.000000 31.000000
vt 1.000000 31.000000
vt 1.000000 0.000000
vt 0.000000 0.000000
vt 0.000000 31.000000
vt 1.000000 31.000000
vt 1.000000 0.000000
vt 0.000000 0.000000
vt 0.000000 31.000000
vt 1.000000 31.000000
vt 1.000000 0.000000
vt 0.000000 0.000000
vt 0.000000 31.000000
vt 1.000000 31.000000
vt 1.000000 0.000000
vt 0.000000 0.000000
vt 0.000000 31.000000
vt 1.000000 31.000000
vt 1.000000 0.000000
vt 0.000000 0.000000
vt 0.000000 31.000000
vt 1.000000 31.000000
vt 1.000000 0.000000
vt 0.000000 0.000000
vt 0.000000 31.000000
vt 1.000000 31.000000
vt 1.000000 0.000000
vt 0.000000 0.000000
vt 0.000000 31.000000
vt 1.000000 31.000000
vt 1.000000 0.000000
vt 0.000000 0.000000
vt 0.000000 31.000000
vt 1.000000 31.000000
vt 1.000000 0.000000
vt 0.000000 0.000000
vt 0.000000 31.000000
vt 1.000000 31.000000
vt 1.000000 0.000000
vt 0.000000 0.000000
vt 0.000000 31.000000
vt 1.000000 31.000000
vt 1.000000 0.000000
vt 0.000000 0.000000
vt 0.000000 31.000000
vt 1.000000 31.000000
vt 1.000000 0.000000
vt 0.000000 0.000000
vt 0.000000 31.000000
vt 1.000000 31.000000
vt 1.000000 0.000000
vt 0.000000 0.000000
vt 0.000000 31.000000
vt 1.000000 31.000000
vt 1.000000 0.000000
vt 0.000000 0.000000
vt 0.000000 31.000000
vt 1.000000 31.000000
vt 1.000000 0.000000
vt 0.000000 0.000000
vt 0.000000 31.000000
vt 1.000000 31.000000
vt 1.000000 0.000000
vt 0.000000 0.000000
vt 0.000000 31.000000
vt 1.000000 31.000000
vt 1.000000 0.000000
vt 0.000000 0.000000
vt 0.000000 31.000000
vt 1.000000 31.000000
vt 1.000000 0.000000
vt 0.000000 0.000000
vt 0.000000 31.000000
vt 1.000000 31.000000
vt 1.000000 0.000000
vt 0.000000 0.000000
vt 0.000000 31.000000
vt 1.000000 31.000000
vt 1.000000 0.000000
vt 0.000000 0.000000
vt 0.000000 31.000000
vt 1.000000 31.000000
vt 1.000000 0.000000
vt 0.000000 0.000000
vt 0.000000 31.000000
vt 1.000000 31.000000
vt 1.000000 0.000000
vt 0.000000 0.000000
vt 0.000000 31.000000
vt 1.000000 31.000000
vt 1.000000 0.000000
vt 0.000000 0.000000
vt 0.000000 31.000000
vt 1.000000 31.000000
vt 1.000000 0.000000
vt 0.000000 0.000000
vt 0.000000 31.000000
vt 1.000000 31.000000
vt 1.000000 0.000000
vt 0.000000 0.000000
vt 0.000000 31.000000
vt 1.000000 31.000000
vt 1.000000 0.000000
vt 0.000000 0.000000
vt 0.000000 31.000000
vt 1.000000 31.000000
vt 1.000000 0.000000
vt 0.000000 0.000000
vt 0.000000 31.000000
vt 2.000000 31.000000
vt 2.000000 0.000000
vt 0.000000 0.000000
vt 0.000000 31.000000
vt 2.000000 31.000000
vt 2.000000 0.000000
vt 0.000000 0.000000
vt 0.000000 31.000000
vt 2.000000 31.000000
vt 2.000000 0.000000
vt 0.000000 0.000000
vt 0.000000 31.000000
vt 2.000000 31.000000
vt 2.000000 0.000000
vt 0.000000 0.000000
vt 0.000000 31.000000
vt 2.000000 31.000000
vt 2.000000 0.000000
vt 0.000000 0.000000
vt 0.000000 31.000000
vt 2.000000 31.000000
vt 2.000000 0.000000
vt 0.000000 0.000000
vt 0.000000 31.000000
vt 2.000000 31.000000
vt 2.000000 0.000000
vt 0.000000 0.000000
vt 0.000000 31.000000
vt 2.000000 31.000000
vt 2.000000 0.000000
vt 0.000000 0.000000
vt 0.000000 31.000000
vt 4.000000 31.000000
vt 4.000000 0.000000
vt 0.000000 0.000000
vt 0.000000 31.000000
vt 4.000000 31.000000
vt 4.000000 0.000000
vt 0.000000 0.000000
vt 0.000000 31.000000
vt 11.000000 31.000000
vt 11.000000 0.000000
vt 0.000000 0.000000
vt 0.000000 11.000000
vt 1.000000 11.000000
vt 1.000000 0.000000
vt 0.000000 0.000000
vt 0.000000 4.000000
vt 1.000000 4.000000
vt 1.000000 0.000000
vt 0.000000 0.000000
vt 0.000000 4.000000
vt 1.000000 4.000000
vt 1.000000 0.000000
vt 0.000000 0.000000
vt 0.000000 1.000000
vt 2.000000 1.000000
vt 2.000000 0.000000
vt 0.000000 0.000000
vt 0.000000 2.000000
vt 1.000000 2.000000
vt 1.000000 0.000000
vt 0.000000 0.000000
vt 0.000000 1.000000
vt 2.000000 1.000000
vt 2.000000 0.000000
vt 0.000000 0.000000
vt 0.000000 1.000000
vt 1.000000 1.000000
vt 1.000000 0.000000
vt 0.000000 0.000000
vt 0.000000 1.000000
vt 1.000000 1.000000
vt 1.000000 0.000000
vt 0.000000 0.000000
vt 0.000000 2.000000
vt 1.000000 2.000000
vt 1.000000 0.000000
vt 0.000000 0.000000
vt 0.000000 3.000000
vt 1.000000 3.000000
vt 1.000000 0.000000
vt 0.000000 0.000000
vt 0.000000 3.000000
vt 1.000000 3.000000
vt 1.000000 0.000000
vt 0.000000 0.000000
vt 0.000000 2.000000
vt 1.000000 2.000000
vt 1.000000 0.000000
vt 0.000000 0.000000
vt 0.000000 2.000000
vt 1.000000 2.000000
vt 1.000000 0.000000
vt 0.000000 0.000000
vt 0.000000 1.000000
vt 1.000000 1.000000
vt 1.000000 0.000000
vt 0.000000 0.000000
vt 0.000000 1.000000
vt 2.000000 1.000000
vt 2.000000 0.000000
vt 0.000000 0.000000
vt 0.000000 1.000000
vt 1.000000 1.000000
vt 1.000000 0.000000
vt 0.000000 0.000000
vt 0.000000 1.000000
vt 2.000000 1.000000
vt 2.000000 0.000000
vt 0.000000 0.000000
vt 0.000000 1.000000
vt 2.000000 1.000000
vt 2.000000 0.000000
vt 0.000000 0.000000
vt 0.000000 1.000000
vt 2.000000 1.000000
vt 2.000000 0.000000
vt 0.000000 0.000000
vt 0.000000 1.000000
vt 1.000000 1.000000
vt 1.000000 0.000000
vt 0.000000 0.000000
vt 0.000000 1.000000
vt 1.000000 1.000000
vt 1.000000 0.000000
vt 0.000000 0.000000
vt 0.000000 2.000000
vt 1.000000 2.000000
vt 1.000000 0.000000
vt 0.000000 0.000000
vt 0.000000 2.000000
vt 1.000000 2.000000
vt 1.000000 0.000000
vt 0.000000 0.000000
vt 0.000000 2.000000
vt 1.000000 2.000000
vt 1.000000 0.000000
vt 0.000000 0.000000
vt 0.000000 2.000000
vt 1.000000 2.000000
vt 1.000000 0.000000
vt 0.000000 0.000000
vt 0.000000 1.000000
vt 1.000000 1.000000
vt 1.000000 0.000000
vt 0.000000 0.000000
vt 0.000000 1.000000
vt 1.000000 1.000000
vt 1.000000 0.000000
vt 0.000000 0.000000
vt 0.000000 1.000000
vt 2.000000 1.000000
vt 2.000000 0.000000
vt 0.000000 0.000000
vt 0.000000 1.000000
vt 2.000000 1.000000
vt 2.000000 0.000000
vt 0.000000 0.000000
vt 0.000000 1.000000
vt 2.000000 1.000000
vt 2.000000 0.000000
vt 0.000000 0.000000
vt 0.000000 1.000000
vt 3.000000 1.000000
vt 3.000000 0.000000
vt 0.000000 0.000000
vt 0.000000 1.000000
vt 3.000000 1.000000
vt 3.000000 0.000000
vt 0.000000 0.000000
vt 0.000000 1.000000
vt 4.000000 1.000000
vt 4.000000 0.000000
vt 0.000000 0.000000
vt 0.000000 1.000000
vt 2.000000 1.000000
vt 2.000000 0.000000
vt 0.000000 0.000000
vt 0.000000 1.000000
vt 3.000000 1.000000
vt 3.000000 0.000000
vt 0.000000 0.000000
vt 0.000000 1.000000
vt 3.000000 1.000000
vt 3.000000 0.000000
vt 0.000000 0.000000
vt 0.000000 1.000000
vt 4.000000 1.000000
vt 4.000000 0.000000
vt 0.000000 0.000000
vt 0.000000 1.000000
vt 11.000000 1.000000
vt 11.000000 0.000000
vt 0.000000 0.000000
vt 0.000000 1.000000
vt 11.000000 1.000000
vt 11.000000 0.000000
vt 0.000000 0.000000
vt 0.000000 1.000000
vt 4.000000 1.000000
vt 4.000000 0.000000
vt 0.000000 0.000000
vt 0.000000 1.000000
vt 4.000000 1.000000
vt 4.000000 0.000000
vt 0.000000 0.000000
vt 0.000000 1.000000
vt 3.000000 1.000000
vt 3.000000 0.000000
vt 0.000000 0.000000
vt 0.000000 1.000000
vt 3.000000 1.000000
vt 3.000000 0.000000
vt 0.000000 0.000000
vt 0.000000 1.000000
vt 2.000000 1.000000
vt 2.000000 0.000000
vt 0.000000 0.000000
vt 0.000000 1.000000
vt 3.000000 1.000000
vt 3.000000 0.000000
vt 0.000000 0.000000
vt 0.000000 1.000000
vt 3.000000 1.000000
vt 3.000000 0.000000
vt 0.000000 0.000000
vt 0.000000 1.000000
vt 2.000000 1.000000
vt 2.000000 0.000000
vt 0.000000 0.000000
vt 0.000000 1.000000
vt 2.000000 1.000000
vt 2.000000 0.000000
vt 0.000000 0.000000
vt 0.000000 1.000000
vt 2.000000 1.000000
vt 2.000000 0.000000
vt 0.000000 0.000000
vt 0.000000 1.000000
vt 1.000000 1.000000
vt 1.000000 0.000000
vt 0.000000 0.000000
vt 0.000000 1.000000
vt 1.000000 1.000000
vt 1.000000 0.000000
vt 0.000000 0.000000
vt 0.000000 1.000000
vt 2.000000 1.000000
vt 2.000000 0.000000
vt 0.000000 0.000000
vt 0.000000 1.000000
vt 2.000000 1.000000
vt 2.000000 0.000000
vt 0.000000 0.000000
vt 0.000000 1.000000
vt 2.000000 1.000000
vt 2.000000 0.000000
vt 0.000000 0.000000
vt 0.000000 1.000000
vt 2.000000 1.000000
vt 2.000000 0.000000
vt 0.000000 0.000000
vt 0.000000 1.000000
vt 1.000000 1.000000
vt 1.000000 0.000000
vt 0.000000 0.000000
vt 0.000000 1.000000
vt 2.000000 1.000000
vt 2.000000 0.000000
vt 0.000000 0.000000
vt 0.000000 1.000000
vt 2.000000 1.000000
vt 2.000000 0.000000
vt 0.000000 0.000000
vt 0.000000 1.000000
vt 2.000000 1.000000
vt 2.000000 0.000000
vt 0.000000 0.000000
vt 0.000000 1.000000
vt 2.000000 1.000000
vt 2.000000 0.000000
vt 0.000000 0.000000
vt 0.000000 1.000000
vt 1.000000 1.000000
vt 1.000000 0.000000
vt 0.000000 0.000000
vt 0.000000 1.000000
vt 1.000000 1.000000
vt 1.000000 0.000000
vt 0.000000 0.000000
vt 0.000000 2.000000
vt 1.000000 2.000000
vt 1.000000 0.000000
vt 0.000000 0.000000
vt 0.000000 1.000000
vt 1.000000 1.000000
vt 1.000000 0.000000
vt 0.000000 0.000000
vt 0.000000 2.000000
vt 1.000000 2.000000
vt 1.000000 0.000000
vt 0.000000 0.000000
vt 0.000000 2.000000
vt 1.000000 2.000000
vt 1.000000 0.000000
vt 0.000000 0.000000
vt 0.000000 3.000000
vt 1.000000 3.000000
vt 1.000000 0.000000
vt 0.000000 0.000000
vt 0.000000 3.000000
vt 1.000000 3.000000
vt 1.000000 0.000000
vt 0.000000 0.000000
vt 0.000000 4.000000
vt 1.000000 4.000000
vt 1.000000 0.000000
vt 0.000000 0.000000
vt 0.000000 1.000000
vt 2.000000 1.000000
vt 2.000000 0.000000
vt 0.000000 0.000000
vt 0.000000 1.000000
vt 1.000000 1.000000
vt 1.000000 0.000000
vt 0.000000 0.000000
vt 0.000000 1.000000
vt 2.000000 1.000000
vt 2.000000 0.000000
vt 0.000000 0.000000
vt 0.000000 1.000000
vt 1.000000 1.000000
vt 1.000000 0.000000
vt 0.000000 0.000000
vt 0.000000 2.000000
vt 1.000000 2.000000
vt 1.000000 0.000000
vt 0.000000 0.000000
vt 0.000000 4.000000
vt 1.000000 4.000000
vt 1.000000 0.000000
vt 0.000000 0.000000
vt 0.000000 11.000000
vt 1.000000 11.000000
vt 1.000000 0.000000
vt 0.000000 0.000000
vt 0.000000 1.000000
vt 11.000000 1.000000
vt 11.000000 0.000000
vt 0.000000 0.000000
vt 0.000000 1.000000
vt 4.000000 1.000000
vt 4.000000 0.000000
vt 0.000000 0.000000
vt 0.000000 1.000000
vt 4.000000 1.000000
vt 4.000000 0.000000
vt 0.000000 0.000000
vt 0.000000 2.000000
vt 1.000000 2.000000
vt 1.000000 0.000000
vt 0.000000 0.000000
vt 0.000000 1.000000
vt 2.000000 1.000000
vt 2.000000 0.000000
vt 0.000000 0.000000
vt 0.000000 2.000000
vt 1.000000 2.000000
vt 1.000000 0.000000
vt 0.000000 0.000000
vt 0.000000 1.000000
vt 1.000000 1.000000
vt 1.000000 0.000000
vt 0.000000 0.000000
vt 0.000000 1.000000
vt 1.000000 1.000000
vt 1.000000 0.000000
vt 0.000000 0.000000
vt 0.000000 1.000000
vt 2.000000 1.000000
vt 2.000000 0.000000
vt 0.000000 0.000000
vt 0.000000 1.000000
vt 3.000000 1.000000
vt 3.000000 0.000000
vt 0.000000 0.000000
vt 0.000000 1.000000
vt 3.000000 1.000000
vt 3.000000 0.000000
vt 0.000000 0.000000
vt 0.000000 1.000000
vt 2.000000 1.000000
vt 2.000000 0.000000
vt 0.000000 0.000000
vt 0.000000 1.000000
vt 2.000000 1.000000
vt 2.000000 0.000000
vt 0.000000 0.000000
vt 0.000000 1.000000
vt 1.000000 1.000000
vt 1.000000 0.000000
vt 0.000000 0.000000
vt 0.000000 2.000000
vt 1.000000 2.000000
vt 1.000000 0.000000
vt 0.000000 0.000000
vt 0.000000 1.000000
vt 1.000000 1.000000
vt 1.000000 0.000000
vt 0.000000 0.000000
vt 0.000000 2.000000
vt 1.000000 2.000000
vt 1.000000 0.000000
vt 0.000000 0.000000
vt 0.000000 2.000000
vt 1.000000 2.000000
vt 1.000000 0.000000
vt 0.000000 0.000000
vt 0.000000 2.000000
vt 1.000000 2.000000
vt 1.000000 0.000000
vt 0.000000 0.000000
vt 0.000000 1.000000
vt 1.000000 1.000000
vt 1.000000 0.000000
vt 0.000000 0.000000
vt 0.000000 1.000000
vt 1.000000 1.000000
vt 1.000000 0.000000
vt 0.000000 0.000000
vt 0.000000 1.000000
vt 2.000000 1.000000
vt 2.000000 0.000000
vt 0.000000 0.000000
vt 0.000000 1.000000
vt 2.000000 1.000000
vt 2.000000 0.000000
vt 0.000000 0.000000
vt 0.000000 1.000000
vt 2.000000 1.000000
vt 2.000000 0.000000
vt 0.000000 0.000000
vt 0.000000 1.000000
vt 2.000000 1.000000
vt 2.000000 0.000000
vt 0.000000 0.000000
vt 0.000000 1.000000
vt 1.000000 1.000000
vt 1.000000 0.000000
vt 0.000000 0.000000
vt 0.000000 1.000000
vt 1.000000 1.000000
vt 1.000000 0.000000
vt 0.000000 0.000000
vt 0.000000 2.000000
vt 1.000000 2.000000
vt 1.000000 0.000000
vt 0.000000 0.000000
vt 0.000000 2.000000
vt 1.000000 2.000000
vt 1.000000 0.000000
vt 0.000000 0.000000
vt 0.000000 2.000000
vt 1.000000 2.000000
vt 1.000000 0.000000
vt 0.000000 0.000000
vt 0.000000 3.000000
vt 1.000000 3.000000
vt 1.000000 0.000000
vt 0.000000 0.000000
vt 0.000000 3.000000
vt 1.000000 3.000000
vt 1.000000 0.000000
vt 0.000000 0.000000
vt 0.000000 4.000000
vt 1.000000 4.000000
vt 1.000000 0.000000
vt 0.000000 0.000000
vt 0.000000 2.000000
vt 1.000000 2.000000
vt 1.000000 0.000000
vt 0.000000 0.000000
vt 0.000000 3.000000
vt 1.000000 3.000000
vt 1.000000 0.000000
vt 0.000000 0.000000
vt 0.000000 3.000000
vt 1.000000 3.000000
vt 1.000000 0.000000
vt 0.000000 0.000000
vt 0.000000 4.000000
vt 1.000000 4.000000
vt 1.000000 0.000000
vt 0.000000 0.000000
vt 0.000000 11.000000
vt 1.000000 11.000000
vt 1.000000 0.000000
vt 0.000000 0.000000
vt 0.000000 11.000000
vt 1.000000 11.000000
vt 1.000000 0.000000
vt 0.000000 0.000000
vt 0.000000 4.000000
vt 1.000000 4.000000
vt 1.000000 0.000000
vt 0.000000 0.000000
vt 0.000000 4.000000
vt 1.000000 4.000000
vt 1.000000 0.000000
vt 0.000000 0.000000
vt 0.000000 3.000000
vt 1.000000 3.000000
vt 1.000000 0.000000
vt 0.000000 0.000000
vt 0.000000 3.000000
vt 1.000000 3.000000
vt 1.000000 0.000000
vt 0.000000 0.000000
vt 0.000000 2.000000
vt 1.000000 2.000000
vt 1.000000 0.000000
vt 0.000000 0.000000
vt 0.000000 3.000000
vt 1.000000 3.000000
vt 1.000000 0.000000
vt 0.000000 0.000000
vt 0.000000 3.000000
vt 1.000000 3.000000
vt 1.000000 0.000000
vt 0.000000 0.000000
vt 0.000000 2.000000
vt 1.000000 2.000000
vt 1.000000 0.000000
vt 0.000000 0.000000
vt 0.000000 2.000000
vt 1.000000 2.000000
vt 1.000000 0.000000
vt 0.000000 0.000000
vt 0.000000 2.000000
vt 1.000000 2.000000
vt 1.000000 0.000000
vt 0.000000 0.000000
vt 0.000000 1.000000
vt 1.000000 1.000000
vt 1.000000 0.000000
vt 0.000000 0.000000
vt 0.000000 1.000000
vt 1.000000 1.000000
vt 1.000000 0.000000
vt 0.000000 0.000000
vt 0.000000 2.000000
vt 1.000000 2.000000
vt 1.000000 0.000000
vt 0.000000 0.000000
vt 0.000000 2.000000
vt 1.000000 2.000000
vt 1.000000 0.000000
vt 0.000000 0.000000
vt 0.000000 2.000000
vt 1.000000 2.000000
vt 1.000000 0.000000
vt 0.000000 0.000000
vt 0.000000 2.000000
vt 1.000000 2.000000
vt 1.000000 0.000000
vt 0.000000 0.000000
vt 0.000000 1.000000
vt 1.000000 1.000000
vt 1.000000 0.000000
vt 0.000000 0.000000
vt 0.000000 2.000000
vt 1.000000 2.000000
vt 1.000000 0.000000
vt 0.000000 0.000000
vt 0.000000 2.000000
vt 1.000000 2.000000
vt 1.000000 0.000000
vt 0.000000 0.000000
vt 0.000000 2.000000
vt 1.000000 2.000000
vt 1.000000 0.000000
vt 0.000000 0.000000
vt 0.000000 2.000000
vt 1.000000 2.000000
vt 1.000000 0.000000
vt 0.000000 0.000000
vt 0.000000 1.000000
vt 1.000000 1.000000
vt 1.000000 0.000000
vt 0.000000 0.000000
vt 0.000000 1.000000
vt 1.000000 1.000000
vt 1.000000 0.000000
vt 0.000000 0.000000
vt 0.000000 1.000000
vt 2.000000 1.000000
vt 2.000000 0.000000
vt 0.000000 0.000000
vt 0.000000 1.000000
vt 1.000000 1.000000
vt 1.000000 0.000000
vt 0.000000 0.000000
vt 0.000000 1.000000
vt 2.000000 1.000000
vt 2.000000 0.000000
vt 0.000000 0.000000
vt 0.000000 1.000000
vt 2.000000 1.000000
vt 2.000000 0.000000
vt 0.000000 0.000000
vt 0.000000 1.000000
vt 3.000000 1.000000
vt 3.000000 0.000000
vt 0.000000 0.000000
vt 0.000000 1.000000
vt 3.000000 1.000000
vt 3.000000 0.000000
vt 0.000000 0.000000
vt 0.000000 1.000000
vt 4.000000 1.000000
vt 4.000000 0.000000
vt 0.000000 0.000000
vt 0.000000 2.000000
vt 1.000000 2.000000
vt 1.000000 0.000000
vt 0.000000 0.000000
vt 0.000000 1.000000
vt 1.000000 1.000000
vt 1.000000 0.000000
vt 0.000000 0.000000
vt 0.000000 2.000000
vt 1.000000 2.000000
vt 1.000000 0.000000
vt 0.000000 0.000000
vt 0.000000 1.000000
vt 1.000000 1.000000
vt 1.000000 0.000000
vt 0.000000 0.000000
vt 0.000000 1.000000
vt 2.000000 1.000000
vt 2.000000 0.000000
vt 0.000000 0.000000
vt 0.000000 1.000000
vt 4.000000 1.000000
vt 4.000000 0.000000
vt 0.000000 0.000000
vt 0.000000 1.000000
vt 11.000000 1.000000
vt 11.000000 0.000000
vn 0.0000 -0.0000 1.0000
vn 0.0000 0.0000 -1.0000
vn 1.0000 0.0000 0.0000
vn -1.0000 0.0000 0.0000
vn 0.0000 1.0000 0.0000
vn 0.0000 -1.0000 -0.0000
usemtl Default_OBJ
s off
f 1/1/1 2/2/1 3/3/1
f 1/1/1 3/3/1 4/4/1
f 5/5/1 6/6/1 7/7/1
f 5/5/1 7/7/1 8/8/1
f 9/9/1 10/10/1 11/11/1
f 9/9/1 11/11/1 12/12/1
f 13/13/1 14/14/1 15/15/1
f 13/13/1 15/15/1 16/16/1
f 17/17/1 18/18/1 19/19/1
f 17/17/1 19/19/1 20/20/1
f 21/21/1 22/22/1 23/23/1
f 21/21/1 23/23/1 24/24/1
f 25/25/1 26/26/1 27/27/1
f 25/25/1 27/27/1 28/28/1
f 29/29/1 30/30/1 31/31/1
f 29/29/1 31/31/1 32/32/1
f 33/33/1 34/34/1 35/35/1
f 33/33/1 35/35/1 36/36/1
f 37/37/1 38/38/1 39/39/1
f 37/37/1 39/39/1 40/40/1
f 41/41/1 42/42/1 43/43/1
f 41/41/1 43/43/1 44/44/1
f 45/45/1 46/46/1 47/47/1
f 45/45/1 47/47/1 48/48/1
f 49/49/1 50/50/1 51/51/1
f 49/49/1 51/51/1 52/52/1
f 53/53/1 54/54/1 55/55/1
f 53/53/1 55/55/1 56/56/1
f 57/57/1 58/58/1 59/59/1
f 57/57/1 59/59/1 60/60/1
f 61/61/1 62/62/1 63/63/1
f 61/61/1 63/63/1 64/64/1
f 65/65/1 66/66/1 67/67/1
f 65/65/1 67/67/1 68/68/1
f 69/69/1 70/70/1 71/71/1
f 69/69/1 71/71/1 72/72/1
f 73/73/1 74/74/1 75/75/1
f 73/73/1 75/75/1 76/76/1
f 77/77/1 78/78/1 79/79/1
f 77/77/1 79/79/1 80/80/1
f 81/81/1 82/82/1 83/83/1
f 81/81/1 83/83/1 84/84/1
f 85/85/1 86/86/1 87/87/1
f 85/85/1 87/87/1 88/88/1
f 89/89/1 90/90/1 91/91/1
f 89/89/1 91/91/1 92/92/1
f 93/93/1 94/94/1 95/95/1
f 93/93/1 95/95/1 96/96/1
f 97/97/1 98/98/1 99/99/1
f 97/97/1 99/99/1 100/100/1
f 101/101/1 102/102/1 103/103/1
f 101/101/1 103/103/1 104/104/1
f 105/105/1 106/106/1 107/107/1
f 105/105/1 107/107/1 108/108/1
f 109/109/1 110/110/1 111/111/1
f 109/109/1 111/111/1 112/112/1
f 113/113/1 114/114/1 115/115/1
f 113/113/1 115/115/1 116/116/1
f 117/117/1 118/118/1 119/119/1
f 117/117/1 119/119/1 120/120/1
f 121/121/1 122/122/1 123/123/1
f 121/121/1 123/123/1 124/124/1
f 125/125/1 126/126/1 127/127/1
f 125/125/1 127/127/1 128/128/1
f 129/129/1 130/130/1 131/131/1
f 129/129/1 131/131/1 132/132/1
f 133/133/1 134/134/1 135/135/1
f 133/133/1 135/135/1 136/136/1
f 137/137/1 138/138/1 139/139/1
f 137/137/1 139/139/1 140/140/1
f 141/141/1 142/142/1 143/143/1
f 141/141/1 143/143/1 144/144/1
f 145/145/1 146/146/1 147/147/1
f 145/145/1 147/147/1 148/148/1
f 149/149/1 150/150/1 151/151/1
f 149/149/1 151/151/1 152/152/1
f 153/153/1 154/154/1 155/155/1
f 153/153/1 155/155/1 156/156/1
f 157/157/1 158/158/1 159/159/1
f 157/157/1 159/159/1 160/160/1
f 161/161/1 162/162/1 163/163/1
f 161/161/1 163/163/1 164/164/1
f 165/165/1 166/166/1 167/167/1
f 165/165/1 167/167/1 168/168/1
f 169/169/1 170/170/1 171/171/1
f 169/169/1 171/171/1 172/172/1
f 173/173/1 174/174/1 175/175/1
f 173/173/1 175/175/1 176/176/1
f 177/177/1 178/178/1 179/179/1
f 177/177/1 179/179/1 180/180/1
f 181/181/1 182/182/1 183/183/1
f 181/181/1 183/183/1 184/184/1
f 185/185/1 186/186/1 187/187/1
f 185/185/1 187/187/1 188/188/1
f 189/189/1 190/190/1 191/191/1
f 189/189/1 191/191/1 192/192/1
f 193/193/1 194/194/1 195/195/1
f 193/193/1 195/195/1 196/196/1
f 197/197/1 198/198/1 199/199/1
f 197/197/1 199/199/1 200/200/1
f 201/201/1 202/202/1 203/203/1
f 201/201/1 203/203/1 204/204/1
f 205/205/1 206/206/1 207/207/1
f 205/205/1 207/207/1 208/208/1
f 209/209/1 210/210/1 211/211/1
f 209/209/1 211/211/1 212/212/1
f 213/213/1 214/214/1 215/215/1
f 213/213/1 215/215/1 216/216/1
f 217/217/1 218/218/1 219/219/1
f 217/217/1 219/219/1 220/220/1
f 221/221/1 222/222/1 223/223/1
f 221/221/1 223/223/1 224/224/1
f 225/225/1 226/226/1 227/227/1
f 225/225/1 227/227/1 228/228/1
f 229/229/1 230/230/1 231/231/1
f 229/229/1 231/231/1 232/232/1
f 233/233/1 234/234/1 235/235/1
f 233/233/1 235/235/1 236/236/1
f 237/237/1 238/238/1 239/239/1
f 237/237/1 239/239/1 240/240/1
f 241/241/1 242/242/1 243/243/1
f 241/241/1 243/243/1 244/244/1
f 245/245/1 246/246/1 247/247/1
f 245/245/1 247/247/1 248/248/1
f 249/249/1 250/250/1 251/251/1
f 249/249/1 251/251/1 252/252/1
f 253/253/1 254/254/1 255/255/1
f 253/253/1 255/255/1 256/256/1
f 257/257/1 258/258/1 259/259/1
f 257/257/1 259/259/1 260/260/1
f 261/261/1 262/262/1 263/263/1
f 261/261/1 263/263/1 264/264/1
f 265/265/1 266/266/1 267/267/1
f 265/265/1 267/267/1 268/268/1
f 269/269/1 270/270/1 271/271/1
f 269/269/1 271/271/1 272/272/1
f 273/273/1 274/274/1 275/275/1
f 273/273/1 275/275/1 276/276/1
f 277/277/1 278/278/1 279/279/1
f 277/277/1 279/279/1 280/280/1
f 281/281/2 282/282/2 283/283/2
f 281/281/2 283/283/2 284/284/2
f 285/285/2 286/286/2 287/287/2
f 285/285/2 287/287/2 288/288/2
f 289/289/2 290/290/2 291/291/2
f 289/289/2 291/291/2 292/292/2
f 293/293/2 294/294/2 295/295/2
f 293/293/2 295/295/2 296/296/2
f 297/297/2 298/298/2 299/299/2
f 297/297/2 299/299/2 300/300/2
f 301/301/2 302/302/2 303/303/2
f 301/301/2 303/303/2 304/304/2
f 305/305/2 306/306/2 307/307/2
f 305/305/2 307/307/2 308/308/2
f 309/309/2 310/310/2 311/311/2
f 309/309/2 311/311/2 312/312/2
f 313/313/2 314/314/2 315/315/2
f 313/313/2 315/315/2 316/316/2
f 317/317/2 318/318/2 319/319/2
f 317/317/2 319/319/2 320/320/2
f 321/321/2 322/322/2 323/323/2
f 321/321/2 323/323/2 324/324/2
f 325/325/2 326/326/2 327/327/2
f 325/325/2 327/327/2 328/328/2
f 329/329/2 330/330/2 331/331/2
f 329/329/2 331/331/2 332/332/2
f 333/333/2 334/334/2 335/335/2
f 333/333/2 335/335/2 336/336/2
f 337/337/2 338/338/2 339/339/2
f 337/337/2 339/339/2 340/340/2
f 341/341/2 342/342/2 343/343/2
f 341/341/2 343/343/2 344/344/2
f 345/345/2 346/346/2 347/347/2
f 345/345/2 347/347/2 348/348/2
f 349/349/2 350/350/2 351/351/2
f 349/349/2 351/351/2 352/352/2
f 353/353/2 354/354/2 355/355/2
f 353/353/2 355/355/2 356/356/2
f 357/357/2 358/358/2 359/359/2
f 357/357/2 359/359/2 360/360/2
f 361/361/2 362/362/2 363/363/2
f 361/361/2 363/363/2 364/364/2
f 365/365/2 366/366/2 367/367/2
f 365/365/2 367/367/2 368/368/2
f 369/369/2 370/370/2 371/371/2
f 369/369/2 371/371/2 372/372/2
f 373/373/2 374/374/2 375/375/2
f 373/373/2 375/375/2 376/376/2
f 377/377/2 378/378/2 379/379/2
f 377/377/2 379/379/2 380/380/2
f 381/381/2 382/382/2 383/383/2
f 381/381/2 383/383/2 384/384/2
f 385/385/2 386/386/2 387/387/2
f 385/385/2 387/387/2 388/388/2
f 389/389/2 390/390/2 391/391/2
f 389/389/2 391/391/2 392/392/2
f 393/393/2 394/394/2 395/395/2
f 393/393/2 395/395/2 396/396/2
f 397/397/2 398/398/2 399/399/2
f 397/397/2 399/399/2 400/400/2
f 401/401/2 402/402/2 403/403/2
f 401/401/2 403/403/2 404/404/2
f 405/405/2 406/406/2 407/407/2
f 405/405/2 407/407/2 408/408/2
f 409/409/2 410/410/2 411/411/2
f 409/409/2 411/411/2 412/412/2
f 413/413/2 414/414/2 415/415/2
f 413/413/2 415/415/2 416/416/2
f 417/417/2 418/418/2 419/419/2
f 417/417/2 419/419/2 420/420/2
f 421/421/2 422/422/2 423/423/2
f 421/421/2 423/423/2 424/424/2
f 425/425/2 426/426/2 427/427/2
f 425/425/2 427/427/2 428/428/2
f 429/429/2 430/430/2 431/431/2
f 429/429/2 431/431/2 432/432/2
f 433/433/2 434/434/2 435/435/2
f 433/433/2 435/435/2 436/436/2
f 437/437/2 438/438/2 439/439/2
f 437/437/2 439/439/2 440/440/2
f 441/441/2 442/442/2 443/443/2
f 441/441/2 443/443/2 444/444/2
f 445/445/2 446/446/2 447/447/2
f 445/445/2 447/447/2 448/448/2
f 449/449/2 450/450/2 451/451/2
f 449/449/2 451/451/2 452/452/2
f 453/453/2 454/454/2 455/455/2
f 453/453/2 455/455/2 456/456/2
f 457/457/2 458/458/2 459/459/2
f 457/457/2 459/459/2 460/460/2
f 461/461/2 462/462/2 463/463/2
f 461/461/2 463/463/2 464/464/2
f 465/465/2 466/466/2 467/467/2
f 465/465/2 467/467/2 468/468/2
f 469/469/2 470/470/2 471/471/2
f 469/469/2 471/471/2 472/472/2
f 473/473/2 474/474/2 475/475/2
f 473/473/2 475/475/2 476/476/2
f 477/477/2 478/478/2 479/479/2
f 477/477/2 479/479/2 480/480/2
f 481/481/2 482/482/2 483/483/2
f 481/481/2 483/483/2 484/484/2
f 485/485/2 486/486/2 487/487/2
f 485/485/2 487/487/2 488/488/2
f 489/489/2 490/490/2 491/491/2
f 489/489/2 491/491/2 492/492/2
f 493/493/2 494/494/2 495/495/2
f 493/493/2 495/495/2 496/496/2
f 497/497/2 498/498/2 499/499/2
f 497/497/2 499/499/2 500/500/2
f 501/501/2 502/502/2 503/503/2
f 501/501/2 503/503/2 504/504/2
f 505/505/2 506/506/2 507/507/2
f 505/505/2 507/507/2 508/508/2
f 509/509/2 510/510/2 511/511/2
f 509/509/2 511/511/2 512/512/2
f 513/513/2 514/514/2 515/515/2
f 513/513/2 515/515/2 516/516/2
f 517/517/2 518/518/2 519/519/2
f 517/517/2 519/519/2 520/520/2
f 521/521/2 522/522/2 523/523/2
f 521/521/2 523/523/2 524/524/2
f 525/525/2 526/526/2 527/527/2
f 525/525/2 527/527/2 528/528/2
f 529/529/2 530/530/2 531/531/2
f 529/529/2 531/531/2 532/532/2
f 533/533/2 534/534/2 535/535/2
f 533/533/2 535/535/2 536/536/2
f 537/537/2 538/538/2 539/539/2
f 537/537/2 539/539/2 540/540/2
f 541/541/2 542/542/2 543/543/2
f 541/541/2 543/543/2 544/544/2
f 545/545/2 546/546/2 547/547/2
f 545/545/2 547/547/2 548/548/2
f 549/549/2 550/550/2 551/551/2
f 549/549/2 551/551/2 552/552/2
f 553/553/2 554/554/2 555/555/2
f 553/553/2 555/555/2 556/556/2
f 557/557/2 558/558/2 559/559/2
f 557/557/2 559/559/2 560/560/2
f 561/561/3 562/562/3 563/563/3
f 561/561/3 563/563/3 564/564/3
f 565/565/3 566/566/3 567/567/3
f 565/565/3 567/567/3 568/568/3
f 569/569/3 570/570/3 571/571/3
f 569/569/3 571/571/3 572/572/3
f 573/573/3 574/574/3 575/575/3
f 573/573/3 575/575/3 576/576/3
f 577/577/3 578/578/3 579/579/3
f 577/577/3 579/579/3 580/580/3
f 581/581/3 582/582/3 583/583/3
f 581/581/3 583/583/3 584/584/3
f 585/585/3 586/586/3 587/587/3
f 585/585/3 587/587/3 588/588/3
f 589/589/3 590/590/3 591/591/3
f 589/589/3 591/591/3 592/592/3
f 593/593/3 594/594/3 595/595/3
f 593/593/3 595/595/3 596/596/3
f 597/597/3 598/598/3 599/599/3
f 597/597/3 599/599/3 600/600/3
f 601/601/3 602/602/3 603/603/3
f 601/601/3 603/603/3 604/604/3
f 605/605/3 606/606/3 607/607/3
f 605/605/3 607/607/3 608/608/3
f 609/609/3 610/610/3 611/611/3
f 609/609/3 611/611/3 612/612/3
f 613/613/3 614/614/3 615/615/3
f 613/613/3 615/615/3 616/616/3
f 617/617/3 618/618/3 619/619/3
f 617/617/3 619/619/3 620/620/3
f 621/621/3 622/622/3 623/623/3
f 621/621/3 623/623/3 624/624/3
f 625/625/3 626/626/3 627/627/3
f 625/625/3 627/627/3 628/628/3
f 629/629/3 630/630/3 631/631/3
f 629/629/3 631/631/3 632/632/3
f 633/633/3 634/634/3 635/635/3
f 633/633/3 635/635/3 636/636/3
f 637/637/3 638/638/3 639/639/3
f 637/637/3 639/639/3 640/640/3
f 641/641/3 642/642/3 643/643/3
f 641/641/3 643/643/3 644/644/3
f 645/645/3 646/646/3 647/647/3
f 645/645/3 647/647/3 648/648/3
f 649/649/3 650/650/3 651/651/3
f 649/649/3 651/651/3 652/652/3
f 653/653/3 654/654/3 655/655/3
f 653/653/3 655/655/3 656/656/3
f 657/657/3 658/658/3 659/659/3
f 657/657/3 659/659/3 660/660/3
f 661/661/3 662/662/3 663/663/3
f 661/661/3 663/663/3 664/664/3
f 665/665/3 666/666/3 667/667/3
f 665/665/3 667/667/3 668/668/3
f 669/669/3 670/670/3 671/671/3
f 669/669/3 671/671/3 672/672/3
f 673/673/3 674/674/3 675/675/3
f 673/673/3 675/675/3 676/676/3
f 677/677/3 678/678/3 679/679/3
f 677/677/3 679/679/3 680/680/3
f 681/681/3 682/682/3 683/683/3
f 681/681/3 683/683/3 684/684/3
f 685/685/3 686/686/3 687/687/3
f 685/685/3 687/687/3 688/688/3
f 689/689/3 690/690/3 691/691/3
f 689/689/3 691/691/3 692/692/3
f 693/693/3 694/694/3 695/695/3
f 693/693/3 695/695/3 696/696/3
f 697/697/3 698/698/3 699/699/3
f 697/697/3 699/699/3 700/700/3
f 701/701/3 702/702/3 703/703/3
f 701/701/3 703/703/3 704/704/3
f 705/705/3 706/706/3 707/707/3
f 705/705/3 707/707/3 708/708/3
f 709/709/3 710/710/3 711/711/3
f 709/709/3 711/711/3 712/712/3
f 713/713/3 714/714/3 715/715/3
f 713/713/3 715/715/3 716/716/3
f 717/717/3 718/718/3 719/719/3
f 717/717/3 719/719/3 720/720/3
f 721/721/3 722/722/3 723/723/3
f 721/721/3 723/723/3 724/724/3
f 725/725/3 726/726/3 727/727/3
f 725/725/3 727/727/3 728/728/3
f 729/729/3 730/730/3 731/731/3
f 729/729/3 731/731/3 732/732/3
f 733/733/3 734/734/3 735/735/3
f 733/733/3 735/735/3 736/736/3
f 737/737/3 738/738/3 739/739/3
f 737/737/3 739/739/3 740/740/3
f 741/741/3 742/742/3 743/743/3
f 741/741/3 743/743/3 744/744/3
f 745/745/3 746/746/3 747/747/3
f 745/745/3 747/747/3 748/748/3
f 749/749/3 750/750/3 751/751/3
f 749/749/3 751/751/3 752/752/3
f 753/753/3 754/754/3 755/755/3
f 753/753/3 755/755/3 756/756/3
f 757/757/3 758/758/3 759/759/3
f 757/757/3 759/759/3 760/760/3
f 761/761/3 762/762/3 763/763/3
f 761/761/3 763/763/3 764/764/3
f 765/765/3 766/766/3 767/767/3
f 765/765/3 767/767/3 768/768/3
f 769/769/3 770/770/3 771/771/3
f 769/769/3 771/771/3 772/772/3
f 773/773/3 774/774/3 775/775/3
f 773/773/3 775/775/3 776/776/3
f 777/777/3 778/778/3 779/779/3
f 777/777/3 779/779/3 780/780/3
f 781/781/3 782/782/3 783/783/3
f 781/781/3 783/783/3 784/784/3
f 785/785/3 786/786/3 787/787/3
f 785/785/3 787/787/3 788/788/3
f 789/789/3 790/790/3 791/791/3
f 789/789/3 791/791/3 792/792/3
f 793/793/3 794/794/3 795/795/3
f 793/793/3 795/795/3 796/796/3
f 797/797/3 798/798/3 799/799/3
f 797/797/3 799/799/3 800/800/3
f 801/801/3 802/802/3 803/803/3
f 801/801/3 803/803/3 804/804/3
f 805/805/3 806/806/3 807/807/3
f 805/805/3 807/807/3 808/808/3
f 809/809/3 810/810/3 811/811/3
f 809/809/3 811/811/3 812/812/3
f 813/813/3 814/814/3 815/815/3
f 813/813/3 815/815/3 816/816/3
f 817/817/3 818/818/3 819/819/3
f 817/817/3 819/819/3 820/820/3
f 821/821/3 822/822/3 823/823/3
f 821/821/3 823/823/3 824/824/3
f 825/825/3 826/826/3 827/827/3
f 825/825/3 827/827/3 828/828/3
f 829/829/3 830/830/3 831/831/3
f 829/829/3 831/831/3 832/832/3
f 833/833/3 834/834/3 835/835/3
f 833/833/3 835/835/3 836/836/3
f 837/837/3 838/838/3 839/839/3
f 837/837/3 839/839/3 840/840/3
f 841/841/4 842/842/4 843/843/4
f 841/841/4 843/843/4 844/844/4
f 845/845/4 846/846/4 847/847/4
f 845/845/4 847/847/4 848/848/4
f 849/849/4 850/850/4 851/851/4
f 849/849/4 851/851/4 852/852/4
f 853/853/4 854/854/4 855/855/4
f 853/853/4 855/855/4 856/856/4
f 857/857/4 858/858/4 859/859/4
f 857/857/4 859/859/4 860/860/4
f 861/861/4 862/862/4 863/863/4
f 861/861/4 863/863/4 864/864/4
f 865/865/4 866/866/4 867/867/4
f 865/865/4 867/867/4 868/868/4
f 869/869/4 870/870/4 871/871/4
f 869/869/4 871/871/4 872/872/4
f 873/873/4 874/874/4 875/875/4
f 873/873/4 875/875/4 876/876/4
f 877/877/4 878/878/4 879/879/4
f 877/877/4 879/879/4 880/880/4
f 881/881/4 882/882/4 883/883/4
f 881/881/4 883/883/4 884/884/4
f 885/885/4 886/886/4 887/887/4
f 885/885/4 887/887/4 888/888/4
f 889/889/4 890/890/4 891/891/4
f 889/889/4 891/891/4 892/892/4
f 893/893/4 894/894/4 895/895/4
f 893/893/4 895/895/4 896/896/4
f 897/897/4 898/898/4 899/899/4
f 897/897/4 899/899/4 900/900/4
f 901/901/4 902/902/4 903/903/4
f 901/901/4 903/903/4 904/904/4
f 905/905/4 906/906/4 907/907/4
f 905/905/4 907/907/4 908/908/4
f 909/909/4 910/910/4 911/911/4
f 909/909/4 911/911/4 912/912/4
f 913/913/4 914/914/4 915/915/4
f 913/913/4 915/915/4 916/916/4
f 917/917/4 918/918/4 919/919/4
f 917/917/4 919/919/4 920/920/4
f 921/921/4 922/922/4 923/923/4
f 921/921/4 923/923/4 924/924/4
f 925/925/4 926/926/4 927/927/4
f 925/925/4 927/927/4 928/928/4
f 929/929/4 930/930/4 931/931/4
f 929/929/4 931/931/4 932/932/4
f 933/933/4 934/934/4 935/935/4
f 933/933/4 935/935/4 936/936/4
f 937/937/4 938/938/4 939/939/4
f 937/937/4 939/939/4 940/940/4
f 941/941/4 942/942/4 943/943/4
f 941/941/4 943/943/4 944/944/4
f 945/945/4 946/946/4 947/947/4
f 945/945/4 947/947/4 948/948/4
f 949/949/4 950/950/4 951/951/4
f 949/949/4 951/951/4 952/952/4
f 953/953/4 954/954/4 955/955/4
f 953/953/4 955/955/4 956/956/4
f 957/957/4 958/958/4 959/959/4
f 957/957/4 959/959/4 960/960/4
f 961/961/4 962/962/4 963/963/4
f 961/961/4 963/963/4 964/964/4
f 965/965/4 966/966/4 967/967/4
f 965/965/4 967/967/4 968/968/4
f 969/969/4 970/970/4 971/971/4
f 969/969/4 971/971/4 972/972/4
f 973/973/4 974/974/4 975/975/4
f 973/973/4 975/975/4 976/976/4
f 977/977/4 978/978/4 979/979/4
f 977/977/4 979/979/4 980/980/4
f 981/981/4 982/982/4 983/983/4
f 981/981/4 983/983/4 984/984/4
f 985/985/4 986/986/4 987/987/4
f 985/985/4 987/987/4 988/988/4
f 989/989/4 990/990/4 991/991/4
f 989/989/4 991/991/4 992/992/4
f 993/993/4 994/994/4 995/995/4
f 993/993/4 995/995/4 996/996/4
f 997/997/4 998/998/4 999/999/4
f 997/997/4 999/999/4 1000/1000/4
f 1001/1001/4 1002/1002/4 1003/1003/4
f 1001/1001/4 1003/1003/4 1004/1004/4
f 1005/1005/4 1006/1006/4 1007/1007/4
f 1005/1005/4 1007/1007/4 1008/1008/4
f 1009/1009/4 1010/1010/4 1011/1011/4
f 1009/1009/4 1011/1011/4 1012/1012/4
f 1013/1013/4 1014/1014/4 1015/1015/4
f 1013/1013/4 1015/1015/4 1016/1016/4
f 1017/1017/4 1018/1018/4 1019/1019/4
f 1017/1017/4 1019/1019/4 1020/1020/4
f 1021/1021/4 1022/1022/4 1023/1023/4
f 1021/1021/4 1023/1023/4 1024/1024/4
f 1025/1025/4 1026/1026/4 1027/1027/4
f 1025/1025/4 1027/1027/4 1028/1028/4
f 1029/1029/4 1030/1030/4 1031/1031/4
f 1029/1029/4 1031/1031/4 1032/1032/4
f 1033/1033/4 1034/1034/4 1035/1035/4
f 1033/1033/4 1035/1035/4 1036/1036/4
f 1037/1037/4 1038/1038/4 1039/1039/4
f 1037/1037/4 1039/1039/4 1040/1040/4
f 1041/1041/4 1042/1042/4 1043/1043/4
f 1041/1041/4 1043/1043/4 1044/1044/4
f 1045/1045/4 1046/1046/4 1047/1047/4
f 1045/1045/4 1047/1047/4 1048/1048/4
f 1049/1049/4 1050/1050/4 1051/1051/4
f 1049/1049/4 1051/1051/4 1052/1052/4
f 1053/1053/4 1054/1054/4 1055/1055/4
f 1053/1053/4 1055/1055/4 1056/1056/4
f 1057/1057/4 1058/1058/4 1059/1059/4
f 1057/1057/4 1059/1059/4 1060/1060/4
f 1061/1061/4 1062/1062/4 1063/1063/4
f 1061/1061/4 1063/1063/4 1064/1064/4
f 1065/1065/4 1066/1066/4 1067/1067/4
f 1065/1065/4 1067/1067/4 1068/1068/4
f 1069/1069/4 1070/1070/4 1071/1071/4
f 1069/1069/4 1071/1071/4 1072/1072/4
f 1073/1073/4 1074/1074/4 1075/1075/4
f 1073/1073/4 1075/1075/4 1076/1076/4
f 1077/1077/4 1078/1078/4 1079/1079/4
f 1077/1077/4 1079/1079/4 1080/1080/4
f 1081/1081/4 1082/1082/4 1083/1083/4
f 1081/1081/4 1083/1083/4 1084/1084/4
f 1085/1085/4 1086/1086/4 1087/1087/4
f 1085/1085/4 1087/1087/4 1088/1088/4
f 1089/1089/4 1090/1090/4 1091/1091/4
f 1089/1089/4 1091/1091/4 1092/1092/4
f 1093/1093/4 1094/1094/4 1095/1095/4
f 1093/1093/4 1095/1095/4 1096/1096/4
f 1097/1097/4 1098/1098/4 1099/1099/4
f 1097/1097/4 1099/1099/4 1100/1100/4
f 1101/1101/4 1102/1102/4 1103/1103/4
f 1101/1101/4 1103/1103/4 1104/1104/4
f 1105/1105/4 1106/1106/4 1107/1107/4
f 1105/1105/4 1107/1107/4 1108/1108/4
f 1109/1109/4 1110/1110/4 1111/1111/4
f 1109/1109/4 1111/1111/4 1112/1112/4
f 1113/1113/4 1114/1114/4 1115/1115/4
f 1113/1113/4 1115/1115/4 1116/1116/4
f 1117/1117/4 1118/1118/4 1119/1119/4
f 1117/1117/4 1119/1119/4 1120/1120/4
f 1121/1121/5 1122/1122/5 1123/1123/5
f 1121/1121/5 1123/1123/5 1124/1124/5
f 1125/1125/5 1126/1126/5 1127/1127/5
f 1125/1125/5 1127/1127/5 1128/1128/5
f 1129/1129/5 1130/1130/5 1131/1131/5
f 1129/1129/5 1131/1131/5 1132/1132/5
f 1133/1133/5 1134/1134/5 1135/1135/5
f 1133/1133/5 1135/1135/5 1136/1136/5
f 1137/1137/5 1138/1138/5 1139/1139/5
f 1137/1137/5 1139/1139/5 1140/1140/5
f 1141/1141/5 1142/1142/5 1143/1143/5
f 1141/1141/5 1143/1143/5 1144/1144/5
f 1145/1145/5 1146/1146/5 1147/1147/5
f 1145/1145/5 1147/1147/5 1148/1148/5
f 1149/1149/5 1150/1150/5 1151/1151/5
f 1149/1149/5 1151/1151/5 1152/1152/5
f 1153/1153/5 1154/1154/5 1155/1155/5
f 1153/1153/5 1155/1155/5 1156/1156/5
f 1157/1157/5 1158/1158/5 1159/1159/5
f 1157/1157/5 1159/1159/5 1160/1160/5
f 1161/1161/5 1162/1162/5 1163/1163/5
f 1161/1161/5 1163/1163/5 1164/1164/5
f 1165/1165/5 1166/1166/5 1167/1167/5
f 1165/1165/5 1167/1167/5 1168/1168/5
f 1169/1169/5 1170/1170/5 1171/1171/5
f 1169/1169/5 1171/1171/5 1172/1172/5
f 1173/1173/5 1174/1174/5 1175/1175/5
f 1173/1173/5 1175/1175/5 1176/1176/5
f 1177/1177/5 1178/1178/5 1179/1179/5
f 1177/1177/5 1179/1179/5 1180/1180/5
f 1181/1181/5 1182/1182/5 1183/1183/5
f 1181/1181/5 1183/1183/5 1184/1184/5
f 1185/1185/5 1186/1186/5 1187/1187/5
f 1185/1185/5 1187/1187/5 1188/1188/5
f 1189/1189/5 1190/1190/5 1191/1191/5
f 1189/1189/5 1191/1191/5 1192/1192/5
f 1193/1193/5 1194/1194/5 1195/1195/5
f 1193/1193/5 1195/1195/5 1196/1196/5
f 1197/1197/5 1198/1198/5 1199/1199/5
f 1197/1197/5 1199/1199/5 1200/1200/5
f 1201/1201/5 1202/1202/5 1203/1203/5
f 1201/1201/5 1203/1203/5 1204/1204/5
f 1205/1205/5 1206/1206/5 1207/1207/5
f 1205/1205/5 1207/1207/5 1208/1208/5
f 1209/1209/5 1210/1210/5 1211/1211/5
f 1209/1209/5 1211/1211/5 1212/1212/5
f 1213/1213/5 1214/1214/5 1215/1215/5
f 1213/1213/5 1215/1215/5 1216/1216/5
f 1217/1217/5 1218/1218/5 1219/1219/5
f 1217/1217/5 1219/1219/5 1220/1220/5
f 1221/1221/5 1222/1222/5 1223/1223/5
f 1221/1221/5 1223/1223/5 1224/1224/5
f 1225/1225/5 1226/1226/5 1227/1227/5
f 1225/1225/5 1227/1227/5 1228/1228/5
f 1229/1229/5 1230/1230/5 1231/1231/5
f 1229/1229/5 1231/1231/5 1232/1232/5
f 1233/1233/5 1234/1234/5 1235/1235/5
f 1233/1233/5 1235/1235/5 1236/1236/5
f 1237/1237/5 1238/1238/5 1239/1239/5
f 1237/1237/5 1239/1239/5 1240/1240/5
f 1241/1241/5 1242/1242/5 1243/1243/5
f 1241/1241/5 1243/1243/5 1244/1244/5
f 1245/1245/5 1246/1246/5 1247/1247/5
f 1245/1245/5 1247/1247/5 1248/1248/5
f 1249/1249/5 1250/1250/5 1251/1251/5
f 1249/1249/5 1251/1251/5 1252/1252/5
f 1253/1253/5 1254/1254/5 1255/1255/5
f 1253/1253/5 1255/1255/5 1256/1256/5
f 1257/1257/5 1258/1258/5 1259/1259/5
f 1257/1257/5 1259/1259/5 1260/1260/5
f 1261/1261/5 1262/1262/5 1263/1263/5
f 1261/1261/5 1263/1263/5 1264/1264/5
f 1265/1265/5 1266/1266/5 1267/1267/5
f 1265/1265/5 1267/1267/5 1268/1268/5
f 1269/1269/5 1270/1270/5 1271/1271/5
f 1269/1269/5 1271/1271/5 1272/1272/5
f 1273/1273/5 1274/1274/5 1275/1275/5
f 1273/1273/5 1275/1275/5 1276/1276/5
f 1277/1277/5 1278/1278/5 1279/1279/5
f 1277/1277/5 1279/1279/5 1280/1280/5
f 1281/1281/5 1282/1282/5 1283/1283/5
f 1281/1281/5 1283/1283/5 1284/1284/5
f 1285/1285/5 1286/1286/5 1287/1287/5
f 1285/1285/5 1287/1287/5 1288/1288/5
f 1289/1289/5 1290/1290/5 1291/1291/5
f 1289/1289/5 1291/1291/5 1292/1292/5
f 1293/1293/5 1294/1294/5 1295/1295/5
f 1293/1293/5 1295/1295/5 1296/1296/5
f 1297/1297/5 1298/1298/5 1299/1299/5
f 1297/1297/5 1299/1299/5 1300/1300/5
f 1301/1301/5 1302/1302/5 1303/1303/5
f 1301/1301/5 1303/1303/5 1304/1304/5
f 1305/1305/5 1306/1306/5 1307/1307/5
f 1305/1305/5 1307/1307/5 1308/1308/5
f 1309/1309/5 1310/1310/5 1311/1311/5
f 1309/1309/5 1311/1311/5 1312/1312/5
f 1313/1313/5 1314/1314/5 1315/1315/5
f 1313/1313/5 1315/1315/5 1316/1316/5
f 1317/1317/5 1318/1318/5 1319/1319/5
f 1317/1317/5 1319/1319/5 1320/1320/5
f 1321/1321/5 1322/1322/5 1323/1323/5
f 1321/1321/5 1323/1323/5 1324/1324/5
f 1325/1325/5 1326/1326/5 1327/1327/5
f 1325/1325/5 1327/1327/5 1328/1328/5
f 1329/1329/5 1330/1330/5 1331/1331/5
f 1329/1329/5 1331/1331/5 1332/1332/5
f 1333/1333/5 1334/1334/5 1335/1335/5
f 1333/1333/5 1335/1335/5 1336/1336/5
f 1337/1337/5 1338/1338/5 1339/1339/5
f 1337/1337/5 1339/1339/5 1340/1340/5
f 1341/1341/5 1342/1342/5 1343/1343/5
f 1341/1341/5 1343/1343/5 1344/1344/5
f 1345/1345/5 1346/1346/5 1347/1347/5
f 1345/1345/5 1347/1347/5 1348/1348/5
f 1349/1349/5 1350/1350/5 1351/1351/5
f 1349/1349/5 1351/1351/5 1352/1352/5
f 1353/1353/5 1354/1354/5 1355/1355/5
f 1353/1353/5 1355/1355/5 1356/1356/5
f 1357/1357/5 1358/1358/5 1359/1359/5
f 1357/1357/5 1359/1359/5 1360/1360/5
f 1361/1361/5 1362/1362/5 1363/1363/5
f 1361/1361/5 1363/1363/5 1364/1364/5
f 1365/1365/5 1366/1366/5 1367/1367/5
f 1365/1365/5 1367/1367/5 1368/1368/5
f 1369/1369/5 1370/1370/5 1371/1371/5
f 1369/1369/5 1371/1371/5 1372/1372/5
f 1373/1373/5 1374/1374/5 1375/1375/5
f 1373/1373/5 1375/1375/5 1376/1376/5
f 1377/1377/5 1378/1378/5 1379/1379/5
f 1377/1377/5 1379/1379/5 1380/1380/5
f 1381/1381/5 1382/1382/5 1383/1383/5
f 1381/1381/5 1383/1383/5 1384/1384/5
f 1385/1385/5 1386/1386/5 1387/1387/5
f 1385/1385/5 1387/1387/5 1388/1388/5
f 1389/1389/5 1390/1390/5 1391/1391/5
f 1389/1389/5 1391/1391/5 1392/1392/5
f 1393/1393/5 1394/1394/5 1395/1395/5
f 1393/1393/5 1395/1395/5 1396/1396/5
f 1397/1397/5 1398/1398/5 1399/1399/5
f 1397/1397/5 1399/1399/5 1400/1400/5
f 1401/1401/5 1402/1402/5 1403/1403/5
f 1401/1401/5 1403/1403/5 1404/1404/5
f 1405/1405/5 1406/1406/5 1407/1407/5
f 1405/1405/5 1407/1407/5 1408/1408/5
f 1409/1409/5 1410/1410/5 1411/1411/5
f 1409/1409/5 1411/1411/5 1412/1412/5
f 1413/1413/5 1414/1414/5 1415/1415/5
f 1413/1413/5 1415/1415/5 1416/1416/5
f 1417/1417/5 1418/1418/5 1419/1419/5
f 1417/1417/5 1419/1419/5 1420/1420/5
f 1421/1421/5 1422/1422/5 1423/1423/5
f 1421/1421/5 1423/1423/5 1424/1424/5
f 1425/1425/6 1426/1426/6 1427/1427/6
f 1425/1425/6 1427/1427/6 1428/1428/6
f 1429/1429/6 1430/1430/6 1431/1431/6
f 1429/1429/6 1431/1431/6 1432/1432/6
f 1433/1433/6 1434/1434/6 1435/1435/6
f 1433/1433/6 1435/1435/6 1436/1436/6
f 1437/1437/6 1438/1438/6 1439/1439/6
f 1437/1437/6 1439/1439/6 1440/1440/6
f 1441/1441/6 1442/1442/6 1443/1443/6
f 1441/1441/6 1443/1443/6 1444/1444/6
f 1445/1445/6 1446/1446/6 1447/1447/6
f 1445/1445/6 1447/1447/6 1448/1448/6
f 1449/1449/6 1450/1450/6 1451/1451/6
f 1449/1449/6 1451/1451/6 1452/1452/6
f 1453/1453/6 1454/1454/6 1455/1455/6
f 1453/1453/6 1455/1455/6 1456/1456/6
f 1457/1457/6 1458/1458/6 1459/1459/6
f 1457/1457/6 1459/1459/6 1460/1460/6
f 1461/1461/6 1462/1462/6 1463/1463/6
f 1461/1461/6 1463/1463/6 1464/1464/6
f 1465/1465/6 1466/1466/6 1467/1467/6
f 1465/1465/6 1467/1467/6 1468/1468/6
f 1469/1469/6 1470/1470/6 1471/1471/6
f 1469/1469/6 1471/1471/6 1472/1472/6
f 1473/1473/6 1474/1474/6 1475/1475/6
f 1473/1473/6 1475/1475/6 1476/1476/6
f 1477/1477/6 1478/1478/6 1479/1479/6
f 1477/1477/6 1479/1479/6 1480/1480/6
f 1481/1481/6 1482/1482/6 1483/1483/6
f 1481/1481/6 1483/1483/6 1484/1484/6
f 1485/1485/6 1486/1486/6 1487/1487/6
f 1485/1485/6 1487/1487/6 1488/1488/6
f 1489/1489/6 1490/1490/6 1491/1491/6
f 1489/1489/6 1491/1491/6 1492/1492/6
f 1493/1493/6 1494/1494/6 1495/1495/6
f 1493/1493/6 1495/1495/6 1496/1496/6
f 1497/1497/6 1498/1498/6 1499/1499/6
f 1497/1497/6 1499/1499/6 1500/1500/6
f 1501/1501/6 1502/1502/6 1503/1503/6
f 1501/1501/6 1503/1503/6 1504/1504/6
f 1505/1505/6 1506/1506/6 1507/1507/6
f 1505/1505/6 1507/1507/6 1508/1508/6
f 1509/1509/6 1510/1510/6 1511/1511/6
f 1509/1509/6 1511/1511/6 1512/1512/6
f 1513/1513/6 1514/1514/6 1515/1515/6
f 1513/1513/6 1515/1515/6 1516/1516/6
f 1517/1517/6 1518/1518/6 1519/1519/6
f 1517/1517/6 1519/1519/6 1520/1520/6
f 1521/1521/6 1522/1522/6 1523/1523/6
f 1521/1521/6 1523/1523/6 1524/1524/6
f 1525/1525/6 1526/1526/6 1527/1527/6
f 1525/1525/6 1527/1527/6 1528/1528/6
f 1529/1529/6 1530/1530/6 1531/1531/6
f 1529/1529/6 1531/1531/6 1532/1532/6
f 1533/1533/6 1534/1534/6 1535/1535/6
f 1533/1533/6 1535/1535/6 1536/1536/6
f 1537/1537/6 1538/1538/6 1539/1539/6
f 1537/1537/6 1539/1539/6 1540/1540/6
f 1541/1541/6 1542/1542/6 1543/1543/6
f 1541/1541/6 1543/1543/6 1544/1544/6
f 1545/1545/6 1546/1546/6 1547/1547/6
f 1545/1545/6 1547/1547/6 1548/1548/6
f 1549/1549/6 1550/1550/6 1551/1551/6
f 1549/1549/6 1551/1551/6 1552/1552/6
f 1553/1553/6 1554/1554/6 1555/1555/6
f 1553/1553/6 1555/1555/6 1556/1556/6
f 1557/1557/6 1558/1558/6 1559/1559/6
f 1557/1557/6 1559/1559/6 1560/1560/6
f 1561/1561/6 1562/1562/6 1563/1563/6
f 1561/1561/6 1563/1563/6 1564/1564/6
f 1565/1565/6 1566/1566/6 1567/1567/6
f 1565/1565/6 1567/1567/6 1568/1568/6
f 1569/1569/6 1570/1570/6 1571/1571/6
f 1569/1569/6 1571/1571/6 1572/1572/6
f 1573/1573/6 1574/1574/6 1575/1575/6
f 1573/1573/6 1575/1575/6 1576/1576/6
f 1577/1577/6 1578/1578/6 1579/1579/6
f 1577/1577/6 1579/1579/6 1580/1580/6
f 1581/1581/6 1582/1582/6 1583/1583/6
f 1581/1581/6 1583/1583/6 1584/1584/6
f 1585/1585/6 1586/1586/6 1587/1587/6
f 1585/1585/6 1587/1587/6 1588/1588/6
f 1589/1589/6 1590/1590/6 1591/1591/6
f 1589/1589/6 1591/1591/6 1592/1592/6
f 1593/1593/6 1594/1594/6 1595/1595/6
f 1593/1593/6 1595/1595/6 1596/1596/6
f 1597/1597/6 1598/1598/6 1599/1599/6
f 1597/1597/6 1599/1599/6 1600/1600/6
f 1601/1601/6 1602/1602/6 1603/1603/6
f 1601/1601/6 1603/1603/6 1604/1604/6
f 1605/1605/6 1606/1606/6 1607/1607/6
f 1605/1605/6 1607/1607/6 1608/1608/6
f 1609/1609/6 1610/1610/6 1611/1611/6
f 1609/1609/6 1611/1611/6 1612/1612/6
f 1613/1613/6 1614/1614/6 1615/1615/6
f 1613/1613/6 1615/1615/6 1616/1616/6
f 1617/1617/6 1618/1618/6 1619/1619/6
f 1617/1617/6 1619/1619/6 1620/1620/6
f 1621/1621/6 1622/1622/6 1623/1623/6
f 1621/1621/6 1623/1623/6 1624/1624/6
f 1625/1625/6 1626/1626/6 1627/1627/6
f 1625/1625/6 1627/1627/6 1628/1628/6
f 1629/1629/6 1630/1630/6 1631/1631/6
f 1629/1629/6 1631/1631/6 1632/1632/6
f 1633/1633/6 1634/1634/6 1635/1635/6
f 1633/1633/6 1635/1635/6 1636/1636/6
f 1637/1637/6 1638/1638/6 1639/1639/6
f 1637/1637/6 1639/1639/6 1640/1640/6
f 1641/1641/6 1642/1642/6 1643/1643/6
f 1641/1641/6 1643/1643/6 1644/1644/6
f 1645/1645/6 1646/1646/6 1647/1647/6
f 1645/1645/6 1647/1647/6 1648/1648/6
f 1649/1649/6 1650/1650/6 1651/1651/6
f 1649/1649/6 1651/1651/6 1652/1652/6
f 1653/1653/6 1654/1654/6 1655/1655/6
f 1653/1653/6 1655/1655/6 1656/1656/6
f 1657/1657/6 1658/1658/6 1659/1659/6
f 1657/1657/6 1659/1659/6 1660/1660/6
f 1661/1661/6 1662/1662/6 1663/1663/6
f 1661/1661/6 1663/1663/6 1664/1664/6
f 1665/1665/6 1666/1666/6 1667/1667/6
f 1665/1665/6 1667/1667/6 1668/1668/6
f 1669/1669/6 1670/1670/6 1671/1671/6
f 1669/1669/6 1671/1671/6 1672/1672/6
f 1673/1673/6 1674/1674/6 1675/1675/6
f 1673/1673/6 1675/1675/6 1676/1676/6
f 1677/1677/6 1678/1678/6 1679/1679/6
f 1677/1677/6 1679/1679/6 1680/1680/6
f 1681/1681/6 1682/1682/6 1683/1683/6
f 1681/1681/6 1683/1683/6 1684/1684/6
f 1685/1685/6 1686/1686/6 1687/1687/6
f 1685/1685/6 1687/1687/6 1688/1688/6
f 1689/1689/6 1690/1690/6 1691/1691/6
f 1689/1689/6 1691/1691/6 1692/1692/6
f 1693/1693/6 1694/1694/6 1695/1695/6
f 1693/1693/6 1695/1695/6 1696/1696/6
f 1697/1697/6 1698/1698/6 1699/1699/6
f 1697/1697/6 1699/1699/6 1700/1700/6
f 1701/1701/6 1702/1702/6 1703/1703/6
f 1701/1701/6 1703/1703/6 1704/1704/6
f 1705/1705/6 1706/1706/6 1707/1707/6
f 1705/1705/6 1707/1707/6 1708/1708/6
f 1709/1709/6 1710/1710/6 1711/1711/6
f 1709/1709/6 1711/1711/6 1712/1712/6
f 1713/1713/6 1714/1714/6 1715/1715/6
f 1713/1713/6 1715/1715/6 1716/1716/6
f 1717/1717/6 1718/1718/6 1719/1719/6
f 1717/1717/6 1719/1719/6 1720/1720/6
f 1721/1721/6 1722/1722/6 1723/1723/6
f 1721/1721/6 1723/1723/6 1724/1724/6
f 1725/1725/6 1726/1726/6 1727/1727/6
f 1725/1725/6 1727/1727/6 1728/1728/6
