# Blender v2.90.1 OBJ File: ''
# www.blender.org
mtllib noise.mtl
o Cube_Cube.005
v -0.500000 -0.428615 -0.418257
v -0.500000 -0.323004 -0.326422
v -0.500000 -0.323005 -0.050917
v -0.423934 -0.237411 -0.051004
v -0.500000 -0.231170 -0.142752
v -0.420176 -0.138457 -0.418330
v -0.427177 -0.139335 -0.220634
v -0.500000 -0.153110 -0.142752
v -0.419924 -0.132461 -0.048479
v -0.427188 -0.139335 -0.037123
v -0.500000 -0.139735 -0.060647
v -0.500000 -0.047500 -0.418257
v -0.500000 -0.047500 -0.340197
v -0.500000 -0.047500 -0.220812
v -0.500000 -0.047500 -0.156527
v -0.427178 -0.125382 -0.142752
v -0.427187 -0.061295 -0.050918
v -0.419427 -0.050236 -0.044545
v -0.412725 -0.500000 -0.427049
v -0.413385 -0.500000 -0.404482
v -0.418078 -0.419772 -0.413066
v -0.427350 -0.414781 -0.326177
v -0.407131 -0.421599 -0.420638
v -0.335301 -0.500000 -0.418257
v -0.413582 -0.425150 -0.320188
v -0.413400 -0.406168 -0.051264
v -0.418002 -0.409606 -0.423090
v -0.427352 -0.322760 -0.418196
v -0.408215 -0.409588 -0.413927
v -0.406087 -0.413202 -0.321171
v -0.321522 -0.414838 -0.404491
v -0.321523 -0.401103 -0.418258
v -0.413631 -0.414260 -0.320079
v -0.413388 -0.401044 -0.326126
v -0.413385 -0.414840 -0.064677
v -0.331809 -0.414787 -0.149145
v -0.413393 -0.231150 -0.433142
v -0.414403 -0.315756 -0.426348
v -0.413424 -0.322753 -0.404367
v -0.413214 -0.307924 -0.418248
v -0.404176 -0.317429 -0.417346
v -0.413385 -0.323004 -0.326422
v -0.421650 -0.323961 -0.050921
v -0.413384 -0.336772 0.040914
v -0.413197 -0.312343 -0.050773
v -0.405874 -0.322192 0.040962
v -0.412606 -0.237672 -0.050191
v -0.399631 -0.323005 -0.050906
v -0.334517 -0.321933 -0.050829
v -0.335301 -0.231170 -0.500000
v -0.420454 -0.231306 -0.418335
v -0.500000 -0.231170 -0.418257
v -0.412514 -0.231418 -0.412041
v -0.413202 -0.229379 -0.418569
v -0.413571 -0.237817 -0.418183
v -0.413060 -0.231153 -0.337026
v -0.399632 -0.231170 -0.326421
v -0.402871 -0.231130 -0.234479
v -0.413385 -0.231155 -0.220842
v -0.413057 -0.231110 -0.153015
v -0.427134 -0.231169 -0.142753
v -0.413491 -0.231032 -0.132092
v -0.413385 -0.231169 -0.064671
v -0.399636 -0.231158 -0.142752
v -0.413385 -0.237662 -0.037178
v -0.399491 -0.231197 -0.050947
v -0.413124 -0.139364 -0.432942
v -0.413270 -0.145394 -0.419170
v -0.413401 -0.123382 -0.418449
v -0.412953 -0.139262 -0.334226
v -0.409669 -0.138771 -0.416922
v -0.402781 -0.128734 -0.326426
v -0.418637 -0.133502 -0.230266
v -0.410618 -0.145909 -0.228518
v -0.417805 -0.134154 -0.148096
v -0.408345 -0.144476 -0.147184
v -0.399587 -0.139332 -0.220631
v -0.314036 -0.139344 -0.221163
v -0.417823 -0.144501 -0.137720
v -0.416564 -0.144770 -0.056258
v -0.410802 -0.134696 -0.136501
v -0.408569 -0.134549 -0.055712
v -0.413388 -0.125533 -0.064715
v -0.399596 -0.139335 -0.064926
v -0.399587 -0.125537 -0.142753
v -0.319932 -0.146963 -0.144129
v -0.335538 -0.139338 -0.128962
v -0.427174 -0.139335 -0.064926
v -0.413385 -0.125550 -0.036908
v -0.413384 -0.153092 0.040882
v -0.408275 -0.142571 -0.045641
v -0.399592 -0.125432 -0.050917
v -0.335482 -0.153129 -0.050921
v -0.335328 -0.139338 -0.064720
v -0.335319 -0.125537 -0.050917
v -0.413385 -0.047500 -0.500000
v -0.428879 -0.047527 -0.418271
v -0.413596 -0.054293 -0.418538
v -0.413216 -0.047413 -0.402678
v -0.406587 -0.047703 -0.418089
v -0.410790 -0.054448 -0.326707
v -0.397687 -0.047082 -0.326353
v -0.427174 -0.061509 -0.234587
v -0.415859 -0.053511 -0.227126
v -0.420323 -0.050096 -0.148432
v -0.413385 -0.125550 -0.220578
v -0.413382 -0.061303 -0.156555
v -0.413242 -0.047398 -0.058902
v -0.413381 -0.061434 -0.037120
v -0.321438 -0.415751 -0.150038
v -0.321522 -0.428600 -0.149211
v -0.321522 -0.500000 0.040917
v -0.326540 -0.417565 -0.424484
v -0.312377 -0.500000 -0.417731
v -0.307713 -0.414838 -0.143015
v -0.307742 -0.414839 -0.500000
v -0.314711 -0.413681 -0.416745
v -0.321517 -0.400956 -0.142755
v -0.326105 -0.409706 -0.055791
v -0.322361 -0.317447 -0.060417
v -0.321522 -0.334374 -0.431914
v -0.332041 -0.328410 -0.418126
v -0.321516 -0.323264 -0.404421
v -0.325784 -0.227069 -0.413756
v -0.320045 -0.329466 -0.418518
v -0.307660 -0.323092 -0.418252
v -0.321522 -0.323005 -0.156523
v -0.321522 -0.301576 -0.050917
v -0.321513 -0.336776 -0.142752
v -0.321481 -0.327581 -0.147329
v -0.228089 -0.322971 0.033991
v -0.321812 -0.309179 -0.050936
v -0.227256 -0.321765 -0.043833
v -0.322882 -0.223567 -0.500000
v -0.321519 -0.217447 -0.418257
v -0.307742 -0.231170 -0.500000
v -0.321433 -0.231170 -0.404547
v -0.322938 -0.145460 -0.418249
v -0.315379 -0.237660 -0.420941
v -0.335380 -0.231160 -0.326510
v -0.321532 -0.217177 -0.326430
v -0.321521 -0.244796 -0.337808
v -0.322800 -0.231405 -0.332976
v -0.310807 -0.231045 -0.331758
v -0.315283 -0.228823 -0.230319
v -0.322353 -0.238426 -0.231329
v -0.321657 -0.230317 -0.227959
v -0.321559 -0.217022 -0.234570
v -0.321492 -0.231153 -0.156911
v -0.242910 -0.231166 -0.129824
v -0.335373 -0.231164 -0.142840
v -0.321529 -0.217250 -0.142779
v -0.321680 -0.240710 -0.150547
v -0.325224 -0.236215 -0.047130
v -0.310973 -0.231063 -0.148178
v -0.318233 -0.226005 -0.056131
v -0.335262 -0.231098 -0.050918
v -0.321521 -0.231184 -0.036775
v -0.218296 -0.244850 -0.050918
v -0.224099 -0.231074 -0.061169
v -0.229649 -0.217240 -0.050910
v -0.330886 -0.139633 -0.500000
v -0.321522 -0.153110 -0.500000
v -0.321327 -0.131107 -0.418254
v -0.307742 -0.139335 -0.500000
v -0.321468 -0.144801 -0.245212
v -0.321264 -0.146609 -0.232836
v -0.307764 -0.139332 -0.234587
v -0.307915 -0.139334 -0.156355
v -0.325901 -0.134018 -0.056196
v -0.324118 -0.132399 -0.137072
v -0.326094 -0.144043 -0.045940
v -0.321521 -0.125432 -0.064706
v -0.315039 -0.145358 -0.053622
v -0.316913 -0.134197 0.035673
v -0.321522 -0.125550 0.026909
v -0.307719 -0.139335 0.027124
v -0.315029 -0.133194 -0.048233
v -0.229714 -0.147684 -0.052163
v -0.229658 -0.139335 -0.064678
v -0.229731 -0.138925 -0.040774
v -0.229670 -0.125589 -0.050918
v -0.317104 -0.051917 -0.418280
v -0.321697 -0.037781 -0.326381
v -0.319766 -0.054763 -0.326324
v -0.307774 -0.047500 -0.326407
v -0.229658 -0.047500 -0.326422
v -0.316286 -0.052751 -0.238919
v -0.229665 -0.061262 -0.234586
v -0.331228 -0.047501 -0.142543
v -0.321521 -0.047501 -0.128992
v -0.325003 -0.044716 -0.055877
v -0.321525 -0.061303 -0.037115
v -0.315455 -0.050326 -0.046058
v -0.229660 -0.061260 -0.050918
v -0.229629 -0.047707 -0.042108
v -0.241863 -0.422991 -0.418149
v -0.230742 -0.414778 -0.405548
v -0.229658 -0.500000 -0.326422
v -0.229650 -0.428602 -0.326422
v -0.229646 -0.416080 -0.334761
v -0.229658 -0.336774 -0.234587
v -0.229658 -0.500000 -0.234587
v -0.151556 -0.414839 -0.142752
v -0.229659 -0.414837 -0.037167
v -0.229658 -0.336592 -0.431867
v -0.229658 -0.414828 0.027167
v -0.239695 -0.323493 -0.418742
v -0.234222 -0.327538 -0.230030
v -0.224875 -0.318362 -0.239508
v -0.229659 -0.309102 -0.404469
v -0.229660 -0.309223 -0.248600
v -0.242642 -0.323006 -0.221208
v -0.243438 -0.231170 -0.500000
v -0.234215 -0.234104 -0.424021
v -0.229662 -0.217473 -0.418259
v -0.229658 -0.139335 -0.418257
v -0.239613 -0.231017 -0.332022
v -0.229405 -0.230931 -0.332884
v -0.234226 -0.226653 -0.139348
v -0.229643 -0.217296 -0.326677
v -0.229658 -0.139335 -0.326422
v -0.229574 -0.241411 -0.332783
v -0.229658 -0.217411 -0.142754
v -0.229658 -0.153080 -0.241070
v -0.230455 -0.146806 -0.142704
v -0.228879 -0.231338 -0.042369
v -0.230338 -0.140263 -0.241524
v -0.218752 -0.139278 -0.240740
v -0.243546 -0.139312 -0.234673
v -0.229431 -0.139404 -0.125449
v -0.223575 -0.136615 -0.142279
v -0.229683 -0.125397 -0.234612
v -0.229694 -0.048676 -0.243129
v -0.137790 -0.416068 -0.411365
v -0.134138 -0.419916 -0.330043
v -0.144470 -0.405575 -0.233762
v -0.219128 -0.414814 -0.050649
v -0.143600 -0.407327 -0.144223
v -0.059725 -0.336933 -0.142752
v -0.215875 -0.323005 -0.248599
v -0.221635 -0.315917 -0.416580
v -0.143270 -0.320322 -0.412091
v -0.151559 -0.231171 -0.418257
v -0.215851 -0.244973 -0.234584
v -0.151586 -0.323006 -0.248386
v -0.142707 -0.318017 -0.237827
v -0.151588 -0.245098 -0.234587
v -0.218677 -0.312027 -0.050916
v -0.215879 -0.231170 -0.500000
v -0.226010 -0.230703 -0.412265
v -0.215767 -0.231162 -0.326432
v -0.151660 -0.231156 -0.326678
v -0.226598 -0.236705 -0.240646
v -0.143831 -0.233909 -0.241031
v -0.142550 -0.226353 -0.137944
v -0.151587 -0.217267 -0.142753
v -0.215502 -0.231153 -0.050940
v -0.146310 -0.230637 -0.051016
v -0.148435 -0.137927 -0.326288
v -0.144292 -0.153072 -0.326422
v -0.137795 -0.139335 -0.156517
v -0.152872 -0.047510 -0.418279
v -0.137795 -0.500000 -0.418257
v -0.137795 -0.500000 -0.220812
v -0.137795 -0.414828 -0.340145
v -0.137795 -0.428627 -0.248490
v -0.124051 -0.414839 -0.326421
v 0.032178 -0.414838 -0.326422
v -0.131599 -0.419932 -0.238788
v -0.044466 -0.422769 -0.235339
v -0.137805 -0.414854 -0.156587
v -0.137954 -0.425091 -0.148227
v -0.144591 -0.416474 -0.050424
v -0.137934 -0.414985 -0.036790
v -0.039642 -0.333398 -0.326560
v -0.137744 -0.414839 -0.220836
v -0.142710 -0.405607 -0.049976
v -0.137794 -0.413452 0.040764
v -0.137794 -0.309223 -0.404244
v -0.139383 -0.231186 -0.410652
v -0.132542 -0.328173 -0.330752
v -0.045686 -0.322946 -0.340383
v -0.137792 -0.245182 -0.248378
v -0.132872 -0.317707 -0.137573
v -0.137049 -0.314727 -0.050906
v -0.137795 -0.244930 -0.050924
v -0.135455 -0.237669 -0.135556
v -0.124031 -0.323005 -0.050919
v -0.123993 -0.309206 -0.142753
v -0.059729 -0.323005 -0.128954
v -0.059711 -0.231170 -0.500000
v -0.137804 -0.231173 -0.340235
v -0.137853 -0.241787 -0.331885
v -0.142978 -0.223864 -0.328110
v -0.131733 -0.224343 -0.232036
v -0.124031 -0.139341 -0.234587
v -0.134469 -0.225655 -0.147862
v -0.124006 -0.231170 -0.156761
v -0.059948 -0.231173 -0.220797
v -0.059738 -0.231173 -0.156555
v -0.137795 -0.217425 -0.050929
v -0.137840 -0.131925 -0.129399
v -0.123834 -0.244964 -0.142756
v -0.123778 -0.231167 -0.128962
v -0.048889 -0.236840 -0.137562
v -0.051155 -0.225685 -0.145890
v -0.056164 -0.133010 -0.142916
v -0.128185 -0.231459 -0.050933
v -0.137795 -0.139335 -0.418257
v -0.056302 -0.139407 -0.418535
v -0.139313 -0.140446 -0.334360
v -0.138087 -0.125516 -0.326437
v -0.045938 -0.139335 -0.312676
v -0.137581 -0.139337 -0.224889
v -0.145247 -0.139177 -0.142300
v -0.129954 -0.132781 -0.143980
v -0.137781 -0.124347 -0.142756
v -0.137795 -0.047500 -0.050917
v -0.137458 -0.048402 -0.424408
v -0.137674 -0.062087 -0.418273
v -0.137861 -0.047353 -0.411163
v -0.137795 -0.047500 -0.326422
v -0.137795 -0.047500 -0.234587
v -0.137787 -0.047500 -0.156515
v -0.137713 -0.056391 -0.143821
v -0.045821 -0.500000 -0.153062
v -0.045932 -0.500000 -0.418257
v -0.045932 -0.414839 -0.418257
v 0.045827 -0.416760 -0.418079
v -0.040563 -0.419788 -0.147129
v 0.151435 -0.428539 -0.142752
v -0.045741 -0.423946 0.042447
v -0.041669 -0.420102 -0.045349
v -0.031914 -0.414839 -0.037138
v -0.032499 -0.414846 0.048405
v 0.215697 -0.428619 -0.050918
v 0.039083 -0.414697 -0.418588
v -0.052137 -0.411950 -0.228947
v -0.048057 -0.329643 -0.227376
v -0.050567 -0.409705 -0.147691
v -0.045929 -0.401049 -0.220575
v -0.045931 -0.337013 -0.156537
v -0.059975 -0.414946 0.040950
v -0.059724 -0.400937 -0.050918
v -0.047608 -0.407488 0.046097
v -0.048445 -0.410570 -0.044619
v -0.051000 -0.319248 -0.047392
v -0.045932 -0.323004 -0.500000
v -0.045282 -0.312429 -0.331048
v -0.040496 -0.319547 -0.148119
v -0.032140 -0.323007 -0.326450
v 0.032168 -0.323005 -0.326317
v -0.059721 -0.337013 -0.234587
v -0.045932 -0.244771 -0.248224
v -0.052404 -0.325572 -0.148432
v -0.045935 -0.309049 -0.156547
v -0.048789 -0.317978 -0.137056
v -0.045932 -0.309281 -0.050923
v -0.032129 -0.244969 -0.142751
v 0.041251 -0.317851 -0.145753
v -0.045831 -0.323005 -0.037172
v -0.046229 -0.239047 -0.050794
v 0.050200 -0.320663 -0.044662
v -0.046270 -0.222078 -0.500000
v -0.045933 -0.244797 -0.312785
v -0.051742 -0.226246 -0.329159
v -0.045929 -0.153347 -0.340212
v -0.037676 -0.232442 -0.325476
v -0.048941 -0.225505 -0.229378
v -0.036056 -0.231770 -0.234719
v -0.045932 -0.139335 -0.220827
v -0.045828 -0.139304 -0.156787
v -0.041245 -0.235950 -0.148282
v 0.040578 -0.234382 -0.148276
v -0.059721 -0.245179 -0.142753
v -0.059724 -0.231169 -0.128849
v -0.042382 -0.225821 -0.056123
v -0.032125 -0.231173 -0.064721
v -0.039894 -0.224417 -0.140103
v -0.032163 -0.139335 -0.142752
v 0.031919 -0.231170 -0.128967
v -0.059695 -0.231093 -0.050918
v -0.045932 -0.231166 -0.037162
v -0.045932 -0.232826 0.034051
v -0.051094 -0.047237 -0.046999
v 0.054527 -0.232536 -0.043927
v -0.032312 -0.040170 -0.050920
v 0.031915 -0.217379 -0.050914
v -0.045931 -0.152944 -0.431884
v -0.050905 -0.143885 -0.331244
v -0.039883 -0.133358 -0.323858
v -0.055678 -0.139351 -0.234411
v -0.041237 -0.139362 -0.238729
v 0.039172 -0.138478 -0.234655
v -0.045930 -0.123796 -0.142758
v -0.044705 -0.132780 -0.134911
v -0.045985 -0.032983 -0.418409
v -0.045932 -0.047500 -0.234587
v -0.045968 -0.051556 -0.147450
v -0.046327 -0.031656 -0.050518
v -0.500000 -0.414839 0.132752
v -0.413385 -0.414839 0.132752
v -0.500000 -0.414839 0.224587
v -0.413431 -0.230846 0.050976
v -0.413387 -0.217429 0.040917
v -0.412989 -0.231124 0.216721
v -0.500000 -0.231170 0.238362
v -0.413387 -0.217432 0.224598
v -0.418953 -0.136336 0.034902
v -0.427188 -0.125540 0.040918
v -0.500000 -0.153110 0.040917
v -0.500000 -0.139335 0.132752
v -0.500000 -0.139335 0.500000
v -0.420011 -0.054238 0.038460
v -0.427187 -0.047500 0.027122
v -0.500000 -0.055931 0.133223
v -0.413097 -0.047475 0.146589
v -0.406883 -0.061234 0.224587
v -0.413420 -0.416619 0.221964
v -0.413385 -0.414839 0.408257
v -0.336445 -0.414760 0.408262
v -0.413385 -0.414840 0.500000
v -0.413356 -0.337682 0.224549
v -0.415311 -0.414842 0.227256
v -0.413383 -0.399297 0.224589
v -0.407124 -0.413089 0.224554
v -0.335722 -0.414838 0.316383
v -0.335681 -0.414858 0.224574
v -0.413385 -0.414839 0.316422
v -0.419229 -0.325909 0.044782
v -0.413076 -0.323034 0.048251
v -0.413390 -0.326842 0.128071
v -0.413385 -0.321474 0.210812
v -0.423667 -0.328577 0.224662
v -0.413378 -0.323016 0.238515
v -0.413385 -0.323005 0.316422
v -0.404318 -0.324510 0.224434
v -0.327742 -0.323875 0.224347
v -0.399001 -0.231290 0.316445
v -0.413245 -0.245729 0.408219
v -0.413385 -0.323005 0.408257
v -0.335319 -0.323301 0.408260
v -0.413385 -0.323005 0.500000
v -0.412848 -0.147065 0.224591
v -0.417976 -0.236221 0.229537
v -0.426731 -0.231214 0.323847
v -0.411090 -0.224840 0.321015
v -0.399638 -0.231170 0.224660
v -0.328098 -0.230367 0.224723
v -0.414549 -0.238977 0.318709
v -0.413329 -0.231110 0.331057
v -0.413865 -0.231470 0.401796
v -0.419578 -0.231037 0.409259
v -0.413403 -0.231185 0.423527
v -0.413241 -0.215545 0.408166
v -0.406929 -0.230177 0.408366
v -0.225516 -0.231170 0.412950
v -0.413385 -0.231170 0.500000
v -0.403800 -0.140102 0.047717
v -0.413386 -0.152972 0.330049
v -0.399631 -0.139335 0.224602
v -0.404171 -0.140079 0.316751
v -0.413323 -0.139623 0.415345
v -0.413385 -0.139335 0.500000
v -0.413382 -0.061303 0.027115
v -0.405714 -0.055448 0.132795
v -0.412995 -0.047348 0.216669
v -0.399589 -0.047502 0.224563
v -0.327741 -0.425578 0.224464
v -0.315466 -0.417403 0.040915
v -0.321522 -0.414839 0.132752
v -0.321531 -0.414772 0.210586
v -0.328461 -0.423169 0.316597
v -0.321633 -0.414833 0.330331
v -0.328006 -0.428585 0.408257
v -0.323465 -0.415942 0.400200
v -0.321609 -0.322818 0.217946
v -0.328018 -0.414839 0.302684
v -0.328934 -0.414794 0.237940
v -0.322855 -0.406188 0.225310
v -0.234808 -0.409631 0.228998
v -0.323270 -0.406558 0.315835
v -0.321583 -0.328464 0.397640
v -0.321536 -0.337162 0.316443
v -0.311062 -0.329175 0.316267
v -0.234339 -0.409972 0.311733
v -0.325099 -0.411874 0.413993
v -0.321633 -0.400921 0.408245
v -0.229670 -0.414840 0.422005
v -0.321522 -0.323005 0.132752
v -0.306663 -0.322996 0.224626
v -0.321203 -0.324243 0.225314
v -0.321229 -0.316023 0.224537
v -0.321522 -0.323001 0.302664
v -0.335376 -0.323047 0.316407
v -0.321718 -0.330114 0.325999
v -0.243443 -0.400884 0.316422
v -0.321553 -0.336838 0.408237
v -0.329054 -0.323080 0.416442
v -0.229662 -0.323002 0.422007
v -0.321433 -0.231158 0.211349
v -0.321887 -0.237620 0.224321
v -0.321529 -0.215639 0.224592
v -0.321499 -0.231171 0.239828
v -0.315372 -0.231063 0.225576
v -0.323522 -0.231172 0.322549
v -0.316827 -0.231197 0.312280
v -0.233781 -0.230643 0.315257
v -0.325664 -0.231170 0.403563
v -0.229028 -0.138747 0.033219
v -0.229663 -0.125611 0.040918
v -0.335317 -0.139334 0.133052
v -0.321660 -0.150943 0.138726
v -0.325790 -0.133079 0.135094
v -0.229660 -0.125581 0.132752
v -0.321553 -0.139351 0.146570
v -0.322002 -0.139395 0.223237
v -0.216017 -0.139336 0.210950
v -0.327365 -0.140768 0.232174
v -0.321520 -0.153100 0.224587
v -0.243315 -0.139337 0.320136
v -0.321566 -0.139325 0.327284
v -0.325985 -0.133086 0.222194
v -0.229439 -0.129135 0.224167
v -0.335276 -0.139333 0.316422
v -0.321522 -0.139335 0.500000
v -0.328413 -0.047286 0.318057
v -0.321526 -0.061434 0.027120
v -0.314384 -0.053610 0.038462
v -0.229658 -0.061260 0.040918
v -0.229658 -0.500000 0.500000
v -0.239231 -0.414725 0.041592
v -0.229657 -0.414828 0.054668
v -0.221763 -0.414840 0.040392
v -0.233454 -0.419887 0.129408
v -0.137801 -0.428602 0.132752
v -0.235097 -0.419684 0.220077
v -0.229658 -0.428626 0.210633
v -0.229553 -0.415078 0.325823
v -0.229664 -0.416655 0.401761
v -0.229658 -0.414840 0.500000
v -0.231954 -0.318411 0.047247
v -0.243405 -0.414839 0.132753
v -0.229658 -0.414839 0.119024
v -0.224488 -0.409588 0.137082
v -0.226958 -0.408152 0.218571
v -0.243452 -0.414840 0.238540
v -0.243460 -0.400940 0.224587
v -0.229658 -0.401054 0.238596
v -0.229665 -0.406028 0.408343
v -0.231106 -0.318147 0.040990
v -0.216235 -0.315537 0.040913
v -0.234708 -0.321231 0.128813
v -0.220591 -0.315104 0.132953
v -0.229827 -0.306654 0.132607
v -0.229764 -0.322957 0.210554
v -0.229665 -0.322892 0.146658
v -0.243417 -0.323004 0.224587
v -0.230569 -0.317429 0.233795
v -0.220463 -0.315789 0.224343
v -0.229655 -0.307647 0.224583
v -0.229658 -0.379636 0.302647
v -0.229661 -0.336795 0.330378
v -0.229658 -0.323005 0.500000
v -0.240189 -0.231340 0.034707
v -0.229657 -0.244967 0.040870
v -0.229673 -0.231197 0.027101
v -0.218989 -0.236603 0.040852
v -0.235512 -0.233976 0.138605
v -0.229622 -0.244930 0.132753
v -0.243457 -0.231202 0.224585
v -0.230433 -0.240377 0.224078
v -0.229658 -0.237665 0.238325
v -0.235380 -0.230300 0.325488
v -0.229767 -0.217218 0.316385
v -0.223183 -0.137318 0.138232
v -0.234248 -0.144398 0.229535
v -0.226431 -0.134173 0.316671
v -0.229669 -0.139336 0.331794
v -0.229891 -0.148200 0.318225
v -0.229658 -0.139335 0.500000
v -0.229720 -0.048676 0.032375
v -0.229659 -0.061136 0.394621
v -0.220449 -0.047690 0.407955
v -0.137795 -0.500000 0.132752
v -0.144257 -0.415788 0.040732
v -0.137821 -0.416241 0.124754
v -0.216050 -0.428385 0.316421
v -0.215864 -0.414842 0.210575
v -0.137806 -0.414840 0.146496
v -0.137785 -0.414855 0.210753
v -0.132614 -0.407489 0.222911
v -0.137468 -0.312565 0.224591
v -0.224141 -0.326116 0.321590
v -0.137546 -0.322961 0.330338
v -0.222359 -0.326018 0.408700
v -0.144236 -0.323029 0.409165
v -0.137797 -0.231169 0.146501
v -0.151563 -0.139335 0.316422
v -0.142642 -0.226248 0.321110
v -0.151564 -0.231170 0.408257
v -0.215914 -0.139335 0.040990
v -0.137795 -0.139335 0.040917
v -0.153158 -0.047511 0.408268
v -0.222455 -0.048632 0.500067
v -0.059711 -0.500000 0.408257
v -0.137788 -0.414843 0.056450
v -0.137804 -0.425186 0.041001
v -0.137738 -0.425518 0.219147
v -0.123911 -0.414830 0.224474
v -0.131344 -0.416685 0.316421
v -0.137718 -0.337562 0.408246
v -0.130971 -0.414711 0.040701
v -0.137796 -0.238990 0.132771
v -0.137904 -0.405533 0.133565
v -0.059692 -0.414839 0.224587
v -0.132533 -0.320615 0.316568
v -0.137742 -0.241775 0.309952
v -0.124041 -0.323005 0.224589
v -0.059683 -0.323005 0.224688
v -0.132369 -0.333548 0.316530
v -0.137533 -0.323821 0.402108
v -0.137803 -0.323010 0.423522
v -0.136248 -0.321082 0.408517
v -0.045932 -0.323005 0.500000
v -0.137809 -0.235311 0.219894
v -0.129693 -0.131968 0.316292
v -0.124035 -0.231169 0.316422
v -0.139629 -0.224303 0.414392
v -0.137797 -0.231156 0.423633
v -0.137795 -0.231170 0.500000
v -0.132741 -0.234532 0.408360
v -0.137797 -0.139329 0.302217
v -0.139050 -0.132808 0.324115
v -0.137797 -0.123819 0.316401
v -0.137794 -0.139263 0.417083
v -0.137795 -0.139335 0.500000
v -0.137780 -0.125585 0.408255
v -0.043572 -0.138567 0.415520
v -0.137795 -0.047500 0.040917
v -0.137795 -0.047500 0.132752
v -0.137795 -0.047500 0.316422
v -0.138540 -0.053978 0.408292
v -0.137930 -0.046482 0.406740
v -0.137526 -0.047364 0.423713
v -0.137795 -0.047500 0.500000
v -0.045931 -0.428384 0.330060
v -0.045968 -0.414823 0.055836
v -0.045906 -0.423381 0.131576
v -0.045923 -0.414838 0.118990
v -0.045991 -0.423697 0.214243
v -0.052203 -0.417866 0.316907
v -0.046414 -0.500000 0.398397
v -0.049872 -0.320216 0.219689
v -0.040806 -0.409841 0.229226
v -0.041337 -0.409691 0.311181
v -0.045932 -0.401054 0.302413
v -0.045935 -0.336808 0.238390
v -0.032142 -0.414840 0.302413
v -0.032139 -0.400887 0.224587
v 0.045879 -0.414663 0.235069
v 0.045931 -0.401094 0.224587
v -0.045936 -0.336939 0.302625
v -0.038829 -0.329090 0.313872
v 0.045834 -0.413041 0.309202
v 0.045929 -0.401096 0.316422
v 0.039060 -0.323231 0.408307
v -0.045929 -0.321347 0.034069
v -0.045930 -0.309306 0.040918
v -0.045931 -0.315736 0.134394
v 0.051326 -0.322856 0.030427
v 0.046184 -0.309113 0.040942
v -0.045930 -0.323005 0.146493
v 0.045974 -0.323061 0.210652
v -0.050684 -0.318915 0.320534
v -0.045926 -0.309277 0.224587
v -0.045931 -0.309266 0.316421
v -0.039574 -0.325672 0.229793
v 0.050527 -0.316654 0.222299
v 0.030978 -0.231108 0.224591
v -0.059684 -0.323096 0.316422
v -0.045850 -0.323005 0.330111
v 0.046336 -0.331283 0.315438
v 0.045930 -0.323005 0.330172
v -0.048150 -0.323012 0.401973
v -0.041702 -0.323030 0.412941
v -0.045923 -0.244934 0.040918
v -0.045932 -0.139335 0.132752
v -0.045932 -0.231170 0.224587
v -0.053331 -0.231249 0.316422
v -0.046007 -0.238090 0.317994
v -0.045930 -0.231170 0.302659
v -0.050395 -0.224921 0.314029
v 0.032200 -0.150670 0.316422
v 0.046190 -0.231160 0.330268
v 0.046226 -0.217365 0.316430
v 0.052416 -0.244915 0.316422
v -0.035484 -0.231163 0.408580
v -0.045932 -0.231155 0.422007
v -0.045932 -0.231170 0.500000
v -0.045917 -0.139335 0.054662
v -0.045928 -0.129073 0.041242
v -0.045932 -0.139335 0.500000
v -0.034951 -0.128357 0.408258
v -0.051775 -0.048933 0.048504
v -0.045953 -0.061307 0.040915
v -0.046123 -0.052957 0.030731
v -0.046225 -0.038664 0.316423
v -0.399744 -0.047500 -0.248173
v -0.500000 -0.033725 -0.326422
v -0.413330 -0.037423 -0.234615
v -0.413472 -0.047501 -0.129047
v -0.413390 -0.033773 -0.050916
v -0.413385 0.044335 -0.050917
v -0.500000 0.136170 -0.326422
v -0.413385 0.136170 -0.500000
v -0.413396 0.149911 -0.418257
v -0.413448 0.136303 -0.408808
v -0.500000 0.135875 -0.427529
v -0.427027 0.214402 -0.050917
v -0.500000 0.136170 -0.050917
v -0.406879 0.228005 -0.248319
v -0.500000 0.227498 -0.242698
v -0.413394 0.213847 -0.142746
v -0.427136 0.319839 -0.326422
v -0.415385 0.319839 -0.136625
v -0.427136 0.319839 -0.050816
v -0.500000 0.319839 0.040917
v -0.413385 0.411674 -0.142752
v -0.500000 0.500000 -0.418257
v -0.500000 0.500000 -0.142752
v -0.413181 -0.047119 -0.424931
v -0.335301 -0.047500 -0.500000
v -0.413395 -0.032796 -0.418260
v -0.413385 0.136170 -0.326422
v -0.411818 -0.038776 -0.326187
v -0.335273 -0.047500 -0.326407
v -0.408332 -0.043745 -0.139452
v -0.406889 -0.045488 0.046397
v -0.413385 -0.033759 0.040915
v -0.399652 -0.047499 -0.050905
v -0.335270 -0.047500 -0.050817
v -0.329347 -0.047084 0.048673
v -0.413385 -0.033777 -0.142752
v -0.413401 0.132332 -0.422938
v -0.413385 0.228005 -0.418257
v -0.413385 0.216647 -0.156432
v -0.335268 0.136170 -0.050917
v -0.332044 0.229252 -0.327501
v -0.413063 0.222468 -0.237378
v -0.413108 0.222708 -0.224280
v -0.399581 0.228000 -0.234590
v -0.423796 0.222655 -0.142546
v -0.413379 0.227978 -0.128855
v -0.404093 0.227343 -0.142910
v -0.414158 0.227065 -0.060154
v -0.417015 0.323454 -0.056056
v -0.410937 0.234916 0.034898
v -0.399579 0.228002 0.027120
v -0.406893 0.234145 -0.048233
v -0.321533 0.228005 -0.037194
v -0.321526 0.241727 -0.050917
v -0.413490 0.329646 -0.326416
v -0.411051 0.320462 -0.229292
v -0.413385 0.305831 -0.037132
v -0.413388 0.306037 0.027116
v -0.399478 0.306051 -0.050918
v -0.407373 0.317031 -0.045931
v -0.321522 0.319840 -0.037178
v -0.413385 0.319839 -0.418257
v -0.313625 0.401988 -0.326493
v -0.419136 0.322801 -0.231011
v -0.413365 0.333882 -0.234569
v -0.408690 0.319838 -0.146894
v -0.331646 0.320057 -0.142697
v -0.413377 0.333565 -0.050917
v -0.413385 0.333558 0.040912
v -0.413385 0.411674 -0.050917
v -0.335433 0.319836 -0.064711
v -0.427165 0.411674 -0.500000
v -0.416730 0.406637 -0.414419
v -0.427132 0.411747 -0.418257
v -0.413385 0.411676 -0.404568
v -0.413382 0.409675 -0.332549
v -0.413751 0.500164 -0.410068
v -0.321617 0.397914 -0.418258
v -0.321522 0.411675 -0.404516
v -0.413374 0.411674 -0.312673
v -0.413355 0.420602 -0.326204
v -0.321412 0.411716 -0.340371
v -0.317253 0.414016 -0.320166
v -0.419775 0.410292 -0.234823
v -0.413359 0.412585 -0.234894
v -0.413393 0.401290 -0.234535
v -0.411017 0.411964 -0.234299
v -0.413385 0.500000 -0.142752
v -0.236156 0.411674 -0.248325
v -0.413385 0.500000 -0.234587
v -0.321748 -0.039537 -0.418226
v -0.321522 0.228005 -0.500000
v -0.321522 0.044335 -0.234587
v -0.327489 -0.044923 -0.228632
v -0.321521 -0.033758 -0.234587
v -0.229656 -0.047500 -0.220796
v -0.321521 -0.033777 -0.050917
v -0.321521 -0.033754 0.040917
v -0.229760 -0.045795 -0.058281
v -0.321545 0.043956 -0.410336
v -0.321513 0.030572 -0.326422
v -0.321496 0.042811 -0.334133
v -0.321487 0.045346 -0.318585
v -0.321521 0.058073 -0.326422
v -0.237404 0.127326 -0.051532
v -0.321531 0.213954 -0.326532
v -0.321522 0.136170 -0.142752
v -0.322508 0.132481 -0.056741
v -0.325628 0.131414 0.044967
v -0.319280 0.141149 -0.043914
v -0.316025 0.141523 0.037984
v -0.321522 0.149967 0.027125
v -0.307715 0.136167 0.027114
v -0.307732 0.150123 -0.050918
v -0.243671 0.136169 -0.037132
v -0.327882 0.226433 -0.319296
v -0.321519 0.228004 -0.340190
v -0.220443 0.241349 -0.326425
v -0.330300 0.227765 -0.142812
v -0.321522 0.214245 -0.142746
v -0.243406 0.136171 -0.142752
v -0.320939 0.236288 -0.142751
v -0.307768 0.228004 -0.142750
v -0.326445 0.223159 -0.055605
v -0.316680 0.230788 -0.046975
v -0.321522 0.319839 -0.500000
v -0.321522 0.319839 -0.418257
v -0.240419 0.310560 -0.326468
v -0.321522 0.306077 -0.142744
v -0.310757 0.319682 -0.142733
v -0.317730 0.314789 -0.047266
v -0.229658 0.319839 -0.142752
v -0.229658 0.319839 -0.050917
v -0.307777 0.319938 -0.050918
v -0.321522 0.333583 -0.142737
v -0.321522 0.500000 -0.142752
v -0.325823 0.325300 -0.055911
v -0.322309 0.418028 -0.060419
v -0.321355 0.499988 -0.410053
v -0.315883 0.407942 -0.416975
v -0.321522 0.500000 -0.326422
v -0.321264 0.425512 -0.326441
v -0.306749 0.411710 -0.326417
v -0.236383 0.412652 -0.235344
v -0.335286 0.411674 -0.050917
v -0.321522 0.397909 0.040917
v -0.317093 0.406714 -0.045693
v -0.229667 0.404370 -0.049173
v -0.234240 0.411624 -0.036704
v -0.229682 -0.039055 -0.234165
v -0.229658 0.044335 -0.234587
v -0.229658 -0.033810 -0.050917
v -0.239836 0.038024 -0.051049
v -0.229554 0.038907 0.030368
v -0.228775 0.037627 -0.048872
v -0.229658 0.044336 -0.404496
v -0.227292 0.228002 -0.411883
v -0.229659 0.124812 -0.340102
v -0.229426 0.045564 -0.323250
v -0.229655 0.044125 -0.333672
v -0.229658 0.044335 -0.142752
v -0.229658 0.044339 -0.064672
v -0.229641 0.121715 -0.036344
v -0.225139 0.130989 -0.045870
v -0.239908 0.130615 -0.326324
v -0.229632 0.135917 -0.312536
v -0.228181 0.129708 -0.326683
v -0.233424 0.131106 -0.146344
v -0.137816 0.129059 -0.144342
v -0.224186 0.141332 -0.138379
v -0.227210 0.143082 -0.056937
v -0.229658 0.228004 -0.128993
v -0.236498 0.143390 -0.048737
v -0.243616 0.136170 -0.064703
v -0.235864 0.138893 0.034933
v -0.229658 0.122384 -0.064871
v -0.229655 0.149960 -0.036905
v -0.229658 0.227996 -0.037157
v -0.237718 0.227995 -0.049795
v -0.228070 0.227980 -0.058522
v -0.216675 0.228001 -0.418243
v -0.045932 0.228005 -0.500000
v -0.234249 0.222953 -0.321472
v -0.225548 0.232114 -0.331232
v -0.243427 0.228005 -0.234589
v -0.229964 0.217847 -0.228455
v -0.234881 0.235358 -0.232951
v -0.229674 0.228002 -0.220786
v -0.233801 0.227981 -0.147446
v -0.229658 0.319892 -0.340177
v -0.229648 0.396945 -0.142697
v -0.229659 0.397943 -0.411755
v -0.307753 0.499999 -0.418257
v -0.229558 0.412088 -0.402533
v -0.236588 0.411137 -0.417784
v -0.229278 0.419424 -0.416268
v -0.234118 0.411666 -0.330870
v -0.235910 0.401102 -0.234512
v -0.229910 0.425571 -0.234554
v -0.229922 0.411678 -0.220784
v -0.229658 0.411675 -0.156509
v -0.237181 0.404892 -0.143171
v -0.220523 0.411504 -0.142523
v -0.229520 0.499975 -0.133557
v -0.229663 0.411662 0.027112
v -0.229419 0.500156 0.032550
v -0.229658 0.500000 -0.234587
v -0.236968 0.500149 -0.144108
v -0.219719 0.033759 -0.418195
v -0.148201 0.038880 -0.418130
v -0.153325 0.044127 -0.142651
v -0.137794 0.059874 -0.142757
v -0.215740 0.044317 -0.050960
v -0.143907 0.142226 -0.415774
v -0.215777 0.136083 -0.326402
v -0.229658 0.136170 -0.156505
v -0.151636 0.136191 -0.326680
v -0.137814 0.150075 -0.326533
v -0.143338 0.133380 -0.231519
v -0.215864 0.136167 -0.064930
v -0.137926 0.136454 -0.132419
v -0.137801 0.136170 -0.064672
v -0.137806 0.149916 -0.142753
v -0.215851 0.136173 -0.037115
v -0.215894 0.227996 -0.050917
v -0.143011 0.130833 -0.047527
v -0.151584 0.136170 0.026909
v -0.045932 0.228005 -0.418257
v -0.133903 0.222976 -0.326414
v -0.137795 0.228005 -0.142752
v -0.220626 0.227988 -0.142543
v -0.151549 0.228004 -0.050917
v -0.136816 0.318116 -0.333682
v -0.091863 0.306548 -0.326414
v -0.137795 0.411674 -0.500000
v -0.136438 0.411566 -0.332898
v -0.148078 0.411749 -0.331995
v -0.142607 0.416521 -0.239218
v -0.151549 0.411676 -0.142753
v -0.151567 0.499996 -0.234587
v -0.215898 0.499997 -0.142752
v -0.137795 0.032966 -0.431913
v -0.135820 -0.045857 -0.417914
v -0.137937 0.044393 -0.149729
v -0.137783 -0.047500 -0.129052
v -0.137766 -0.038460 -0.142629
v -0.138252 0.037990 -0.142776
v -0.045946 -0.047500 -0.129013
v -0.045954 -0.039663 -0.141741
v -0.137791 0.044329 -0.404357
v -0.135180 0.038483 -0.418413
v -0.123936 0.044080 -0.418228
v -0.137795 0.030572 -0.234587
v -0.137755 0.043216 -0.243263
v -0.137768 0.044757 -0.226141
v -0.137795 0.058074 -0.234587
v -0.045943 0.044335 -0.220848
v -0.137288 0.044302 -0.136541
v -0.131513 0.045469 -0.142675
v -0.148408 0.044468 -0.050823
v -0.137795 0.044335 -0.037174
v -0.137632 0.044490 -0.061781
v -0.131115 0.143332 -0.052727
v -0.124042 0.044346 -0.050917
v -0.054666 0.044049 -0.050921
v -0.036846 0.136586 -0.050916
v -0.137745 0.136170 -0.404508
v -0.131642 0.129592 -0.420902
v -0.045933 0.149909 -0.418258
v -0.050488 0.133196 -0.424011
v -0.137795 0.122489 -0.337780
v -0.139094 0.136075 -0.332923
v -0.126970 0.136298 -0.331710
v -0.132237 0.139598 -0.234411
v -0.045932 0.136170 -0.234587
v -0.137650 0.136160 -0.227229
v -0.140858 0.130529 0.035500
v -0.137795 0.214259 -0.228105
v -0.124041 0.228005 -0.326421
v -0.129769 0.228595 -0.234371
v -0.137786 0.228001 -0.220758
v -0.137844 0.236858 -0.050916
v -0.137795 0.319839 -0.500000
v -0.137795 0.397994 -0.337780
v -0.132623 0.322420 -0.326934
v -0.124031 0.319839 -0.234595
v -0.060705 0.319874 -0.326418
v -0.137720 0.330593 -0.234586
v -0.052930 0.320380 -0.235416
v -0.137790 0.425521 -0.326680
v -0.133777 0.406738 -0.230686
v -0.123995 0.411678 -0.326718
v -0.045932 0.500000 -0.326422
v -0.126817 0.411671 -0.223613
v -0.137875 0.411675 -0.133666
v -0.144753 0.499993 -0.141071
v -0.137795 0.499998 -0.128986
v -0.137787 0.397911 -0.050917
v -0.137721 0.410555 -0.059594
v -0.137783 0.411673 -0.037217
v -0.137767 0.420251 -0.050402
v -0.137795 0.500000 -0.050917
v -0.045932 0.411674 -0.037178
v -0.045954 0.419511 -0.049906
v -0.137795 0.500000 -0.326422
v -0.138525 0.499859 -0.244808
v -0.051105 -0.046092 -0.422090
v -0.052903 -0.047394 -0.410205
v 0.045931 -0.047500 -0.404510
v 0.048700 -0.047356 -0.332496
v -0.045932 0.044335 -0.142752
v -0.045819 -0.047137 -0.061522
v 0.045926 -0.032515 -0.050920
v -0.059795 0.044244 -0.418252
v -0.046048 0.038793 -0.428480
v -0.045816 0.043122 -0.409062
v -0.045923 0.029674 -0.418242
v -0.032152 0.045866 -0.418257
v -0.045941 0.051993 -0.233724
v -0.045932 0.044236 -0.242327
v -0.045932 0.030575 -0.050911
v -0.032152 0.136170 -0.500000
v -0.041761 0.136932 -0.413161
v 0.124236 0.136169 -0.418257
v -0.045562 0.144594 0.040957
v -0.045916 0.151019 -0.050920
v -0.032173 0.136170 0.040917
v 0.039039 0.136789 -0.050992
v -0.045932 0.221516 0.027176
v -0.045932 0.319839 -0.500000
v -0.052201 0.309242 -0.234530
v -0.046195 0.319842 -0.220785
v -0.045932 0.319839 -0.142752
v -0.050077 0.322286 -0.320266
v -0.046222 0.333664 -0.326439
v 0.045932 0.319839 -0.312675
v -0.052415 0.319840 -0.248331
v -0.045976 0.333758 -0.234570
v 0.046319 0.325474 -0.237436
v -0.045932 0.397908 -0.142755
v -0.045921 0.411674 -0.404516
v -0.045928 0.419563 -0.417620
v 0.045921 0.425415 -0.418257
v -0.046282 0.409975 -0.326571
v -0.046706 0.411717 -0.332883
v -0.045925 0.411670 -0.310891
v -0.039103 0.411349 -0.326248
v -0.045440 0.418206 -0.326917
v -0.044407 0.412146 -0.245048
v -0.059678 0.411674 -0.241072
v -0.046300 0.404732 -0.234666
v -0.032170 0.411674 -0.234584
v 0.124026 0.411674 -0.234587
v -0.045917 0.425310 -0.139071
v -0.051760 0.408764 -0.138889
v -0.045915 0.411658 -0.127251
v -0.038818 0.412974 -0.142398
v -0.045932 0.407619 -0.055615
v -0.045932 0.500000 -0.050917
v -0.045932 0.500000 -0.418257
v -0.500000 -0.039067 0.041438
v -0.413379 -0.033531 0.132771
v -0.407362 -0.047432 0.123586
v -0.499902 0.059435 0.316423
v -0.399741 0.136168 0.210999
v -0.413272 0.220402 0.224589
v -0.412741 0.144586 0.223974
v -0.328202 0.136778 0.408345
v -0.427026 0.214396 0.040917
v -0.427139 0.228004 0.224602
v -0.413385 0.044335 0.040917
v -0.399203 -0.047498 0.132732
v -0.229658 -0.047500 0.224587
v -0.411260 -0.041081 0.322578
v -0.409182 0.039493 0.132756
v -0.413389 0.030825 0.362339
v -0.399618 0.044335 0.132768
v -0.321533 0.122342 0.132735
v -0.413325 0.044490 0.325267
v -0.407430 0.042224 0.317905
v -0.400905 0.044484 0.406567
v -0.412632 0.040987 0.397708
v -0.405429 0.044106 0.500069
v -0.413073 0.144157 0.316459
v -0.335292 0.136170 0.132759
v -0.335204 0.136167 0.316424
v -0.321522 0.136170 0.500000
v -0.413696 0.227338 0.050858
v -0.418432 0.323627 0.044619
v -0.317831 0.231754 0.035899
v -0.321523 0.241726 0.040917
v -0.413385 0.228005 0.132752
v -0.413867 0.237949 0.224728
v -0.413385 0.214238 0.316422
v -0.406904 0.225904 0.321507
v -0.399632 0.228005 0.224602
v -0.413965 0.227758 0.322534
v -0.416564 0.233364 0.316782
v -0.413385 0.228004 0.500000
v -0.413385 0.319839 0.132752
v -0.406186 0.313735 0.038472
v -0.321523 0.306079 0.040918
v -0.413304 0.319839 0.054608
v -0.413385 0.411674 0.040918
v -0.321555 0.321481 0.048187
v -0.321533 0.333581 0.040917
v -0.321522 0.319839 0.132752
v -0.413385 0.319839 0.224587
v -0.329567 0.319872 0.304696
v -0.413385 0.319839 0.500000
v -0.413385 0.411674 0.132752
v -0.328006 0.411674 0.302677
v -0.330867 0.411747 0.132534
v -0.335291 0.499995 0.132752
v -0.413385 0.500000 0.316422
v -0.229673 -0.047500 0.054665
v -0.326823 -0.047417 0.305477
v -0.229650 -0.040285 0.315308
v -0.321583 -0.033017 0.316567
v -0.321507 -0.047501 0.422003
v -0.321522 -0.047500 0.500000
v -0.321486 -0.037271 0.408606
v -0.243617 0.122383 0.040917
v -0.321522 0.044335 0.132752
v -0.325364 0.045011 0.316593
v -0.321608 0.044311 0.301271
v -0.321639 0.038216 0.315646
v -0.321448 0.044439 0.401460
v -0.320667 0.051207 0.316571
v -0.306261 0.044320 0.316394
v -0.229658 0.044335 0.316422
v -0.336901 0.044347 0.408255
v -0.321886 0.037656 0.408068
v -0.321488 0.060217 0.408412
v -0.318329 0.043779 0.408725
v -0.321509 0.136153 0.423536
v -0.321522 0.044335 0.500000
v -0.335263 0.136241 0.040917
v -0.321522 0.122411 0.040823
v -0.321520 0.136171 0.054657
v -0.243675 0.149960 0.040920
v -0.322852 0.136584 0.126083
v -0.321523 0.149892 0.129144
v -0.309813 0.136062 0.126765
v -0.321595 0.216061 0.219667
v -0.324416 0.141899 0.321800
v -0.321448 0.136099 0.331306
v -0.316838 0.132021 0.316632
v -0.321722 0.129794 0.407933
v -0.321395 0.136158 0.393029
v -0.321523 0.151544 0.408245
v -0.315157 0.136346 0.408987
v -0.335342 0.228010 0.133047
v -0.326336 0.223226 0.045615
v -0.315283 0.230352 0.137021
v -0.307777 0.228004 0.040990
v -0.243423 0.228003 0.040918
v -0.322164 0.219439 0.140192
v -0.321538 0.241966 0.132766
v -0.239773 0.228200 0.127273
v -0.321519 0.228007 0.147572
v -0.321553 0.227982 0.210743
v -0.327327 0.235517 0.223116
v -0.335292 0.228005 0.224588
v -0.321505 0.241623 0.411958
v -0.314576 0.229781 0.410928
v -0.315029 0.234145 0.319107
v -0.219641 0.241243 0.316424
v -0.325432 0.222833 0.408396
v -0.321604 0.227985 0.425127
v -0.321522 0.228004 0.500000
v -0.321541 0.319063 0.031895
v -0.243427 0.319838 0.224587
v -0.321522 0.306071 0.499992
v -0.318521 0.313872 0.322713
v -0.151756 0.306056 0.316421
v -0.307505 0.319839 0.330201
v -0.309512 0.319770 0.499850
v -0.335287 0.319839 0.499984
v -0.326081 0.324397 0.499615
v -0.321521 0.333601 0.316422
v -0.321574 0.404676 0.315918
v -0.142935 0.324373 0.311610
v -0.321521 0.333593 0.499985
v -0.323706 0.418258 0.041087
v -0.313680 0.410447 0.047472
v -0.321525 0.411672 0.056457
v -0.321521 0.411689 0.119000
v -0.321628 0.499995 0.124499
v -0.320824 0.499925 0.141013
v -0.312371 0.411705 0.133121
v -0.307752 0.499997 0.132752
v -0.321522 0.411676 0.146469
v -0.321013 0.411739 0.214786
v -0.307767 0.411686 0.224587
v -0.413385 0.411674 0.316422
v -0.336933 0.411731 0.316969
v -0.323116 0.411841 0.325521
v -0.321522 0.411674 0.500000
v -0.223174 0.397929 0.316422
v -0.225390 0.414016 0.322678
v -0.225516 0.411674 0.412950
v -0.320613 0.500052 0.216803
v -0.243324 0.032968 0.040917
v -0.229674 -0.039056 0.041340
v -0.229658 -0.047500 0.132752
v -0.237556 -0.046384 0.499877
v -0.234729 -0.042707 0.413072
v -0.229658 -0.033754 0.499985
v -0.229658 0.044326 0.422017
v -0.238760 0.044314 0.408471
v -0.229649 0.044313 0.054847
v -0.229893 0.037781 0.042196
v -0.221315 0.044316 0.408037
v -0.146893 0.044443 0.499870
v -0.243041 0.136167 0.237565
v -0.234069 0.131255 0.046260
v -0.229895 0.227998 0.031952
v -0.223445 0.128843 0.038433
v -0.224186 0.141332 0.045291
v -0.226959 0.142855 0.126724
v -0.229658 0.228004 0.054677
v -0.229929 0.127533 0.225826
v -0.229659 0.136185 0.330173
v -0.229658 0.136170 0.408257
v -0.227462 0.228187 0.323838
v -0.220744 0.228004 0.041241
v -0.229680 0.228064 0.118918
v -0.229633 0.241956 0.132708
v -0.219144 0.234104 0.132530
v -0.234244 0.233136 0.219714
v -0.229658 0.228005 0.408257
v -0.229658 0.319839 0.040917
v -0.229650 0.306077 0.132752
v -0.230506 0.325362 0.215042
v -0.229658 0.319855 0.422007
v -0.229658 0.319839 0.500000
v -0.229660 0.319700 0.124668
v -0.229910 0.333737 0.224555
v -0.235380 0.320709 0.233653
v -0.229658 0.400316 0.210907
v -0.229636 0.397502 0.224593
v -0.229658 0.411674 0.500000
v -0.233633 0.406615 0.040696
v -0.220549 0.405696 0.040799
v -0.243421 0.411674 0.132752
v -0.229710 0.401016 0.141752
v -0.236616 0.499993 0.134434
v -0.229658 0.499998 0.146517
v -0.243438 0.499639 0.224587
v -0.237217 0.411226 0.224200
v -0.229120 0.410013 0.231812
v -0.231340 0.499990 0.217631
v -0.229176 0.410022 0.309634
v -0.229658 0.499997 0.238358
v -0.222820 0.412136 0.316339
v -0.229402 0.425536 0.316405
v -0.229658 0.500000 0.316422
v -0.215794 0.044247 0.040923
v -0.151546 0.044338 0.040922
v -0.229658 0.044335 0.224587
v -0.143639 0.041430 0.136617
v -0.137793 0.044316 0.148272
v -0.137795 0.044335 0.224587
v -0.137832 0.122408 0.224587
v -0.151549 0.044335 0.408257
v -0.137801 0.030505 0.408155
v -0.215747 0.136174 0.027119
v -0.215864 0.136167 0.118740
v -0.137497 0.136439 0.051346
v -0.137781 0.136167 0.118943
v -0.130804 0.145047 0.132612
v -0.218917 0.136284 0.316556
v -0.151979 0.136167 0.316399
v -0.139407 0.235064 0.040918
v -0.151408 0.214367 0.316421
v -0.218670 0.319852 0.408330
v -0.151652 0.319582 0.040930
v -0.151594 0.319836 0.238543
v -0.140974 0.325178 0.229771
v -0.150711 0.424586 0.224599
v -0.151586 0.333794 0.316423
v -0.215884 0.499998 0.040918
v -0.140184 0.411810 0.035655
v -0.137801 0.425520 0.040659
v -0.215929 0.405159 0.224587
v -0.151547 0.411674 0.316523
v -0.221342 0.500489 0.224925
v -0.059839 0.030547 0.040918
v -0.059689 -0.047496 0.040918
v -0.131125 -0.047381 0.408698
v -0.059686 -0.047500 0.316422
v -0.137710 0.030346 0.132790
v -0.139841 0.040717 0.035468
v -0.133135 0.049609 0.045733
v -0.137699 0.125547 0.127342
v -0.124027 0.044335 0.132752
v -0.123777 0.058116 0.040916
v -0.124834 0.149127 0.040921
v 0.031994 0.044333 0.054702
v -0.135912 0.051132 0.138855
v -0.137795 0.044335 0.316422
v -0.128937 0.044078 0.401118
v -0.140370 0.050382 0.404052
v -0.137795 0.058110 0.498500
v -0.137768 0.044332 0.394074
v -0.129744 0.043806 0.500250
v -0.123939 0.136181 0.132495
v -0.045931 0.136163 0.132760
v -0.144279 0.136169 0.302677
v -0.131465 0.133892 0.230259
v -0.139515 0.126908 0.316324
v -0.137816 0.136141 0.330377
v -0.142631 0.142613 0.318526
v -0.137795 0.136170 0.478664
v -0.045934 0.149919 0.316421
v -0.046013 0.136320 0.326732
v -0.055794 0.136391 0.402711
v -0.137795 0.136170 0.500000
v -0.053691 0.136962 0.499972
v -0.128706 0.228421 0.132777
v -0.137795 0.241766 0.132753
v -0.052678 0.228865 0.132652
v -0.134849 0.234053 0.310113
v -0.124011 0.228004 0.302410
v -0.137890 0.227858 0.326621
v -0.137795 0.228005 0.408257
v -0.046111 0.229803 0.309200
v -0.045947 0.241748 0.316422
v -0.137881 0.314519 0.030030
v -0.142976 0.318163 0.048268
v -0.137801 0.306028 0.040915
v -0.137170 0.319255 0.123683
v -0.137654 0.314317 0.142941
v -0.123991 0.319825 0.132749
v -0.137712 0.309991 0.214442
v -0.124039 0.319839 0.224587
v -0.045932 0.319839 0.224587
v -0.142645 0.315180 0.321163
v -0.137794 0.306078 0.408249
v -0.132386 0.314784 0.313141
v -0.045932 0.306078 0.316423
v -0.146187 0.318629 0.408193
v -0.135234 0.404972 0.139285
v -0.137795 0.333742 0.302634
v -0.141502 0.415363 0.311388
v -0.130534 0.321595 0.408254
v -0.137795 0.333584 0.408242
v -0.137649 0.402405 0.408773
v -0.131303 0.325980 0.319107
v -0.046023 0.319907 0.327067
v -0.045934 0.333584 0.316422
v -0.152147 0.411550 0.408301
v -0.045932 0.319839 0.408257
v -0.127358 0.411857 0.035549
v -0.133192 0.416612 0.127984
v -0.059593 0.411674 0.029548
v -0.123884 0.397880 0.132749
v -0.123835 0.411671 0.118958
v -0.124020 0.500000 0.132752
v -0.051024 0.416973 0.129516
v -0.059711 0.499639 0.132752
v -0.131490 0.404544 0.222212
v -0.123996 0.411677 0.146708
v -0.123884 0.411678 0.210793
v -0.045932 0.411675 0.146495
v -0.138299 0.411766 0.234704
v -0.137793 0.425417 0.316423
v -0.137795 0.500000 0.316422
v -0.059843 0.411671 0.302628
v -0.123887 0.397885 0.316421
v -0.135175 0.405811 0.323508
v -0.124143 0.411673 0.411979
v -0.045933 0.411675 0.330150
v -0.137782 0.411627 0.423564
v -0.137795 0.411674 0.500000
v -0.140182 0.417944 0.412721
v 0.045932 0.411674 0.500000
v -0.137515 0.500058 0.122219
v -0.059711 0.457624 0.224587
v -0.059703 0.499996 0.316422
v -0.137795 0.500000 0.500000
v -0.047038 -0.040006 0.408265
v -0.046182 0.035633 0.408319
v -0.050449 0.041682 0.034815
v 0.032163 0.044335 0.132751
v -0.055063 0.043975 0.316416
v -0.045821 0.055104 0.316489
v -0.045846 0.125556 0.402038
v -0.032177 0.044335 0.316434
v 0.045489 0.045934 0.316646
v -0.045881 0.044307 0.425943
v -0.039777 0.046995 0.408495
v 0.050809 0.136347 0.037125
v -0.045880 0.213568 0.132786
v -0.045968 0.132028 0.311728
v -0.045678 0.136409 0.401795
v -0.032061 0.136181 0.408001
v 0.045932 0.136170 0.408257
v -0.037673 0.135874 0.500165
v -0.056554 0.221785 0.041000
v -0.045903 0.227750 0.054772
v -0.045235 0.221105 0.040114
v -0.032040 0.227892 0.040930
v -0.045956 0.227766 0.126196
v -0.045927 0.243367 0.132756
v -0.045718 0.228033 0.139644
v -0.030871 0.227967 0.132716
v -0.045882 0.227350 0.323773
v -0.046046 0.227973 0.393708
v -0.046065 0.221893 0.407479
v -0.046596 0.228089 0.410525
v -0.030931 0.227996 0.408205
v -0.044829 0.234897 0.408367
v 0.039407 0.228976 0.408410
v -0.045932 0.150739 0.408279
v -0.059724 0.319840 0.054820
v -0.050446 0.314439 0.045843
v -0.043089 0.325598 0.035116
v -0.047656 0.313003 0.132733
v -0.045993 0.318663 0.307880
v -0.045932 0.333586 0.132752
v -0.045792 0.401115 0.035539
v -0.032174 0.319839 0.040955
v -0.038693 0.320396 0.132733
v -0.046107 0.413165 0.034489
v -0.045915 0.425543 0.040662
v -0.042140 0.406624 0.136404
v -0.032082 0.411680 0.040826
v 0.037601 0.500170 0.040701
v 0.036839 0.411735 0.040629
v -0.044304 0.499991 0.139754
v -0.032223 0.411761 0.132752
v -0.032152 0.499639 0.132752
v 0.045932 0.411674 0.132752
v -0.045932 0.411744 0.210858
v -0.044325 0.404533 0.222028
v -0.059730 0.411671 0.238543
v -0.049111 0.417013 0.229771
v -0.042140 0.406624 0.320074
v -0.032182 0.411674 0.224588
v 0.045932 0.411674 0.224587
v -0.050400 0.417100 0.311536
v -0.045473 0.411679 0.399225
v -0.045444 0.499923 0.324881
v -0.032223 0.411760 0.316422
v -0.038974 0.499995 0.406575
v -0.045932 0.500000 0.394492
v -0.032175 0.411686 0.408258
v 0.036843 0.411692 0.408175
v -0.046009 0.499434 0.121479
v -0.044660 0.500324 0.217127
v -0.046032 0.500014 0.235375
v -0.046126 0.499562 0.305385
v 0.032161 0.499997 0.408257
v 0.046024 -0.415094 -0.425111
v 0.045932 -0.500000 -0.418257
v 0.059679 -0.414839 -0.326422
v 0.061424 -0.414858 -0.418281
v 0.045477 -0.414726 -0.336021
v 0.046481 -0.414712 -0.316750
v 0.046216 -0.414833 -0.244908
v 0.059681 -0.414828 -0.234587
v -0.032325 -0.414839 -0.248190
v 0.045742 -0.399287 -0.418162
v 0.045932 -0.323004 -0.418257
v 0.137795 -0.323004 -0.418257
v 0.045716 -0.320095 -0.334348
v 0.137789 -0.336765 -0.234587
v 0.050548 -0.409877 -0.055670
v 0.045931 -0.401050 -0.128824
v 0.045932 -0.245182 -0.128973
v 0.059734 -0.414840 -0.064716
v 0.052181 -0.408415 -0.139983
v 0.133074 -0.412030 -0.137064
v 0.046842 -0.317429 -0.060126
v 0.059805 -0.322913 -0.050913
v 0.123993 -0.401037 -0.050915
v 0.045931 -0.309257 -0.326415
v 0.046052 -0.245726 -0.326453
v 0.045931 -0.336793 -0.312470
v 0.137694 -0.321299 -0.333785
v 0.050452 -0.328187 -0.321386
v 0.059725 -0.323004 -0.312469
v 0.137787 -0.336764 -0.326422
v 0.137831 -0.324105 -0.318497
v 0.051167 -0.328256 -0.238919
v 0.045935 -0.245182 -0.156543
v 0.032138 -0.245098 -0.142752
v 0.059720 -0.244963 -0.142753
v 0.046042 -0.309086 -0.050932
v 0.124044 -0.323005 -0.050817
v 0.137795 -0.231170 -0.500000
v 0.046259 -0.231164 -0.407817
v 0.046229 -0.231966 -0.332633
v 0.047855 -0.133296 -0.411650
v 0.045993 -0.144651 -0.337400
v 0.059687 -0.231154 -0.418257
v 0.124041 -0.231167 -0.418257
v 0.039757 -0.231303 -0.325591
v 0.045909 -0.231192 -0.311145
v 0.045859 -0.215646 -0.326230
v 0.052322 -0.230066 -0.326311
v 0.032035 -0.231163 -0.234699
v 0.045982 -0.153770 -0.234557
v 0.045932 -0.244831 -0.245954
v 0.044297 -0.231352 -0.240945
v 0.045928 -0.217363 -0.234850
v 0.055719 -0.230542 -0.239624
v 0.050534 -0.226232 -0.147521
v 0.059892 -0.231173 -0.156547
v 0.127557 -0.231063 -0.240135
v 0.040618 -0.227908 -0.055383
v 0.042832 -0.225593 -0.137473
v 0.045932 -0.047503 -0.064688
v 0.045930 -0.244936 -0.050918
v 0.050516 -0.235960 -0.137458
v 0.132547 -0.225947 -0.145952
v 0.035149 -0.042136 -0.051513
v 0.059711 -0.139335 -0.500000
v 0.059553 -0.139336 -0.418258
v 0.035336 -0.145599 -0.326362
v 0.045962 -0.139371 -0.312471
v 0.040915 -0.045506 -0.322528
v 0.046889 -0.145266 -0.325596
v 0.059765 -0.139594 -0.326405
v 0.130750 -0.139460 -0.326552
v 0.046291 -0.139630 -0.241020
v 0.045829 -0.123699 -0.234619
v 0.046334 -0.139256 -0.227800
v 0.060965 -0.139251 -0.234581
v 0.045832 -0.139238 -0.156763
v 0.032163 -0.139337 -0.142752
v 0.045021 -0.133759 -0.133544
v 0.055273 -0.132048 -0.142890
v 0.045926 -0.123799 -0.142754
v 0.051179 -0.134026 -0.046586
v 0.050390 -0.133447 -0.012482
v 0.045363 -0.126722 -0.020857
v 0.060089 -0.140701 -0.026552
v 0.059721 -0.125381 -0.050918
v 0.059712 -0.125565 -0.009775
v 0.137791 -0.139195 -0.040388
v 0.074645 -0.139103 -0.008701
v 0.137784 -0.125589 -0.050918
v 0.067636 -0.125604 -0.006404
v 0.045956 -0.040034 -0.037536
v 0.046710 -0.049169 -0.012389
v 0.059638 -0.054459 -0.009151
v 0.137795 -0.414839 -0.418257
v 0.137662 -0.414868 -0.340995
v 0.137795 -0.500000 -0.326422
v 0.137763 -0.414931 -0.311273
v 0.138122 -0.421321 -0.326613
v 0.134953 -0.416388 -0.234524
v 0.137724 -0.414812 -0.241292
v 0.138222 -0.415266 -0.227927
v 0.138021 -0.414937 -0.153862
v 0.137806 -0.398964 -0.326532
v 0.131554 -0.414714 -0.325504
v 0.144366 -0.413948 -0.326286
v 0.137783 -0.399477 -0.234596
v 0.144640 -0.414639 -0.235026
v 0.137834 -0.306142 -0.142862
v 0.124001 -0.414840 -0.064846
v 0.137795 -0.401054 -0.128743
v 0.137817 -0.322894 -0.128823
v 0.144727 -0.322524 -0.144345
v 0.136924 -0.407203 -0.059184
v 0.134658 -0.319329 -0.056059
v 0.137780 -0.309265 -0.326422
v 0.137614 -0.237569 -0.326693
v 0.137808 -0.231171 -0.311169
v 0.137789 -0.323201 -0.244306
v 0.128645 -0.315271 -0.142511
v 0.215854 -0.323005 -0.064710
v 0.137799 -0.309266 -0.050916
v 0.137599 -0.238260 -0.051155
v 0.138205 -0.231040 -0.428408
v 0.137502 -0.231132 -0.409415
v 0.132900 -0.136559 -0.414336
v 0.137795 -0.139337 -0.404513
v 0.136358 -0.227837 -0.326213
v 0.137844 -0.231181 -0.341533
v 0.143933 -0.231022 -0.325321
v 0.138146 -0.230957 -0.241026
v 0.137805 -0.217237 -0.234599
v 0.137862 -0.241810 -0.240825
v 0.124370 -0.131855 -0.142763
v 0.137794 -0.231168 -0.129010
v 0.141550 -0.236258 -0.139154
v 0.140090 -0.134742 -0.136423
v 0.137894 -0.230885 -0.063773
v 0.124048 -0.231170 -0.057403
v 0.143346 -0.227737 0.041124
v 0.137836 -0.217783 0.048314
v 0.137795 -0.125619 -0.418258
v 0.142959 -0.144806 -0.422631
v 0.137565 -0.139240 -0.333045
v 0.137842 -0.140306 -0.322603
v 0.139377 -0.137350 -0.326391
v 0.137605 -0.139612 -0.238357
v 0.144639 -0.138601 -0.234613
v 0.136375 -0.139191 -0.231896
v 0.152156 -0.139296 -0.142877
v 0.137493 -0.137752 -0.151730
v 0.137890 -0.124743 -0.142647
v 0.137795 -0.152936 0.119115
v 0.137000 0.036963 -0.417199
v 0.137795 0.030560 -0.500000
v 0.148750 -0.047527 -0.326421
v 0.137797 -0.123971 -0.234591
v 0.137794 -0.061264 -0.326414
v 0.137795 -0.047500 -0.142752
v 0.137862 -0.053964 -0.050170
v 0.131360 -0.046718 -0.050813
v 0.137774 -0.047521 -0.035429
v 0.219069 -0.500000 -0.326553
v 0.223308 -0.413826 -0.234541
v 0.215973 -0.426198 -0.142752
v 0.216036 -0.414856 0.044618
v 0.225602 -0.414861 -0.331120
v 0.231923 -0.414720 -0.236082
v 0.224878 -0.322029 -0.147171
v 0.215794 -0.230911 -0.050911
v 0.225195 -0.317654 -0.055819
v 0.151544 -0.231158 -0.418257
v 0.229658 -0.231170 -0.418257
v 0.229658 -0.231170 -0.326422
v 0.151593 -0.231167 -0.234883
v 0.321522 -0.231170 -0.234587
v 0.215855 -0.231192 -0.142757
v 0.151546 -0.231069 -0.142752
v 0.151556 -0.231170 -0.050917
v 0.229670 -0.231051 0.030615
v 0.229650 -0.138835 -0.410154
v 0.229637 -0.146939 -0.419845
v 0.229652 -0.139334 -0.432018
v 0.229657 -0.125595 -0.418257
v 0.224330 -0.139289 -0.153754
v 0.142247 -0.051951 -0.234598
v 0.153645 -0.047414 -0.050932
v 0.224015 -0.048219 -0.051228
v 0.223815 -0.048933 -0.043331
v 0.229658 -0.500000 -0.340197
v 0.229658 -0.414839 -0.500000
v 0.229241 -0.415284 -0.228001
v 0.229931 -0.421541 -0.234667
v 0.229686 -0.414862 -0.156630
v 0.229511 -0.420392 -0.145407
v 0.229760 -0.420393 -0.132509
v 0.243415 -0.414839 -0.142752
v 0.224799 -0.419384 -0.046101
v 0.228479 -0.422571 0.043235
v 0.230763 -0.408227 -0.057845
v 0.230400 -0.414839 -0.319414
v 0.321820 -0.414570 -0.333669
v 0.229657 -0.399301 -0.234592
v 0.310886 -0.415002 -0.234669
v 0.229658 -0.336613 -0.037280
v 0.236607 -0.413282 0.041065
v 0.229659 -0.401176 0.044618
v 0.243416 -0.414839 -0.050880
v 0.321522 -0.414839 -0.050917
v 0.229658 -0.323005 -0.234587
v 0.317379 -0.323005 -0.239281
v 0.321520 -0.323005 -0.156516
v 0.229659 -0.309271 -0.142752
v 0.234087 -0.327965 -0.137528
v 0.321543 -0.314756 -0.143165
v 0.321453 -0.330311 -0.141009
v 0.321519 -0.323004 -0.129008
v 0.228453 -0.224142 -0.058675
v 0.239497 -0.323809 -0.050601
v 0.233341 -0.229455 -0.045663
v 0.229658 -0.139335 -0.326422
v 0.228781 -0.240334 -0.143277
v 0.229658 -0.237658 -0.129011
v 0.224284 -0.138998 -0.139111
v 0.325336 -0.236137 -0.146581
v 0.229677 -0.214364 -0.050898
v 0.229658 -0.139335 -0.500000
v 0.314606 -0.138648 -0.234629
v 0.228753 -0.124426 -0.142044
v 0.325158 -0.135581 -0.147836
v 0.321520 -0.125597 -0.142750
v 0.229593 -0.047455 -0.223943
v 0.316929 -0.047500 -0.156528
v 0.229658 -0.055080 -0.143168
v 0.321522 -0.061268 -0.142752
v 0.229643 -0.061547 -0.051026
v 0.321518 -0.407379 -0.312952
v 0.321522 -0.500000 -0.340197
v 0.321522 -0.500000 -0.500000
v 0.321668 -0.423651 -0.415105
v 0.335301 -0.414839 -0.500000
v 0.314382 -0.414621 -0.325825
v 0.321523 -0.428478 -0.248225
v 0.317143 -0.419218 -0.142778
v 0.321522 -0.500000 0.027142
v 0.321583 -0.400726 -0.418242
v 0.321210 -0.413419 -0.411117
v 0.321522 -0.323004 -0.418257
v 0.322017 -0.398085 -0.326472
v 0.321522 -0.323004 -0.326422
v 0.406818 -0.332807 -0.326464
v 0.326818 -0.409935 -0.229857
v 0.335311 -0.400886 -0.234587
v 0.328785 -0.413084 -0.142850
v 0.321521 -0.401095 -0.142753
v 0.413385 -0.414839 -0.142752
v 0.415305 -0.322981 -0.419884
v 0.321715 -0.323027 -0.225984
v 0.406249 -0.322488 -0.234591
v 0.321713 -0.322872 -0.061388
v 0.307769 -0.323002 -0.050918
v 0.321295 -0.322851 -0.040152
v 0.328097 -0.237828 -0.053400
v 0.335271 -0.323002 -0.050917
v 0.321522 -0.323005 0.040917
v 0.321522 -0.231170 -0.326422
v 0.321528 -0.153098 -0.326422
v 0.321491 -0.231212 -0.156935
v 0.321521 -0.244958 -0.064820
v 0.335268 -0.231169 -0.142752
v 0.315410 -0.225114 -0.048434
v 0.321572 -0.231170 -0.037169
v 0.321940 -0.229451 0.040848
v 0.413383 -0.217444 -0.050917
v 0.417451 -0.230854 -0.045439
v 0.321514 -0.139652 -0.317819
v 0.321641 -0.139607 -0.238638
v 0.321520 -0.123797 -0.234582
v 0.323002 -0.139200 -0.232181
v 0.326259 -0.134554 -0.056322
v 0.335262 -0.139335 -0.142681
v 0.413385 -0.139335 -0.142752
v 0.307908 -0.152972 -0.050918
v 0.321055 -0.139566 -0.040871
v 0.419228 -0.131748 -0.052350
v 0.321522 -0.047500 -0.500000
v 0.308863 -0.047382 -0.328167
v 0.321522 -0.061245 -0.332905
v 0.321247 -0.050394 -0.337533
v 0.319993 -0.055636 -0.233411
v 0.326203 -0.049435 -0.221424
v 0.325333 -0.052309 -0.146552
v 0.335320 -0.047496 -0.064851
v 0.408781 -0.049584 -0.147360
v 0.413398 -0.047494 -0.064853
v 0.316590 -0.053698 -0.046441
v 0.307730 -0.047500 -0.037015
v 0.317927 -0.052555 0.044712
v 0.321517 -0.061434 -0.064714
v 0.328724 -0.054059 -0.053299
v 0.419727 -0.057971 -0.051000
v 0.413385 -0.414839 -0.500000
v 0.406977 -0.414947 -0.417339
v 0.413446 -0.417739 -0.418413
v 0.413367 -0.414854 -0.402988
v 0.408451 -0.409906 -0.328283
v 0.413385 -0.500000 -0.340197
v 0.413385 -0.428579 -0.228095
v 0.417903 -0.419667 -0.320818
v 0.500000 -0.415404 -0.317832
v 0.422122 -0.414943 -0.231651
v 0.500000 -0.414839 -0.234587
v 0.413413 -0.414841 -0.220793
v 0.413385 -0.414839 -0.050917
v 0.406510 -0.323366 -0.418147
v 0.415918 -0.412922 -0.417831
v 0.500000 -0.414839 -0.340197
v 0.500000 -0.407114 -0.327901
v 0.420882 -0.401404 -0.234584
v 0.413383 -0.399471 0.040909
v 0.500000 -0.336780 -0.050917
v 0.413478 -0.324426 -0.416838
v 0.413343 -0.316228 -0.418658
v 0.399589 -0.323007 -0.326455
v 0.411131 -0.317435 -0.334873
v 0.413387 -0.309253 -0.234599
v 0.500000 -0.323004 -0.340197
v 0.500000 -0.330796 -0.327578
v 0.413385 -0.231170 -0.234587
v 0.413385 -0.323005 -0.142752
v 0.500000 -0.323005 -0.142752
v 0.399637 -0.323004 -0.050916
v 0.411448 -0.329740 0.040895
v 0.412853 -0.326666 -0.056895
v 0.415784 -0.317905 -0.044217
v 0.420649 -0.321249 0.040819
v 0.413384 -0.309260 0.040903
v 0.413385 -0.231170 0.040917
v 0.427175 -0.309051 -0.050918
v 0.500000 -0.323005 -0.037142
v 0.413385 -0.231170 -0.500000
v 0.413478 -0.231164 -0.433153
v 0.413385 -0.152971 -0.431893
v 0.399636 -0.231170 -0.424739
v 0.411439 -0.238115 -0.418445
v 0.416500 -0.225884 -0.423492
v 0.427145 -0.231170 -0.418254
v 0.500000 -0.231170 -0.418257
v 0.413236 -0.237868 -0.323970
v 0.413806 -0.229239 -0.319643
v 0.413380 -0.217318 -0.326331
v 0.500000 -0.231170 -0.234587
v 0.399635 -0.231169 -0.142750
v 0.411641 -0.238477 -0.142666
v 0.413768 -0.222694 -0.142730
v 0.427139 -0.231170 -0.142741
v 0.500000 -0.231170 -0.142752
v 0.408630 -0.234163 -0.056571
v 0.500000 -0.231170 -0.050917
v 0.423476 -0.139620 -0.418607
v 0.500000 -0.139335 -0.418257
v 0.500000 -0.139335 -0.326422
v 0.413385 -0.139332 -0.312699
v 0.413385 -0.139335 -0.234587
v 0.419535 -0.142871 -0.325980
v 0.413430 -0.139440 -0.064952
v 0.417848 -0.141728 -0.044669
v 0.414969 -0.140209 -0.050930
v 0.500000 -0.047500 -0.418257
v 0.413390 -0.061236 -0.234594
v 0.417968 -0.052384 -0.321293
v 0.422444 -0.048472 -0.227266
v 0.500000 -0.056374 -0.326081
v 0.500000 -0.047500 -0.312647
v 0.408798 -0.049896 -0.220996
v 0.414290 -0.046965 -0.133669
v 0.425447 -0.047376 -0.142694
v 0.500000 -0.139335 -0.050917
v 0.428286 -0.047407 -0.050912
v 0.500000 -0.428615 -0.326422
v 0.500000 -0.414839 -0.050917
v 0.500000 -0.323004 -0.418257
v 0.500000 -0.314976 -0.049609
v 0.500000 -0.323654 -0.060806
v 0.500000 -0.047500 -0.142752
v 0.045932 -0.500000 0.408257
v 0.045932 -0.428605 0.040918
v 0.032312 -0.414839 0.027552
v 0.041334 -0.419237 0.036302
v 0.040486 -0.419587 0.127995
v 0.045332 -0.500000 0.124017
v 0.054108 -0.414239 0.133874
v 0.045934 -0.401545 0.141992
v 0.051927 -0.408419 0.043704
v 0.132602 -0.412535 0.047947
v 0.124030 -0.414840 0.132751
v 0.046779 -0.317482 0.050463
v 0.059743 -0.322976 0.040914
v 0.045931 -0.309306 0.132752
v 0.045931 -0.322840 0.141738
v 0.045929 -0.336769 0.224587
v 0.052062 -0.324846 0.231424
v 0.061269 -0.323036 0.224602
v 0.137795 -0.323005 0.224587
v 0.049509 -0.317268 0.319388
v 0.137585 -0.322999 0.303461
v 0.060901 -0.322988 0.316482
v 0.046713 -0.322900 0.401823
v 0.045928 -0.323001 0.423617
v 0.045435 -0.316553 0.407741
v 0.046012 -0.324545 0.408081
v 0.129990 -0.323246 0.408106
v 0.045932 -0.323005 0.500000
v 0.046091 -0.240543 0.040907
v 0.049545 -0.236565 0.133010
v 0.059557 -0.231169 0.027281
v 0.035371 -0.236598 0.132854
v 0.040875 -0.135595 0.136453
v 0.045977 -0.231844 0.146723
v 0.045634 -0.231167 0.210782
v 0.039804 -0.242232 0.224458
v 0.052887 -0.231102 0.307694
v 0.039108 -0.229853 0.231955
v 0.045908 -0.217234 0.224574
v 0.052656 -0.231927 0.317400
v 0.045756 -0.231485 0.401883
v 0.039268 -0.230966 0.408493
v 0.046727 -0.244344 0.408266
v 0.045915 -0.231171 0.423506
v 0.046076 -0.215545 0.408166
v 0.052322 -0.230067 0.408368
v 0.032137 -0.139337 0.054874
v 0.042887 -0.134507 0.046483
v 0.045932 -0.125593 0.132749
v 0.071471 -0.134567 0.035846
v 0.069079 -0.125555 0.027142
v 0.046031 -0.139336 0.146495
v 0.045932 -0.139335 0.210827
v 0.045995 -0.147449 0.225475
v 0.045932 -0.139335 0.238331
v 0.045836 -0.130798 0.224106
v 0.045966 -0.139394 0.302559
v 0.045765 -0.145443 0.314905
v 0.045965 -0.144379 0.328184
v 0.059701 -0.139334 0.316422
v 0.045932 0.044335 0.408257
v 0.040311 -0.052480 0.043765
v 0.046723 -0.046738 0.029075
v 0.059718 -0.051902 0.027145
v 0.068736 -0.056139 0.027170
v 0.070772 -0.047809 0.040380
v 0.032167 -0.047500 0.132744
v 0.045600 -0.057057 0.132751
v 0.045932 0.036511 0.224485
v 0.137795 -0.500000 0.040917
v 0.137795 -0.500000 0.132752
v 0.138046 -0.423985 0.040366
v 0.137795 -0.414839 0.316422
v 0.124002 -0.400936 0.040917
v 0.136704 -0.406861 0.132782
v 0.137795 -0.400937 0.054706
v 0.218686 -0.414660 0.316328
v 0.137795 -0.414840 0.500000
v 0.131853 -0.321454 0.044610
v 0.137795 -0.323005 0.132752
v 0.137796 -0.309290 0.040917
v 0.137808 -0.307133 0.316312
v 0.137646 -0.329010 0.315415
v 0.136331 -0.322683 0.319055
v 0.144644 -0.322204 0.316384
v 0.137795 -0.336750 0.401774
v 0.137749 -0.323022 0.394429
v 0.133930 -0.317178 0.405347
v 0.129668 -0.323302 0.499987
v 0.132412 -0.234239 0.046239
v 0.137787 -0.231175 0.056157
v 0.137795 -0.244936 0.040915
v 0.138220 -0.234652 0.218386
v 0.134861 -0.226614 0.230351
v 0.123963 -0.231181 0.316425
v 0.137777 -0.244995 0.316479
v 0.135961 -0.224303 0.322557
v 0.137766 -0.231161 0.331752
v 0.131270 -0.229177 0.408627
v 0.137746 -0.233463 0.402231
v 0.134101 -0.231153 0.421880
v 0.137537 -0.217324 0.408252
v 0.137795 -0.139335 0.408257
v 0.045932 -0.231170 0.500000
v 0.215909 -0.231170 0.499985
v 0.078098 -0.125425 0.040918
v 0.137775 -0.137514 0.033773
v 0.137781 -0.125600 0.040918
v 0.146743 -0.139678 0.132215
v 0.124002 -0.139335 0.146705
v 0.133194 -0.134173 0.219729
v 0.134705 -0.133910 0.137862
v 0.124005 -0.153344 0.224587
v 0.133332 -0.144286 0.230479
v 0.130367 -0.125993 0.316466
v 0.137795 -0.153072 0.322917
v 0.137749 -0.139351 0.330239
v 0.129314 -0.139545 0.319820
v 0.137601 -0.053965 0.040760
v 0.138091 -0.047509 0.026160
v 0.137813 -0.047547 0.056016
v 0.144273 -0.047422 0.041419
v 0.137795 -0.047501 0.146513
v 0.127605 -0.041206 0.224393
v 0.151437 -0.414839 0.027340
v 0.142247 -0.419291 0.132727
v 0.229596 -0.414888 0.118815
v 0.215897 -0.414839 0.132752
v 0.229658 -0.323005 0.054656
v 0.229658 -0.314892 0.041362
v 0.225516 -0.323023 0.311728
v 0.229656 -0.309258 0.408257
v 0.222981 -0.231357 0.041286
v 0.151541 -0.231169 0.224588
v 0.219193 -0.231105 0.224396
v 0.228127 -0.231170 0.394482
v 0.144066 -0.233557 0.320885
v 0.239598 -0.231425 0.400325
v 0.224812 -0.226248 0.412945
v 0.143011 -0.144573 0.221240
v 0.215758 -0.139326 0.132640
v 0.224541 -0.142635 0.219306
v 0.224812 -0.134413 0.321110
v 0.215889 -0.139335 0.408256
v 0.229663 -0.414842 0.056454
v 0.228992 -0.421354 0.132901
v 0.239929 -0.420115 0.132449
v 0.229659 -0.426197 0.146433
v 0.229661 -0.422884 0.225544
v 0.229658 -0.414839 0.238330
v 0.229658 -0.414824 0.330172
v 0.229658 -0.414839 0.500000
v 0.240636 -0.414763 0.316507
v 0.229659 -0.414837 0.302671
v 0.229640 -0.231364 0.042275
v 0.234353 -0.323032 0.128610
v 0.307770 -0.323005 0.132752
v 0.228636 -0.323004 0.139600
v 0.233801 -0.323005 0.321116
v 0.321522 -0.323005 0.316422
v 0.229648 -0.322980 0.400816
v 0.229609 -0.149966 0.127283
v 0.229666 -0.215847 0.040885
v 0.236024 -0.231482 0.039746
v 0.229659 -0.231155 0.210841
v 0.229658 -0.231167 0.238349
v 0.229718 -0.231094 0.304812
v 0.241538 -0.231067 0.224641
v 0.243424 -0.231158 0.316422
v 0.229460 -0.222362 0.499937
v 0.229658 -0.244933 0.408308
v 0.236570 -0.232396 0.500086
v 0.229658 -0.139335 0.040917
v 0.319940 -0.137497 0.041164
v 0.321322 -0.145710 0.040593
v 0.229611 -0.139336 0.118955
v 0.225794 -0.133508 0.129842
v 0.321523 -0.130086 0.132488
v 0.229548 -0.131395 0.418450
v 0.229658 -0.125553 0.404189
v 0.321522 -0.231170 0.316422
v 0.232708 -0.053827 0.230472
v 0.243451 -0.047500 0.238539
v 0.321519 -0.061266 0.224586
v 0.327327 -0.048971 0.232100
v 0.234675 -0.052694 0.312060
v 0.321527 -0.061355 0.316448
v 0.319838 -0.414860 0.047862
v 0.406529 -0.414125 0.040894
v 0.321353 -0.414803 0.128122
v 0.321522 -0.500000 0.210812
v 0.323546 -0.408362 0.218734
v 0.318934 -0.420922 0.230994
v 0.321522 -0.428599 0.316414
v 0.313874 -0.416387 0.316377
v 0.399582 -0.414843 0.224579
v 0.321522 -0.500000 0.316422
v 0.321522 -0.414839 0.408257
v 0.321522 -0.414840 0.500000
v 0.326204 -0.414857 0.037079
v 0.321570 -0.397975 0.132879
v 0.328539 -0.414234 0.133227
v 0.321883 -0.406509 0.316455
v 0.335279 -0.414839 0.224625
v 0.402543 -0.414662 0.408077
v 0.321522 -0.323005 0.500000
v 0.321470 -0.237825 0.041113
v 0.321353 -0.313279 0.132773
v 0.325414 -0.328035 0.132820
v 0.321522 -0.336750 0.231070
v 0.335276 -0.323004 0.132754
v 0.321531 -0.308977 0.224598
v 0.315771 -0.320043 0.228163
v 0.321517 -0.322935 0.239523
v 0.328278 -0.323205 0.225538
v 0.321522 -0.323005 0.408257
v 0.315379 -0.231621 0.039418
v 0.321632 -0.231250 0.047925
v 0.336415 -0.231153 0.040925
v 0.321601 -0.231161 0.117829
v 0.311581 -0.231230 0.125373
v 0.321611 -0.245172 0.132736
v 0.321610 -0.223069 0.125781
v 0.335283 -0.231170 0.132753
v 0.321692 -0.222626 0.224589
v 0.399631 -0.231170 0.132767
v 0.317142 -0.235548 0.224547
v 0.406581 -0.229486 0.224564
v 0.321521 -0.152970 0.394550
v 0.321522 -0.231170 0.500000
v 0.321547 -0.139381 0.056005
v 0.327805 -0.139212 0.041765
v 0.321569 -0.139345 0.025806
v 0.332075 -0.139391 0.408141
v 0.413385 -0.139335 0.408257
v 0.329713 -0.139798 0.500042
v 0.307775 -0.047427 0.040917
v 0.321522 -0.061288 -0.037015
v 0.321521 -0.047497 0.054646
v 0.413659 -0.047479 0.054791
v 0.321760 -0.048184 0.129065
v 0.322315 -0.047258 0.139227
v 0.336520 -0.047429 0.132770
v 0.327710 -0.047658 0.305735
v 0.321650 -0.052887 0.326998
v 0.335316 -0.047525 0.316421
v 0.406861 -0.424585 0.224501
v 0.413809 -0.414686 0.047662
v 0.428478 -0.414668 0.040923
v 0.412382 -0.415143 0.134376
v 0.413401 -0.414821 0.117878
v 0.414847 -0.420987 0.132785
v 0.500000 -0.414839 0.210812
v 0.500000 -0.422903 0.223722
v 0.406535 -0.413181 0.316639
v 0.407364 -0.424003 0.316493
v 0.413273 -0.414835 0.330328
v 0.413385 -0.414824 0.394508
v 0.413385 -0.414824 0.422007
v 0.423604 -0.414678 0.408744
v 0.500014 -0.414814 0.408264
v 0.413385 -0.414840 0.500000
v 0.413537 -0.415090 0.037629
v 0.413195 -0.407790 0.132738
v 0.423017 -0.414909 0.131633
v 0.500000 -0.414839 0.132752
v 0.412156 -0.411007 0.214201
v 0.413384 -0.401173 0.320116
v 0.413385 -0.323005 0.500000
v 0.500000 -0.323005 0.040917
v 0.406374 -0.324827 0.132753
v 0.413474 -0.313509 0.132758
v 0.427137 -0.323005 0.132764
v 0.500000 -0.323005 0.132752
v 0.419809 -0.320895 0.229423
v 0.413372 -0.309026 0.224599
v 0.413206 -0.331644 0.228056
v 0.413197 -0.322753 0.231073
v 0.500000 -0.323005 0.302647
v 0.413356 -0.316742 0.315181
v 0.500000 -0.314327 0.316062
v 0.413342 -0.322983 0.422982
v 0.408336 -0.321231 0.404318
v 0.413313 -0.315458 0.407757
v 0.413385 -0.231170 0.316422
v 0.413385 -0.231170 0.408257
v 0.419529 -0.318508 0.410775
v 0.413251 -0.221391 0.132849
v 0.413385 -0.139335 0.132752
v 0.413384 -0.244934 0.132761
v 0.424157 -0.231322 0.132772
v 0.500000 -0.231170 0.132752
v 0.413387 -0.217450 0.224577
v 0.413385 -0.139335 0.224587
v 0.500000 -0.231170 0.224587
v 0.417513 -0.235870 0.224551
v 0.500000 -0.139335 0.040917
v 0.413385 -0.139335 0.500000
v 0.424746 -0.061180 0.040917
v 0.399631 -0.047489 0.132752
v 0.413266 -0.047429 0.143674
v 0.413632 -0.047494 0.122676
v 0.427134 -0.047489 0.132752
v 0.500000 -0.047500 0.132752
v 0.412861 -0.047447 0.214604
v 0.500000 -0.047500 0.316422
v 0.500000 -0.414839 0.040917
v 0.500000 -0.428615 0.316422
v 0.500000 -0.416395 0.323629
v 0.500000 -0.231170 0.316422
v 0.500000 -0.231170 0.408257
v 0.500000 -0.139335 0.132752
v 0.500000 -0.139335 0.224587
v 0.045931 -0.038937 -0.417945
v 0.045910 -0.029737 -0.326425
v 0.045932 0.030567 -0.234587
v 0.045932 -0.047500 -0.142752
v 0.053118 -0.047140 -0.050572
v 0.045931 0.030699 0.027281
v 0.052449 0.042663 -0.418257
v 0.045945 0.039812 -0.229986
v 0.045932 0.053375 -0.255080
v 0.045944 0.044335 -0.220825
v 0.137795 0.136170 -0.500000
v 0.045940 0.147376 -0.234137
v 0.223647 0.139295 -0.228852
v 0.045934 0.136169 -0.220825
v 0.045938 0.136170 -0.156520
v 0.046002 0.135805 -0.132324
v 0.045978 0.140772 -0.147274
v 0.045944 0.149931 -0.142752
v 0.046134 0.135939 -0.055002
v 0.045929 0.151548 -0.050933
v 0.047518 0.136519 -0.049519
v 0.034770 0.227932 -0.326395
v 0.045932 0.214242 -0.326416
v 0.059685 0.228005 -0.326422
v 0.046316 0.237980 -0.326368
v 0.053410 0.228856 -0.234601
v 0.215897 0.228005 -0.326422
v 0.043965 0.221831 -0.234587
v 0.045931 0.241695 -0.234587
v 0.045932 0.228005 -0.142752
v 0.045932 0.228005 -0.050917
v 0.037540 0.319020 -0.500000
v -0.047087 0.319763 -0.335728
v 0.045932 0.228005 -0.418257
v 0.044617 0.318268 -0.412731
v 0.051903 0.319060 -0.234991
v 0.048935 0.316943 -0.229128
v 0.045864 0.319854 -0.131756
v 0.032177 0.319851 -0.142752
v 0.137795 0.319839 -0.418257
v 0.048383 0.324340 -0.418107
v 0.045931 0.315698 -0.331115
v 0.045912 0.328643 -0.326326
v 0.137795 0.319839 -0.234587
v 0.137788 0.397855 -0.234612
v 0.045904 0.411867 -0.409300
v 0.045932 0.411674 -0.326422
v 0.041237 0.411674 -0.138611
v 0.045938 0.397912 -0.050917
v 0.045968 0.412893 -0.058746
v 0.045945 0.411603 -0.039862
v 0.045943 0.425420 -0.050917
v 0.045932 0.500000 -0.418257
v 0.127199 0.035488 -0.326479
v 0.138682 -0.047389 -0.057300
v 0.137785 -0.032812 -0.050911
v 0.137795 0.032999 0.027192
v 0.142927 0.047497 -0.423833
v 0.124047 0.044408 -0.418258
v 0.137795 0.044339 -0.404528
v 0.139005 0.136135 -0.426647
v 0.137795 0.044336 -0.340170
v 0.140920 0.050023 -0.239367
v 0.137795 0.122161 -0.312637
v 0.215894 0.044335 -0.142761
v 0.045932 0.044335 -0.142752
v 0.136138 0.136168 -0.411390
v 0.131713 0.142250 -0.328941
v 0.137832 0.136170 -0.340184
v 0.139955 0.129755 -0.241076
v 0.229647 0.149917 -0.326422
v 0.130996 0.136010 -0.059234
v 0.123986 0.136123 -0.050923
v 0.137785 0.122366 -0.050916
v 0.137723 0.130794 -0.040125
v 0.135339 0.234152 -0.044783
v 0.137795 0.228005 -0.500000
v 0.137795 0.228005 -0.418257
v 0.229636 0.214116 -0.326442
v 0.124040 0.228004 -0.142737
v 0.137554 0.238277 -0.142748
v 0.124034 0.227956 -0.050917
v 0.137841 0.319840 -0.157500
v 0.124046 0.319839 -0.149235
v 0.136776 0.312624 -0.142829
v 0.151662 0.319811 -0.142853
v 0.140389 0.325550 -0.148287
v 0.045932 0.319839 -0.050917
v 0.137795 0.306094 -0.044435
v 0.137864 0.320334 -0.035390
v 0.132051 0.317539 -0.049640
v 0.137883 0.329373 -0.050290
v 0.221733 0.319976 -0.041070
v 0.137795 0.411674 -0.326422
v 0.135842 0.412017 -0.240844
v 0.137787 0.425379 -0.238190
v 0.149280 0.411431 -0.240456
v 0.142042 0.406842 -0.046946
v 0.124023 0.499998 -0.050917
v 0.133364 0.416659 -0.055922
v 0.137048 0.499851 -0.061067
v 0.137795 0.500000 -0.326422
v 0.215909 -0.047498 -0.234587
v 0.223853 -0.039988 -0.052388
v 0.243412 0.044335 -0.050917
v 0.220442 0.044548 -0.500000
v 0.151559 0.136161 -0.418257
v 0.224054 0.050433 -0.421065
v 0.229658 0.044336 -0.404515
v 0.230009 0.043707 -0.334744
v 0.151584 0.044335 -0.248596
v 0.144389 0.050476 -0.323766
v 0.236503 0.045630 -0.318939
v 0.151597 0.122377 -0.234587
v 0.243300 0.044334 -0.248196
v 0.229928 0.053984 -0.234842
v 0.224932 0.038940 -0.229795
v 0.229925 0.053048 -0.050911
v 0.215893 0.136169 -0.418256
v 0.143757 0.133292 -0.321638
v 0.229558 0.128863 -0.324678
v 0.229656 0.136170 -0.312677
v 0.151703 0.136171 -0.248376
v 0.232701 0.131376 -0.238502
v 0.215866 0.150072 -0.234587
v 0.225059 0.141347 -0.147608
v 0.216003 0.231717 -0.142755
v 0.229643 0.241929 -0.142810
v 0.229644 0.305969 -0.142782
v 0.220289 0.320000 -0.143299
v 0.220726 0.411717 -0.326640
v 0.230416 0.411750 -0.246319
v 0.215894 0.411674 -0.241046
v 0.148776 0.411673 -0.039940
v 0.224266 0.408156 -0.047848
v 0.229679 0.411653 -0.035429
v 0.221608 0.500195 -0.326783
v 0.275590 0.031095 -0.326405
v 0.229673 -0.047501 -0.129006
v 0.229659 -0.047500 -0.064682
v 0.229713 -0.036952 -0.142621
v 0.229658 0.058110 -0.500000
v 0.232307 0.037345 -0.416611
v 0.243412 0.044436 -0.418258
v 0.229746 0.058192 -0.326427
v 0.244625 0.044390 -0.326416
v 0.307733 0.044333 -0.326455
v 0.229658 0.122401 -0.142752
v 0.228111 0.036688 -0.142797
v 0.236483 0.045998 -0.142777
v 0.229658 0.058068 -0.142753
v 0.229836 0.052470 0.040919
v 0.307593 0.044419 -0.050882
v 0.229658 0.136170 -0.500000
v 0.398357 0.136171 -0.499951
v 0.228482 0.136145 -0.426799
v 0.235786 0.136167 -0.416257
v 0.307768 0.044337 -0.418257
v 0.229657 0.136691 -0.333473
v 0.229658 0.136241 -0.248322
v 0.243404 0.136170 -0.234586
v 0.229661 0.149972 -0.220790
v 0.235159 0.132954 -0.137158
v 0.229769 0.129439 -0.051474
v 0.236164 0.136169 -0.064649
v 0.229840 0.130799 -0.040481
v 0.243480 0.136148 -0.050930
v 0.229686 0.228000 -0.340602
v 0.229658 0.228005 -0.418257
v 0.321522 0.228005 -0.418257
v 0.227412 0.233995 -0.332196
v 0.229662 0.241751 -0.234590
v 0.238400 0.227746 -0.332982
v 0.235773 0.221650 -0.237349
v 0.316955 0.225159 -0.240361
v 0.226041 0.229156 -0.228796
v 0.229614 0.228282 -0.152552
v 0.232414 0.233922 -0.057418
v 0.243402 0.228005 -0.149244
v 0.229658 0.214244 0.040911
v 0.237332 0.226434 0.040911
v 0.234122 0.222859 -0.045765
v 0.321338 0.220695 -0.049174
v 0.321507 0.228005 -0.037172
v 0.321455 0.229803 -0.058136
v 0.321520 0.241749 -0.050917
v 0.229658 0.319840 -0.418257
v 0.229659 0.306079 -0.234587
v 0.229623 0.318930 -0.226427
v 0.238410 0.319591 -0.149322
v 0.234868 0.314914 -0.055561
v 0.243448 0.305831 -0.050917
v 0.321522 0.306073 -0.050916
v 0.311243 0.319917 -0.331993
v 0.321522 0.319839 -0.418257
v 0.325397 0.320022 -0.331623
v 0.229701 0.321583 -0.241893
v 0.229636 0.404644 -0.234806
v 0.229242 0.319917 -0.158454
v 0.229658 0.333585 -0.234587
v 0.229658 0.333594 -0.050918
v 0.316716 0.324615 -0.046059
v 0.229658 0.411690 -0.340172
v 0.229658 0.411690 -0.312670
v 0.229740 0.499996 -0.318149
v 0.239789 0.411810 -0.326139
v 0.243419 0.499998 -0.326422
v 0.229659 0.397903 -0.050918
v 0.243429 0.411674 -0.234586
v 0.314862 0.412892 -0.237618
v 0.229666 0.425383 -0.047318
v 0.310542 0.411676 -0.131776
v 0.236231 0.413758 -0.050531
v 0.229658 0.500000 0.040918
v 0.500000 -0.047500 -0.340197
v 0.500000 -0.042908 -0.331014
v 0.500000 -0.033725 -0.326422
v 0.307723 -0.047503 -0.128796
v 0.318285 -0.042167 -0.137590
v 0.321517 0.054345 -0.129518
v 0.317086 -0.042245 -0.055867
v 0.324714 -0.042039 -0.045884
v 0.326479 -0.042873 0.036137
v 0.321512 0.044356 -0.036983
v 0.335318 -0.047500 -0.037016
v 0.420229 -0.046205 -0.043435
v 0.321291 0.044339 -0.407511
v 0.321512 0.044384 -0.340409
v 0.316263 0.044564 -0.331646
v 0.321514 0.058044 -0.330021
v 0.315139 0.047419 -0.142433
v 0.320784 0.050517 -0.060596
v 0.321226 0.050525 -0.050634
v 0.331822 0.051450 -0.050818
v 0.316827 0.136154 -0.414115
v 0.413291 0.136170 -0.340180
v 0.321525 0.137827 -0.333271
v 0.321531 0.149870 -0.326421
v 0.413385 0.149906 -0.326421
v 0.321450 0.124486 -0.244304
v 0.326768 0.141127 -0.229779
v 0.307838 0.136156 -0.234585
v 0.316633 0.131995 -0.050951
v 0.326047 0.140771 -0.051000
v 0.321522 0.149931 -0.050918
v 0.321532 0.213397 -0.220139
v 0.335294 0.136170 -0.050926
v 0.399369 0.136167 -0.220797
v 0.404720 0.136462 -0.136440
v 0.321522 0.122614 -0.050922
v 0.406732 0.136331 -0.050486
v 0.321518 0.227994 -0.340221
v 0.307779 0.228004 -0.332913
v 0.320218 0.220410 -0.326504
v 0.331856 0.222588 -0.326599
v 0.318675 0.232570 -0.228813
v 0.335434 0.214206 -0.234591
v 0.335315 0.150122 -0.234588
v 0.314263 0.229723 -0.137988
v 0.326995 0.225003 -0.228920
v 0.321513 0.228019 -0.127716
v 0.330763 0.227895 -0.142106
v 0.321522 0.228005 0.040917
v 0.307732 0.305831 -0.234587
v 0.321529 0.241918 -0.142707
v 0.317115 0.314801 -0.229015
v 0.321523 0.306075 -0.142752
v 0.312922 0.318657 -0.135008
v 0.332183 0.319789 -0.061507
v 0.321556 0.333908 -0.326930
v 0.307732 0.333793 -0.234587
v 0.319230 0.326124 -0.241947
v 0.326818 0.324744 -0.229857
v 0.335315 0.333792 -0.234587
v 0.413383 0.333585 -0.234587
v 0.327539 0.322900 -0.148299
v 0.321521 0.333625 -0.156761
v 0.321518 0.397871 -0.220784
v 0.324405 0.406995 -0.148783
v 0.420113 0.321419 -0.226586
v 0.427088 0.319839 -0.156359
v 0.335311 0.397665 -0.142752
v 0.413440 0.330979 -0.142875
v 0.314301 0.321638 0.040860
v 0.307729 0.333742 -0.050918
v 0.321522 0.333583 0.040906
v 0.319770 0.411672 -0.044144
v 0.321522 0.411674 -0.500000
v 0.321606 0.411681 -0.427758
v 0.335276 0.411686 -0.418257
v 0.413385 0.411674 -0.418257
v 0.306749 0.411679 -0.326386
v 0.319795 0.402429 -0.326534
v 0.315037 0.411674 -0.340167
v 0.321422 0.411629 -0.312520
v 0.317253 0.417930 -0.324080
v 0.413385 0.500000 -0.326422
v 0.321522 0.411674 -0.248092
v 0.321522 0.425396 -0.234585
v 0.321522 0.500000 -0.234587
v 0.413384 0.411674 -0.248350
v 0.413430 0.419646 -0.235558
v 0.320196 0.418839 -0.140922
v 0.327589 0.408848 -0.229728
v 0.413383 0.411674 -0.220843
v 0.413379 0.397912 -0.142751
v 0.413384 0.411674 -0.129006
v 0.322856 0.500072 -0.425587
v 0.321522 0.500000 -0.142752
v 0.417753 -0.047518 -0.422639
v 0.427032 0.030971 -0.326421
v 0.415190 0.051474 -0.136092
v 0.413394 -0.033625 -0.050921
v 0.500000 -0.047500 -0.050917
v 0.413385 0.044335 -0.500000
v 0.413485 0.128218 -0.415095
v 0.413965 0.042039 -0.333692
v 0.420181 0.136417 -0.329442
v 0.418577 0.049380 -0.229454
v 0.418119 0.131433 -0.229445
v 0.427177 0.058288 -0.234587
v 0.500000 0.058110 -0.234587
v 0.413396 0.121564 -0.220141
v 0.427150 0.044335 -0.142803
v 0.500000 0.045051 -0.225857
v 0.500000 0.044335 -0.142752
v 0.413253 0.144916 -0.500000
v 0.413367 0.136343 -0.402761
v 0.413181 0.144388 -0.416848
v 0.413356 0.226380 -0.416054
v 0.500000 0.136170 -0.418257
v 0.416103 0.142095 -0.241185
v 0.500000 0.136170 -0.326422
v 0.406920 0.143926 -0.232510
v 0.399595 0.213996 -0.234588
v 0.427175 0.213996 -0.234587
v 0.500000 0.128525 -0.233026
v 0.500000 0.136170 -0.248362
v 0.500000 0.143926 -0.236038
v 0.413388 0.150126 -0.220793
v 0.413392 0.150091 -0.142731
v 0.500000 0.136170 -0.220812
v 0.413384 0.136282 -0.127895
v 0.422086 0.135783 -0.141171
v 0.413741 0.135951 -0.057610
v 0.500000 0.136170 -0.142752
v 0.413563 0.134465 -0.050618
v 0.413211 0.151739 -0.050831
v 0.500000 0.214229 -0.050917
v 0.428874 0.136152 -0.050945
v 0.500000 0.136170 -0.050917
v 0.500000 0.214229 -0.418257
v 0.402627 0.222647 -0.326518
v 0.414696 0.220433 -0.326720
v 0.413391 0.227958 -0.340218
v 0.409743 0.320176 -0.331795
v 0.418359 0.222765 -0.239373
v 0.500000 0.214229 -0.234587
v 0.407530 0.225175 -0.229067
v 0.413388 0.214211 -0.220680
v 0.399645 0.228076 -0.142752
v 0.409640 0.223063 -0.139907
v 0.413386 0.228015 -0.129020
v 0.500000 0.214229 -0.142752
v 0.413384 0.227814 -0.058231
v 0.413357 0.333886 -0.327047
v 0.399597 0.319841 -0.128846
v 0.408892 0.314896 -0.137749
v 0.500000 0.319839 -0.500000
v 0.424224 0.319881 -0.331818
v 0.413358 0.403183 -0.234034
v 0.417902 0.324630 0.035397
v 0.500000 0.319839 0.027142
v 0.413374 0.425423 -0.326422
v 0.413359 0.412070 -0.317704
v 0.413348 0.407533 -0.331116
v 0.413385 0.500000 -0.142752
v 0.413324 0.410498 -0.151294
v 0.413384 0.419451 -0.141724
v 0.413385 0.500000 -0.234587
v 0.500000 0.226965 -0.410356
v 0.427129 0.228005 -0.332914
v 0.500000 0.227636 -0.243689
v 0.500000 0.227474 -0.134378
v 0.500000 0.227172 -0.060560
v 0.053299 -0.045807 0.040266
v 0.045931 -0.033750 0.132737
v 0.045804 0.029925 0.132762
v 0.053170 -0.046943 0.132733
v 0.128233 -0.047501 0.133081
v 0.032163 0.136169 0.040917
v 0.040981 0.049419 0.045381
v 0.044816 0.142884 0.048867
v 0.055635 0.044031 0.040267
v 0.044090 0.051172 0.138881
v 0.052412 0.042208 0.137786
v 0.045902 0.044350 0.147685
v 0.045932 0.228004 0.238333
v 0.141107 0.036228 0.223765
v 0.043172 0.048376 0.310415
v 0.051117 0.046509 0.319940
v 0.137795 0.214258 0.316422
v 0.046000 0.151177 0.040906
v 0.045932 0.136170 0.500000
v 0.037436 0.227727 0.040881
v 0.056542 0.228101 0.041051
v 0.050370 0.232826 0.126354
v 0.045932 0.241749 0.040929
v 0.123955 0.228094 0.040921
v 0.036870 0.227224 0.132965
v 0.059724 0.241907 0.132753
v 0.142976 0.235355 0.131076
v 0.045932 0.214369 0.146388
v 0.045932 0.228004 0.302662
v 0.045972 0.238373 0.224841
v 0.045927 0.226221 0.323324
v 0.045864 0.236099 0.315493
v 0.045637 0.221564 0.408007
v 0.045742 0.243552 0.408166
v 0.045950 0.227917 0.423417
v 0.052127 0.228144 0.409258
v 0.046053 0.227984 0.393680
v 0.045932 0.228004 0.500000
v 0.047973 0.319820 0.126210
v 0.045932 0.319839 0.316422
v 0.045932 0.319839 0.040917
v 0.124041 0.319839 0.132755
v 0.041237 0.319812 0.136894
v 0.045932 0.319839 0.224587
v 0.045932 0.319839 0.408257
v 0.124044 0.319839 0.316523
v 0.045932 0.411690 0.027167
v 0.046218 0.411727 0.049896
v 0.045932 0.499997 0.054687
v 0.059675 0.411689 0.040917
v 0.229658 0.411674 0.040918
v 0.045932 0.500000 0.224587
v 0.046045 0.411737 0.306948
v -0.032162 0.499997 0.316422
v 0.032177 0.411676 0.316422
v 0.045685 0.411738 0.325729
v 0.038974 0.499992 0.318104
v 0.045932 0.499999 0.330187
v 0.059686 0.411674 0.316423
v 0.137795 0.500000 0.316422
v 0.044250 0.499992 0.401300
v 0.045932 0.411676 0.394507
v 0.045932 0.411689 0.422007
v 0.050136 0.499965 0.413138
v 0.055241 0.411747 0.408504
v 0.053988 0.500276 0.041511
v 0.047265 0.500134 0.309093
v 0.136015 -0.045293 0.041213
v 0.137850 0.030154 0.040936
v 0.146287 -0.047522 0.132572
v 0.137805 -0.047480 0.210764
v 0.216018 -0.047500 0.210951
v 0.137780 -0.033417 0.224561
v 0.148239 -0.047318 0.219220
v 0.144645 -0.045843 0.316421
v 0.137795 -0.033761 0.316422
v 0.137794 0.032972 0.238262
v 0.129037 0.043585 0.040812
v 0.137767 0.044312 0.054804
v 0.134959 0.231931 0.034979
v 0.149706 0.039395 0.040985
v 0.137878 0.044444 0.121937
v 0.136264 0.044335 0.210812
v 0.137795 0.044335 0.408257
v 0.218650 0.130842 0.408213
v 0.139833 0.141698 0.126235
v 0.140048 0.142472 0.230644
v 0.137787 0.227998 0.423526
v 0.137973 0.221545 0.408097
v 0.137773 0.228377 0.043348
v 0.137795 0.319839 0.040917
v 0.137860 0.216313 0.128643
v 0.137841 0.227982 0.118913
v 0.124002 0.228004 0.238540
v 0.128675 0.235659 0.225034
v 0.137797 0.241805 0.238383
v 0.137795 0.228006 0.330145
v 0.131502 0.232524 0.313933
v 0.137795 0.241907 0.302634
v 0.137754 0.227934 0.393238
v 0.130937 0.228603 0.408320
v 0.139316 0.229916 0.408476
v 0.331663 0.320436 0.132755
v 0.137485 0.328255 0.132755
v 0.132887 0.322648 0.228413
v 0.134265 0.323498 0.311304
v 0.137795 0.305886 0.330298
v 0.138938 0.311840 0.410240
v 0.134072 0.324763 0.408789
v 0.137786 0.319836 0.423787
v 0.321521 0.333587 0.132752
v 0.137799 0.333568 0.224586
v 0.137807 0.319839 0.238312
v 0.137797 0.333581 0.316422
v 0.136111 0.404871 0.316450
v 0.215747 0.319836 0.302628
v 0.137795 0.411674 0.500000
v 0.137795 0.411674 0.132752
v 0.124040 0.411675 0.316424
v 0.137795 0.397929 0.414739
v 0.138015 0.420602 0.316459
v 0.144033 0.414021 0.412526
v 0.059701 0.499997 0.408257
v 0.137789 0.425531 0.408514
v 0.137799 0.411746 0.422967
v 0.130945 0.411400 0.409229
v 0.137795 0.500000 0.408257
v 0.314448 -0.047065 0.132736
v 0.215893 -0.047550 0.316422
v 0.151549 0.044346 0.132752
v 0.229658 0.044335 0.132752
v 0.151644 0.044317 0.224578
v 0.229482 0.044026 0.220830
v 0.137795 0.044335 0.500000
v 0.214327 0.044345 0.408225
v 0.151552 0.136170 0.132790
v 0.215904 0.136170 0.132755
v 0.237741 0.135947 0.407319
v 0.145963 0.235520 0.041008
v 0.151613 0.228011 0.132490
v 0.215892 0.228005 0.132755
v 0.143743 0.224419 0.316741
v 0.215907 0.228004 0.408307
v 0.220921 0.228406 0.499949
v 0.329645 0.227577 0.132751
v 0.143140 0.316675 0.321565
v 0.151423 0.319823 0.411949
v 0.224498 0.314565 0.319849
v 0.215886 0.319839 0.499995
v 0.137795 0.319839 0.500000
v 0.223453 0.322729 0.230228
v 0.221257 0.411660 0.315603
v 0.225158 0.325209 0.311385
v 0.137795 0.411674 0.224587
v 0.215894 0.411666 0.224587
v 0.151548 0.411673 0.316424
v 0.229515 -0.037241 0.224359
v 0.228234 -0.040549 0.324748
v 0.244705 0.044333 0.224578
v 0.321668 -0.043853 0.219198
v 0.229673 -0.047501 0.422003
v 0.229737 -0.037356 0.408667
v 0.313453 -0.046558 0.499946
v 0.229203 0.044364 0.226570
v 0.229958 0.051636 0.224619
v 0.229598 0.037470 0.408032
v 0.229892 0.044580 0.401497
v 0.324197 0.044334 0.402390
v 0.229833 0.059900 0.408340
v 0.230584 0.044022 0.414492
v 0.229658 0.122407 0.499996
v 0.244175 0.044222 0.408306
v 0.229658 0.044335 0.500000
v 0.229469 0.146515 0.132759
v 0.229658 0.122407 0.132761
v 0.240326 0.136055 0.132763
v 0.321522 0.136170 0.132752
v 0.229659 0.214299 0.330022
v 0.227667 0.136027 0.225973
v 0.229661 0.136165 0.394458
v 0.227271 0.142439 0.229051
v 0.234953 0.133106 0.225028
v 0.238031 0.136002 0.500113
v 0.225277 0.223307 0.132787
v 0.221045 0.227680 0.317017
v 0.227172 0.234048 0.402148
v 0.229219 0.310796 0.499976
v 0.229658 0.241753 0.499998
v 0.229661 0.333630 0.238599
v 0.229658 0.411668 0.302662
v 0.228578 0.411672 0.232717
v 0.235131 0.325002 0.320796
v 0.232107 0.326751 0.402237
v 0.229658 0.411673 0.330182
v 0.237264 0.411653 0.318010
v 0.243453 0.319836 0.394245
v 0.321492 0.319922 0.327039
v 0.321510 0.333584 0.316422
v 0.230318 0.411674 0.399692
v 0.243423 0.411666 0.408257
v 0.321511 0.321638 0.401039
v 0.321507 0.333583 0.408257
v 0.321522 0.411674 0.132752
v 0.321522 0.411674 0.408257
v 0.321521 -0.033546 0.027131
v 0.418879 -0.047321 0.030781
v 0.413472 -0.033639 0.040923
v 0.321485 -0.031590 0.132566
v 0.321522 0.044335 0.132752
v 0.328067 -0.047359 0.223692
v 0.399631 -0.047485 0.224587
v 0.316618 -0.042610 0.412975
v 0.321522 -0.033754 0.499991
v 0.321522 0.044326 0.422017
v 0.311743 0.044296 0.408406
v 0.315024 0.044330 0.042733
v 0.329505 0.044319 0.039909
v 0.399631 0.044335 0.040918
v 0.327657 0.044332 0.318420
v 0.321522 0.044335 0.500000
v 0.413385 0.044335 0.408257
v 0.321521 0.136170 0.302675
v 0.331013 0.136178 0.316071
v 0.321634 0.235561 0.308267
v 0.321521 0.136185 0.422005
v 0.321522 0.136170 0.500000
v 0.332477 0.136233 0.408355
v 0.321521 0.214367 0.238214
v 0.399453 0.319924 0.132756
v 0.413385 0.228005 0.224587
v 0.330948 0.227370 0.224738
v 0.326460 0.231905 0.412274
v 0.321524 0.241350 0.417470
v 0.335281 0.228004 0.316422
v 0.500000 0.228005 0.316422
v 0.325974 0.315388 0.040878
v 0.321522 0.411674 0.040918
v 0.323977 0.325973 0.230735
v 0.321522 0.411674 0.316422
v 0.335151 0.319839 0.224579
v 0.321522 0.411674 0.500000
v 0.413385 0.030547 0.118850
v 0.419238 -0.047657 0.043532
v 0.418890 0.039046 0.128577
v 0.412964 0.044630 0.216661
v 0.412876 0.052648 0.040919
v 0.421463 0.044025 0.040857
v 0.500000 0.044335 0.040917
v 0.413387 0.058029 0.132751
v 0.500000 0.044603 0.141425
v 0.500000 0.030560 0.132752
v 0.409182 0.045358 0.137765
v 0.500000 0.045635 0.216683
v 0.399634 0.044335 0.224688
v 0.413391 0.058031 0.224588
v 0.413385 0.136170 0.224587
v 0.412863 0.052388 0.316453
v 0.411858 0.135294 0.316113
v 0.500000 0.122394 0.316422
v 0.413393 0.131472 0.036862
v 0.500000 0.122394 0.040917
v 0.500000 0.136170 0.302647
v 0.413266 0.140381 0.313666
v 0.405084 0.136140 0.324529
v 0.500000 0.135993 0.325400
v 0.500000 0.144913 0.315954
v 0.399631 0.136172 0.408257
v 0.412980 0.136183 0.418581
v 0.399485 0.227753 0.132774
v 0.413361 0.221658 0.122228
v 0.422633 0.220421 0.133002
v 0.413388 0.213845 0.132755
v 0.416972 0.321204 0.138124
v 0.413381 0.227708 0.146547
v 0.407536 0.228144 0.398890
v 0.413385 0.136170 0.500000
v 0.408115 0.228075 0.410643
v 0.413274 0.241912 0.408265
v 0.500000 0.235935 0.407494
v 0.413386 0.306141 0.054553
v 0.403791 0.319643 0.041020
v 0.411096 0.324433 0.126401
v 0.413449 0.327439 0.133085
v 0.413385 0.319839 0.224587
v 0.413385 0.319839 0.316422
v 0.413386 0.315158 0.404419
v 0.500000 0.310755 0.407789
v 0.500000 0.319839 0.394482
v 0.413385 0.411674 0.500000
v 0.414973 0.411650 0.033313
v 0.427149 0.411666 0.040918
v 0.500000 0.327852 0.039721
v 0.413235 0.411675 0.048444
v 0.500000 0.411674 0.040917
v 0.413385 0.411674 0.132752
v 0.413385 0.500000 0.316422
v 0.413396 0.411807 0.417410
v 0.413400 0.425414 0.408257
v 0.500000 0.500000 0.316422
v 0.500000 -0.047500 0.040917
v 0.500000 0.058110 0.132752
v 0.500000 0.044112 0.122586
v 0.500000 0.058110 0.224587
v 0.500000 0.136073 0.030286
v 0.500000 0.254680 0.132752
v 0.500000 0.136170 0.224587
v 0.500000 0.228005 0.394482
v 0.500000 0.319839 0.316422
v 0.500000 0.411674 0.132752
v 0.500000 0.420012 0.408500
v 0.500000 0.411674 0.500000
v 0.500000 0.411674 0.422032
v 0.413385 0.500000 0.408257
v 0.500000 0.500000 0.408257
v -0.500000 -0.500000 -0.500000
v -0.500000 0.500000 -0.500000
v -0.229658 0.500000 -0.500000
v -0.229658 0.500000 -0.418257
v -0.413385 0.500000 -0.326422
v -0.137795 0.500000 0.040918
v -0.413385 0.500000 0.132752
v -0.243438 0.500000 0.224587
v -0.215937 0.500000 0.224587
v -0.307795 0.500000 0.224587
v -0.229658 0.425450 -0.500000
v -0.221330 0.412556 -0.500000
v -0.500000 0.500000 -0.234587
v -0.229658 0.319839 -0.500000
v -0.243438 0.411674 -0.500000
v -0.230314 0.403649 -0.500000
v -0.307742 0.411674 -0.500000
v -0.321449 0.401009 -0.500000
v -0.413765 0.402402 -0.500000
v -0.413385 0.319839 -0.500000
v -0.500000 0.411674 -0.500000
v -0.500000 0.411674 -0.418257
v -0.500000 0.319839 -0.326422
v -0.500000 0.411674 -0.234587
v -0.500000 0.319839 -0.142752
v -0.500000 0.411674 -0.142752
v -0.500000 0.319839 -0.050917
v -0.054919 0.135939 -0.500000
v -0.129463 0.135344 -0.500000
v -0.413385 0.228005 -0.500000
v -0.500000 0.228005 -0.500000
v -0.500000 0.228005 -0.418257
v -0.500000 0.144445 -0.417888
v -0.500000 0.136170 -0.500000
v -0.500000 0.228005 -0.326422
v -0.500000 0.136170 -0.404482
v -0.500000 0.249814 -0.142752
v -0.500000 0.214229 -0.234587
v -0.500000 0.136170 0.040917
v -0.500000 0.149945 0.224587
v -0.500000 0.137815 0.217425
v -0.500000 0.228005 0.224587
v -0.500000 0.228005 0.316422
v -0.500000 0.136170 0.408257
v -0.500000 0.136170 0.500000
v -0.137795 0.122395 -0.500000
v -0.137795 -0.047500 -0.500000
v -0.307742 -0.047500 -0.500000
v -0.321239 -0.057668 -0.500000
v -0.320619 -0.131596 -0.500000
v -0.322076 -0.039147 -0.500000
v -0.500000 0.122395 -0.418257
v -0.500000 -0.045976 -0.318782
v -0.500000 -0.047500 -0.248362
v -0.500000 -0.039137 -0.234800
v -0.500000 -0.054693 -0.328257
v -0.500000 -0.125560 -0.326422
v -0.500000 -0.038987 -0.142656
v -0.500000 -0.057550 -0.143066
v -0.500000 -0.055958 -0.233890
v -0.500000 -0.131416 -0.233110
v -0.500000 -0.131051 -0.143624
v -0.500000 0.044335 -0.050917
v -0.500000 -0.047500 -0.128977
v -0.500000 -0.039431 -0.051472
v -0.500000 -0.047500 -0.064693
v -0.500000 -0.052092 -0.046326
v -0.500000 -0.047500 -0.037142
v -0.500000 -0.061275 -0.050917
v -0.500000 -0.047500 -0.027959
v -0.500000 -0.047500 -0.018775
v -0.500000 -0.047500 -0.009592
v -0.500000 -0.079642 -0.050917
v -0.500000 -0.088826 -0.050917
v -0.500000 -0.070459 -0.050917
v -0.500000 -0.098009 -0.050917
v -0.500000 -0.107193 -0.050917
v -0.500000 -0.116376 -0.050917
v -0.500000 -0.125560 -0.050917
v -0.500000 -0.134743 -0.046326
v -0.500000 0.044335 0.040917
v -0.500000 -0.047500 -0.000408
v -0.500000 -0.047500 0.054693
v -0.500000 -0.047500 0.118977
v -0.500000 -0.039071 0.132615
v -0.500000 -0.047500 0.008775
v -0.500000 -0.047500 0.017959
v -0.500000 -0.047500 0.027142
v -0.500000 -0.052092 0.036326
v -0.500000 -0.061275 0.040917
v -0.500000 -0.070459 0.040917
v -0.500000 -0.079642 0.040917
v -0.500000 -0.088826 0.040917
v -0.500000 -0.098009 0.040917
v -0.500000 -0.107193 0.040917
v -0.500000 -0.116376 0.040917
v -0.500000 -0.125560 0.040917
v -0.500000 -0.134743 0.036326
v -0.500000 0.136170 0.132752
v -0.500000 -0.047500 0.146528
v -0.500000 -0.047500 0.210812
v -0.500000 -0.055913 0.224377
v -0.500000 0.044740 0.324913
v -0.500000 0.058110 0.408257
v -0.500000 0.044911 0.399545
v -0.137795 0.058110 0.500000
v -0.045932 0.044335 0.500000
v -0.137795 0.030560 0.500000
v -0.229658 0.044335 0.500000
v -0.229658 -0.139335 -0.500000
v -0.229498 -0.222396 -0.500000
v -0.230087 -0.239956 -0.500000
v -0.413385 -0.139335 -0.500000
v -0.500000 -0.139335 -0.418257
v -0.413385 -0.231170 -0.500000
v -0.500000 -0.137988 -0.334342
v -0.500000 -0.139335 -0.220812
v -0.500000 -0.139335 -0.156527
v -0.500000 -0.140151 -0.134356
v -0.500000 -0.139335 -0.037142
v -0.500000 -0.153110 -0.050917
v -0.500000 -0.139335 -0.027959
v -0.500000 -0.139335 -0.018775
v -0.500000 -0.139335 -0.000408
v -0.500000 -0.139335 -0.009592
v -0.500000 -0.139335 0.027142
v -0.500000 -0.139335 0.008775
v -0.500000 -0.139335 0.017959
v -0.500000 -0.139833 0.049630
v -0.500000 -0.224591 0.043230
v -0.500000 -0.231170 0.054693
v -0.500000 -0.222423 0.224456
v -0.500000 -0.231170 0.210812
v -0.500000 -0.239759 0.225152
v -0.500000 -0.231170 0.408257
v -0.229658 -0.231170 0.500000
v -0.500000 -0.153110 0.408257
v -0.500000 -0.139648 0.416886
v -0.133202 -0.327596 -0.500000
v -0.137795 -0.336780 -0.500000
v -0.137795 -0.500000 -0.500000
v -0.229915 -0.405940 -0.500000
v -0.321308 -0.240108 -0.500000
v -0.321217 -0.406508 -0.500000
v -0.243438 -0.414839 -0.500000
v -0.330498 -0.415081 -0.500000
v -0.321522 -0.428615 -0.500000
v -0.321522 -0.500000 -0.500000
v -0.322797 -0.500000 -0.426321
v -0.413385 -0.401064 -0.500000
v -0.423393 -0.414664 -0.500000
v -0.404941 -0.415552 -0.500000
v -0.413385 -0.428615 -0.500000
v -0.413385 -0.500000 -0.500000
v -0.500000 -0.414839 -0.500000
v -0.500000 -0.413953 -0.426582
v -0.399605 -0.500000 -0.418257
v -0.421571 -0.500000 -0.417097
v -0.500000 -0.323004 -0.418257
v -0.500000 -0.401064 -0.418257
v -0.500000 -0.414839 -0.326422
v -0.500000 -0.415543 -0.409748
v -0.500000 -0.500000 -0.418257
v -0.137795 -0.500000 -0.248362
v -0.128602 -0.500000 -0.234786
v -0.146623 -0.500000 -0.234257
v -0.137795 -0.500000 -0.326422
v -0.321522 -0.500000 -0.404482
v -0.413385 -0.500000 0.040917
v -0.137795 -0.500000 0.040917
v -0.229658 -0.500000 0.132752
v -0.500000 -0.323005 0.118977
v -0.500000 -0.332486 0.132529
v -0.229658 -0.500000 0.210812
v -0.239950 -0.500000 0.224460
v -0.137795 -0.500000 0.316422
v -0.413385 -0.500000 0.316422
v -0.413385 -0.500000 0.224587
v -0.137795 -0.323005 0.500000
v -0.137795 -0.500000 0.408257
v -0.137795 -0.500000 0.500000
v -0.229658 -0.500000 0.408257
v -0.413385 -0.500000 0.408257
v -0.413385 -0.500000 0.500000
v -0.045932 0.500000 -0.500000
v -0.045932 0.500000 0.040918
v -0.059711 0.500000 0.132752
v -0.032211 0.500000 0.132752
v -0.032152 0.500000 0.224587
v -0.059711 0.500000 0.224587
v -0.045688 0.144554 -0.500000
v -0.045932 0.228004 0.500000
v -0.045932 0.149945 0.500000
v -0.045932 0.122395 -0.500000
v -0.045932 0.122394 0.500000
v -0.041338 -0.235761 -0.500000
v -0.045932 -0.244945 -0.500000
v -0.124016 -0.323004 -0.500000
v -0.045932 -0.414839 -0.500000
v -0.045932 -0.500000 -0.500000
v -0.045932 -0.500000 -0.234587
v -0.032152 -0.500000 -0.142752
v -0.045604 -0.500000 -0.041862
v -0.045932 -0.500000 0.040917
v 0.032152 -0.500000 0.132752
v -0.045932 -0.500000 0.132752
v -0.045932 -0.500000 0.422032
v -0.045932 -0.500000 0.500000
v 0.045932 0.500000 -0.500000
v 0.046926 0.328053 -0.500000
v 0.059711 0.319839 -0.500000
v 0.045932 0.306064 -0.500000
v 0.056150 0.043961 -0.500000
v 0.045932 0.030560 -0.500000
v 0.046384 -0.130629 -0.500000
v -0.032152 -0.231170 -0.500000
v 0.045932 -0.414839 -0.500000
v 0.045932 -0.500000 -0.500000
v 0.229658 -0.500000 -0.142752
v 0.045932 0.500000 0.132752
v 0.045932 -0.500000 0.040917
v 0.046008 -0.500000 0.141831
v 0.045932 0.500000 0.500000
v -0.036091 -0.500000 0.408544
v 0.045932 0.500000 -0.050917
v 0.137795 0.319839 -0.500000
v 0.045932 0.228005 -0.500000
v 0.137795 0.058110 -0.500000
v 0.146717 0.044874 -0.500000
v 0.128279 0.044172 -0.500000
v 0.137795 0.228004 0.500000
v 0.137795 -0.125560 -0.500000
v 0.129437 -0.138460 -0.500000
v 0.137795 -0.153110 -0.500000
v -0.032152 -0.500000 -0.050917
v 0.059711 -0.500000 0.132752
v 0.229658 0.500000 -0.500000
v 0.229658 0.030560 -0.500000
v 0.146566 -0.139719 -0.500000
v 0.229658 -0.047500 0.500000
v 0.229658 -0.500000 -0.500000
v 0.229903 -0.500000 -0.317094
v 0.229658 -0.500000 -0.234587
v 0.137795 -0.500000 -0.234587
v 0.229658 -0.500000 -0.064693
v 0.238610 -0.500000 -0.051179
v 0.220210 -0.500000 -0.050834
v 0.229658 -0.500000 -0.037142
v 0.229658 -0.500000 0.132752
v 0.229658 -0.500000 0.224587
v 0.321522 0.500000 -0.500000
v 0.229658 0.411674 -0.500000
v 0.239076 0.044172 -0.500000
v 0.321522 -0.231170 -0.500000
v 0.321522 -0.323004 -0.500000
v 0.321008 -0.406448 -0.500000
v 0.307742 -0.414839 -0.500000
v 0.322572 -0.422482 -0.500000
v 0.313222 -0.500000 -0.325513
v 0.243438 -0.500000 -0.326422
v 0.321522 -0.500000 -0.312647
v 0.321522 -0.500000 -0.142752
v 0.321522 -0.500000 -0.050918
v 0.312068 -0.500000 0.041080
v 0.229658 -0.500000 0.040917
v 0.321522 -0.500000 0.054693
v 0.321522 -0.500000 0.118977
v 0.312564 -0.500000 0.132496
v 0.321522 -0.500000 0.146527
v 0.311443 -0.500000 0.224705
v 0.321522 -0.500000 0.238362
v 0.321522 -0.500000 0.261321
v 0.413385 0.500000 -0.418257
v 0.413385 0.319839 -0.500000
v 0.413385 -0.047500 -0.500000
v 0.413385 0.044335 0.500000
v 0.413385 -0.323004 -0.500000
v 0.413385 -0.500000 -0.418257
v 0.405317 -0.500000 -0.327563
v 0.330436 -0.500000 -0.326666
v 0.413385 -0.500000 -0.312647
v 0.413385 -0.500000 -0.142752
v 0.330566 -0.500000 0.040411
v 0.413385 -0.500000 0.040917
v 0.413385 -0.500000 0.132752
v 0.329583 -0.500000 0.133964
v 0.330291 -0.500000 0.224144
v 0.500000 0.319839 -0.299747
v 0.500000 0.136170 -0.500000
v 0.427164 0.136170 -0.500000
v 0.414144 0.128007 -0.500000
v 0.500000 0.136170 0.500000
v 0.500000 -0.414839 -0.418257
v 0.500000 -0.500000 -0.418257
v 0.500000 -0.500000 -0.326422
v 0.421789 -0.500000 -0.325398
v 0.500000 -0.500000 0.224587
v 0.500000 -0.500000 0.316422
vt 0.000000 0.000000
vt 0.000000 0.000000
vt 0.000000 0.000000
vt 0.000000 0.000000
vt 0.000000 0.000000
vt 0.000000 0.000000
vt 0.000000 0.000000
vt 0.000000 0.000000
vt 0.000000 0.000000
vt 0.000000 0.000000
vt 0.000000 0.000000
vt 0.000000 0.000000
vt 0.000000 0.000000
vt 0.000000 0.000000
vt 0.000000 0.000000
vt 0.000000 0.000000
vt 0.000000 0.000000
vt 0.000000 0.000000
vt 0.000000 0.000000
vt 0.000000 0.000000
vt 0.000000 0.000000
vt 0.000000 0.000000
vt 0.000000 0.000000
vt 0.000000 0.000000
vt 0.000000 0.000000
vt 0.000000 0.000000
vt 0.000000 0.000000
vt 0.000000 0.000000
vt 0.000000 0.000000
vt 0.000000 0.000000
vt 0.000000 0.000000
vt 0.000000 0.000000
vt 0.000000 0.000000
vt 0.000000 0.000000
vt 0.000000 0.000000
vt 0.000000 0.000000
vt 0.000000 0.000000
vt 0.000000 0.000000
vt 0.000000 0.000000
vt 0.000000 0.000000
vt 0.000000 0.000000
vt 0.000000 0.000000
vt 0.000000 0.000000
vt 0.000000 0.000000
vt 0.000000 0.000000
vt 0.000000 0.000000
vt 0.000000 0.000000
vt 0.000000 0.000000
vt 0.000000 0.000000
vt 0.000000 0.000000
vt 0.000000 0.000000
vt 0.000000 0.000000
vt 0.000000 0.000000
vt 0.000000 0.000000
vt 0.000000 0.000000
vt 0.000000 0.000000
vt 0.000000 0.000000
vt 0.000000 0.000000
vt 0.000000 0.000000
vt 0.000000 0.000000
vt 0.000000 0.000000
vt 0.000000 0.000000
vt 0.000000 0.000000
vt 0.000000 0.000000
vt 0.000000 0.000000
vt 0.000000 0.000000
vt 0.000000 0.000000
vt 0.000000 0.000000
vt 0.000000 0.000000
vt 0.000000 0.000000
vt 0.000000 0.000000
vt 0.000000 0.000000
vt 0.000000 0.000000
vt 0.000000 0.000000
vt 0.000000 0.000000
vt 0.000000 0.000000
vt 0.000000 0.000000
vt 0.000000 0.000000
vt 0.000000 0.000000
vt 0.000000 0.000000
vt 0.000000 0.000000
vt 0.000000 0.000000
vt 0.000000 0.000000
vt 0.000000 0.000000
vt 0.000000 0.000000
vt 0.000000 0.000000
vt 0.000000 0.000000
vt 0.000000 0.000000
vt 0.000000 0.000000
vt 0.000000 0.000000
vt 0.000000 0.000000
vt 0.000000 0.000000
vt 0.000000 0.000000
vt 0.000000 0.000000
vt 0.000000 0.000000
vt 0.000000 0.000000
vt 0.000000 0.000000
vt 0.000000 0.000000
vt 0.000000 0.000000
vt 0.000000 0.000000
vt 0.000000 0.000000
vt 0.000000 0.000000
vt 0.000000 0.000000
vt 0.000000 0.000000
vt 0.000000 0.000000
vt 0.000000 0.000000
vt 0.000000 0.000000
vt 0.000000 0.000000
vt 0.000000 0.000000
vt 0.000000 0.000000
vt 0.000000 0.000000
vt 0.000000 0.000000
vt 0.000000 0.000000
vt 0.000000 0.000000
vt 0.000000 0.000000
vt 0.000000 0.000000
vt 0.000000 0.000000
vt 0.000000 0.000000
vt 0.000000 0.000000
vt 0.000000 0.000000
vt 0.000000 0.000000
vt 0.000000 0.000000
vt 0.000000 0.000000
vt 0.000000 0.000000
vt 0.000000 0.000000
vt 0.000000 0.000000
vt 0.000000 0.000000
vt 0.000000 0.000000
vt 0.000000 0.000000
vt 0.000000 0.000000
vt 0.000000 0.000000
vt 0.000000 0.000000
vt 0.000000 0.000000
vt 0.000000 0.000000
vt 0.000000 0.000000
vt 0.000000 0.000000
vt 0.000000 0.000000
vt 0.000000 0.000000
vt 0.000000 0.000000
vt 0.000000 0.000000
vt 0.000000 0.000000
vt 0.000000 0.000000
vt 0.000000 0.000000
vt 0.000000 0.000000
vt 0.000000 0.000000
vt 0.000000 0.000000
vt 0.000000 0.000000
vt 0.000000 0.000000
vt 0.000000 0.000000
vt 0.000000 0.000000
vt 0.000000 0.000000
vt 0.000000 0.000000
vt 0.000000 0.000000
vt 0.000000 0.000000
vt 0.000000 0.000000
vt 0.000000 0.000000
vt 0.000000 0.000000
vt 0.000000 0.000000
vt 0.000000 0.000000
vt 0.000000 0.000000
vt 0.000000 0.000000
vt 0.000000 0.000000
vt 0.000000 0.000000
vt 0.000000 0.000000
vt 0.000000 0.000000
vt 0.000000 0.000000
vt 0.000000 0.000000
vt 0.000000 0.000000
vt 0.000000 0.000000
vt 0.000000 0.000000
vt 0.000000 0.000000
vt 0.000000 0.000000
vt 0.000000 0.000000
vt 0.000000 0.000000
vt 0.000000 0.000000
vt 0.000000 0.000000
vt 0.000000 0.000000
vt 0.000000 0.000000
vt 0.000000 0.000000
vt 0.000000 0.000000
vt 0.000000 0.000000
vt 0.000000 0.000000
vt 0.000000 0.000000
vt 0.000000 0.000000
vt 0.000000 0.000000
vt 0.000000 0.000000
vt 0.000000 0.000000
vt 0.000000 0.000000
vt 0.000000 0.000000
vt 0.000000 0.000000
vt 0.000000 0.000000
vt 0.000000 0.000000
vt 0.000000 0.000000
vt 0.000000 0.000000
vt 0.000000 0.000000
vt 0.000000 0.000000
vt 0.000000 0.000000
vt 0.000000 0.000000
vt 0.000000 0.000000
vt 0.000000 0.000000
vt 0.000000 0.000000
vt 0.000000 0.000000
vt 0.000000 0.000000
vt 0.000000 0.000000
vt 0.000000 0.000000
vt 0.000000 0.000000
vt 0.000000 0.000000
vt 0.000000 0.000000
vt 0.000000 0.000000
vt 0.000000 0.000000
vt 0.000000 0.000000
vt 0.000000 0.000000
vt 0.000000 0.000000
vt 0.000000 0.000000
vt 0.000000 0.000000
vt 0.000000 0.000000
vt 0.000000 0.000000
vt 0.000000 0.000000
vt 0.000000 0.000000
vt 0.000000 0.000000
vt 0.000000 0.000000
vt 0.000000 0.000000
vt 0.000000 0.000000
vt 0.000000 0.000000
vt 0.000000 0.000000
vt 0.000000 0.000000
vt 0.000000 0.000000
vt 0.000000 0.000000
vt 0.000000 0.000000
vt 0.000000 0.000000
vt 0.000000 0.000000
vt 0.000000 0.000000
vt 0.000000 0.000000
vt 0.000000 0.000000
vt 0.000000 0.000000
vt 0.000000 0.000000
vt 0.000000 0.000000
vt 0.000000 0.000000
vt 0.000000 0.000000
vt 0.000000 0.000000
vt 0.000000 0.000000
vt 0.000000 0.000000
vt 0.000000 0.000000
vt 0.000000 0.000000
vt 0.000000 0.000000
vt 0.000000 0.000000
vt 0.000000 0.000000
vt 0.000000 0.000000
vt 0.000000 0.000000
vt 0.000000 0.000000
vt 0.000000 0.000000
vt 0.000000 0.000000
vt 0.000000 0.000000
vt 0.000000 0.000000
vt 0.000000 0.000000
vt 0.000000 0.000000
vt 0.000000 0.000000
vt 0.000000 0.000000
vt 0.000000 0.000000
vt 0.000000 0.000000
vt 0.000000 0.000000
vt 0.000000 0.000000
vt 0.000000 0.000000
vt 0.000000 0.000000
vt 0.000000 0.000000
vt 0.000000 0.000000
vt 0.000000 0.000000
vt 0.000000 0.000000
vt 0.000000 0.000000
vt 0.000000 0.000000
vt 0.000000 0.000000
vt 0.000000 0.000000
vt 0.000000 0.000000
vt 0.000000 0.000000
vt 0.000000 0.000000
vt 0.000000 0.000000
vt 0.000000 0.000000
vt 0.000000 0.000000
vt 0.000000 0.000000
vt 0.000000 0.000000
vt 0.000000 0.000000
vt 0.000000 0.000000
vt 0.000000 0.000000
vt 0.000000 0.000000
vt 0.000000 0.000000
vt 0.000000 0.000000
vt 0.000000 0.000000
vt 0.000000 0.000000
vt 0.000000 0.000000
vt 0.000000 0.000000
vt 0.000000 0.000000
vt 0.000000 0.000000
vt 0.000000 0.000000
vt 0.000000 0.000000
vt 0.000000 0.000000
vt 0.000000 0.000000
vt 0.000000 0.000000
vt 0.000000 0.000000
vt 0.000000 0.000000
vt 0.000000 0.000000
vt 0.000000 0.000000
vt 0.000000 0.000000
vt 0.000000 0.000000
vt 0.000000 0.000000
vt 0.000000 0.000000
vt 0.000000 0.000000
vt 0.000000 0.000000
vt 0.000000 0.000000
vt 0.000000 0.000000
vt 0.000000 0.000000
vt 0.000000 0.000000
vt 0.000000 0.000000
vt 0.000000 0.000000
vt 0.000000 0.000000
vt 0.000000 0.000000
vt 0.000000 0.000000
vt 0.000000 0.000000
vt 0.000000 0.000000
vt 0.000000 0.000000
vt 0.000000 0.000000
vt 0.000000 0.000000
vt 0.000000 0.000000
vt 0.000000 0.000000
vt 0.000000 0.000000
vt 0.000000 0.000000
vt 0.000000 0.000000
vt 0.000000 0.000000
vt 0.000000 0.000000
vt 0.000000 0.000000
vt 0.000000 0.000000
vt 0.000000 0.000000
vt 0.000000 0.000000
vt 0.000000 0.000000
vt 0.000000 0.000000
vt 0.000000 0.000000
vt 0.000000 0.000000
vt 0.000000 0.000000
vt 0.000000 0.000000
vt 0.000000 0.000000
vt 0.000000 0.000000
vt 0.000000 0.000000
vt 0.000000 0.000000
vt 0.000000 0.000000
vt 0.000000 0.000000
vt 0.000000 0.000000
vt 0.000000 0.000000
vt 0.000000 0.000000
vt 0.000000 0.000000
vt 0.000000 0.000000
vt 0.000000 0.000000
vt 0.000000 0.000000
vt 0.000000 0.000000
vt 0.000000 0.000000
vt 0.000000 0.000000
vt 0.000000 0.000000
vt 0.000000 0.000000
vt 0.000000 0.000000
vt 0.000000 0.000000
vt 0.000000 0.000000
vt 0.000000 0.000000
vt 0.000000 0.000000
vt 0.000000 0.000000
vt 0.000000 0.000000
vt 0.000000 0.000000
vt 0.000000 0.000000
vt 0.000000 0.000000
vt 0.000000 0.000000
vt 0.000000 0.000000
vt 0.000000 0.000000
vt 0.000000 0.000000
vt 0.000000 0.000000
vt 0.000000 0.000000
vt 0.000000 0.000000
vt 0.000000 0.000000
vt 0.000000 0.000000
vt 0.000000 0.000000
vt 0.000000 0.000000
vt 0.000000 0.000000
vt 0.000000 0.000000
vt 0.000000 0.000000
vt 0.000000 0.000000
vt 0.000000 0.000000
vt 0.000000 0.000000
vt 0.000000 0.000000
vt 0.000000 0.000000
vt 0.000000 0.000000
vt 0.000000 0.000000
vt 0.000000 0.000000
vt 0.000000 0.000000
vt 0.000000 0.000000
vt 0.000000 0.000000
vt 0.000000 0.000000
vt 0.000000 0.000000
vt 0.000000 0.000000
vt 0.000000 0.000000
vt 0.000000 0.000000
vt 0.000000 0.000000
vt 0.000000 0.000000
vt 0.000000 0.000000
vt 0.000000 0.000000
vt 0.000000 0.000000
vt 0.000000 0.000000
vt 0.000000 0.000000
vt 0.000000 0.000000
vt 0.000000 0.000000
vt 0.000000 0.000000
vt 0.000000 0.000000
vt 0.000000 0.000000
vt 0.000000 0.000000
vt 0.000000 0.000000
vt 0.000000 0.000000
vt 0.000000 0.000000
vt 0.000000 0.000000
vt 0.000000 0.000000
vt 0.000000 0.000000
vt 0.000000 0.000000
vt 0.000000 0.000000
vt 0.000000 0.000000
vt 0.000000 0.000000
vt 0.000000 0.000000
vt 0.000000 0.000000
vt 0.000000 0.000000
vt 0.000000 0.000000
vt 0.000000 0.000000
vt 0.000000 0.000000
vt 0.000000 0.000000
vt 0.000000 0.000000
vt 0.000000 0.000000
vt 0.000000 0.000000
vt 0.000000 0.000000
vt 0.000000 0.000000
vt 0.000000 0.000000
vt 0.000000 0.000000
vt 0.000000 0.000000
vt 0.000000 0.000000
vt 0.000000 0.000000
vt 0.000000 0.000000
vt 0.000000 0.000000
vt 0.000000 0.000000
vt 0.000000 0.000000
vt 0.000000 0.000000
vt 0.000000 0.000000
vt 0.000000 0.000000
vt 0.000000 0.000000
vt 0.000000 0.000000
vt 0.000000 0.000000
vt 0.000000 0.000000
vt 0.000000 0.000000
vt 0.000000 0.000000
vt 0.000000 0.000000
vt 0.000000 0.000000
vt 0.000000 0.000000
vt 0.000000 0.000000
vt 0.000000 0.000000
vt 0.000000 0.000000
vt 0.000000 0.000000
vt 0.000000 0.000000
vt 0.000000 0.000000
vt 0.000000 0.000000
vt 0.000000 0.000000
vt 0.000000 0.000000
vt 0.000000 0.000000
vt 0.000000 0.000000
vt 0.000000 0.000000
vt 0.000000 0.000000
vt 0.000000 0.000000
vt 0.000000 0.000000
vt 0.000000 0.000000
vt 0.000000 0.000000
vt 0.000000 0.000000
vt 0.000000 0.000000
vt 0.000000 0.000000
vt 0.000000 0.000000
vt 0.000000 0.000000
vt 0.000000 0.000000
vt 0.000000 0.000000
vt 0.000000 0.000000
vt 0.000000 0.000000
vt 0.000000 0.000000
vt 0.000000 0.000000
vt 0.000000 0.000000
vt 0.000000 0.000000
vt 0.000000 0.000000
vt 0.000000 0.000000
vt 0.000000 0.000000
vt 0.000000 0.000000
vt 0.000000 0.000000
vt 0.000000 0.000000
vt 0.000000 0.000000
vt 0.000000 0.000000
vt 0.000000 0.000000
vt 0.000000 0.000000
vt 0.000000 0.000000
vt 0.000000 0.000000
vt 0.000000 0.000000
vt 0.000000 0.000000
vt 0.000000 0.000000
vt 0.000000 0.000000
vt 0.000000 0.000000
vt 0.000000 0.000000
vt 0.000000 0.000000
vt 0.000000 0.000000
vt 0.000000 0.000000
vt 0.000000 0.000000
vt 0.000000 0.000000
vt 0.000000 0.000000
vt 0.000000 0.000000
vt 0.000000 0.000000
vt 0.000000 0.000000
vt 0.000000 0.000000
vt 0.000000 0.000000
vt 0.000000 0.000000
vt 0.000000 0.000000
vt 0.000000 0.000000
vt 0.000000 0.000000
vt 0.000000 0.000000
vt 0.000000 0.000000
vt 0.000000 0.000000
vt 0.000000 0.000000
vt 0.000000 0.000000
vt 0.000000 0.000000
vt 0.000000 0.000000
vt 0.000000 0.000000
vt 0.000000 0.000000
vt 0.000000 0.000000
vt 0.000000 0.000000
vt 0.000000 0.000000
vt 0.000000 0.000000
vt 0.000000 0.000000
vt 0.000000 0.000000
vt 0.000000 0.000000
vt 0.000000 0.000000
vt 0.000000 0.000000
vt 0.000000 0.000000
vt 0.000000 0.000000
vt 0.000000 0.000000
vt 0.000000 0.000000
vt 0.000000 0.000000
vt 0.000000 0.000000
vt 0.000000 0.000000
vt 0.000000 0.000000
vt 0.000000 0.000000
vt 0.000000 0.000000
vt 0.000000 0.000000
vt 0.000000 0.000000
vt 0.000000 0.000000
vt 0.000000 0.000000
vt 0.000000 0.000000
vt 0.000000 0.000000
vt 0.000000 0.000000
vt 0.000000 0.000000
vt 0.000000 0.000000
vt 0.000000 0.000000
vt 0.000000 0.000000
vt 0.000000 0.000000
vt 0.000000 0.000000
vt 0.000000 0.000000
vt 0.000000 0.000000
vt 0.000000 0.000000
vt 0.000000 0.000000
vt 0.000000 0.000000
vt 0.000000 0.000000
vt 0.000000 0.000000
vt 0.000000 0.000000
vt 0.000000 0.000000
vt 0.000000 0.000000
vt 0.000000 0.000000
vt 0.000000 0.000000
vt 0.000000 0.000000
vt 0.000000 0.000000
vt 0.000000 0.000000
vt 0.000000 0.000000
vt 0.000000 0.000000
vt 0.000000 0.000000
vt 0.000000 0.000000
vt 0.000000 0.000000
vt 0.000000 0.000000
vt 0.000000 0.000000
vt 0.000000 0.000000
vt 0.000000 0.000000
vt 0.000000 0.000000
vt 0.000000 0.000000
vt 0.000000 0.000000
vt 0.000000 0.000000
vt 0.000000 0.000000
vt 0.000000 0.000000
vt 0.000000 0.000000
vt 0.000000 0.000000
vt 0.000000 0.000000
vt 0.000000 0.000000
vt 0.000000 0.000000
vt 0.000000 0.000000
vt 0.000000 0.000000
vt 0.000000 0.000000
vt 0.000000 0.000000
vt 0.000000 0.000000
vt 0.000000 0.000000
vt 0.000000 0.000000
vt 0.000000 0.000000
vt 0.000000 0.000000
vt 0.000000 0.000000
vt 0.000000 0.000000
vt 0.000000 0.000000
vt 0.000000 0.000000
vt 0.000000 0.000000
vt 0.000000 0.000000
vt 0.000000 0.000000
vt 0.000000 0.000000
vt 0.000000 0.000000
vt 0.000000 0.000000
vt 0.000000 0.000000
vt 0.000000 0.000000
vt 0.000000 0.000000
vt 0.000000 0.000000
vt 0.000000 0.000000
vt 0.000000 0.000000
vt 0.000000 0.000000
vt 0.000000 0.000000
vt 0.000000 0.000000
vt 0.000000 0.000000
vt 0.000000 0.000000
vt 0.000000 0.000000
vt 0.000000 0.000000
vt 0.000000 0.000000
vt 0.000000 0.000000
vt 0.000000 0.000000
vt 0.000000 0.000000
vt 0.000000 0.000000
vt 0.000000 0.000000
vt 0.000000 0.000000
vt 0.000000 0.000000
vt 0.000000 0.000000
vt 0.000000 0.000000
vt 0.000000 0.000000
vt 0.000000 0.000000
vt 0.000000 0.000000
vt 0.000000 0.000000
vt 0.000000 0.000000
vt 0.000000 0.000000
vt 0.000000 0.000000
vt 0.000000 0.000000
vt 0.000000 0.000000
vt 0.000000 0.000000
vt 0.000000 0.000000
vt 0.000000 0.000000
vt 0.000000 0.000000
vt 0.000000 0.000000
vt 0.000000 0.000000
vt 0.000000 0.000000
vt 0.000000 0.000000
vt 0.000000 0.000000
vt 0.000000 0.000000
vt 0.000000 0.000000
vt 0.000000 0.000000
vt 0.000000 0.000000
vt 0.000000 0.000000
vt 0.000000 0.000000
vt 0.000000 0.000000
vt 0.000000 0.000000
vt 0.000000 0.000000
vt 0.000000 0.000000
vt 0.000000 0.000000
vt 0.000000 0.000000
vt 0.000000 0.000000
vt 0.000000 0.000000
vt 0.000000 0.000000
vt 0.000000 0.000000
vt 0.000000 0.000000
vt 0.000000 0.000000
vt 0.000000 0.000000
vt 0.000000 0.000000
vt 0.000000 0.000000
vt 0.000000 0.000000
vt 0.000000 0.000000
vt 0.000000 0.000000
vt 0.000000 0.000000
vt 0.000000 0.000000
vt 0.000000 0.000000
vt 0.000000 0.000000
vt 0.000000 0.000000
vt 0.000000 0.000000
vt 0.000000 0.000000
vt 0.000000 0.000000
vt 0.000000 0.000000
vt 0.000000 0.000000
vt 0.000000 0.000000
vt 0.000000 0.000000
vt 0.000000 0.000000
vt 0.000000 0.000000
vt 0.000000 0.000000
vt 0.000000 0.000000
vt 0.000000 0.000000
vt 0.000000 0.000000
vt 0.000000 0.000000
vt 0.000000 0.000000
vt 0.000000 0.000000
vt 0.000000 0.000000
vt 0.000000 0.000000
vt 0.000000 0.000000
vt 0.000000 0.000000
vt 0.000000 0.000000
vt 0.000000 0.000000
vt 0.000000 0.000000
vt 0.000000 0.000000
vt 0.000000 0.000000
vt 0.000000 0.000000
vt 0.000000 0.000000
vt 0.000000 0.000000
vt 0.000000 0.000000
vt 0.000000 0.000000
vt 0.000000 0.000000
vt 0.000000 0.000000
vt 0.000000 0.000000
vt 0.000000 0.000000
vt 0.000000 0.000000
vt 0.000000 0.000000
vt 0.000000 0.000000
vt 0.000000 0.000000
vt 0.000000 0.000000
vt 0.000000 0.000000
vt 0.000000 0.000000
vt 0.000000 0.000000
vt 0.000000 0.000000
vt 0.000000 0.000000
vt 0.000000 0.000000
vt 0.000000 0.000000
vt 0.000000 0.000000
vt 0.000000 0.000000
vt 0.000000 0.000000
vt 0.000000 0.000000
vt 0.000000 0.000000
vt 0.000000 0.000000
vt 0.000000 0.000000
vt 0.000000 0.000000
vt 0.000000 0.000000
vt 0.000000 0.000000
vt 0.000000 0.000000
vt 0.000000 0.000000
vt 0.000000 0.000000
vt 0.000000 0.000000
vt 0.000000 0.000000
vt 0.000000 0.000000
vt 0.000000 0.000000
vt 0.000000 0.000000
vt 0.000000 0.000000
vt 0.000000 0.000000
vt 0.000000 0.000000
vt 0.000000 0.000000
vt 0.000000 0.000000
vt 0.000000 0.000000
vt 0.000000 0.000000
vt 0.000000 0.000000
vt 0.000000 0.000000
vt 0.000000 0.000000
vt 0.000000 0.000000
vt 0.000000 0.000000
vt 0.000000 0.000000
vt 0.000000 0.000000
vt 0.000000 0.000000
vt 0.000000 0.000000
vt 0.000000 0.000000
vt 0.000000 0.000000
vt 0.000000 0.000000
vt 0.000000 0.000000
vt 0.000000 0.000000
vt 0.000000 0.000000
vt 0.000000 0.000000
vt 0.000000 0.000000
vt 0.000000 0.000000
vt 0.000000 0.000000
vt 0.000000 0.000000
vt 0.000000 0.000000
vt 0.000000 0.000000
vt 0.000000 0.000000
vt 0.000000 0.000000
vt 0.000000 0.000000
vt 0.000000 0.000000
vt 0.000000 0.000000
vt 0.000000 0.000000
vt 0.000000 0.000000
vt 0.000000 0.000000
vt 0.000000 0.000000
vt 0.000000 0.000000
vt 0.000000 0.000000
vt 0.000000 0.000000
vt 0.000000 0.000000
vt 0.000000 0.000000
vt 0.000000 0.000000
vt 0.000000 0.000000
vt 0.000000 0.000000
vt 0.000000 0.000000
vt 0.000000 0.000000
vt 0.000000 0.000000
vt 0.000000 0.000000
vt 0.000000 0.000000
vt 0.000000 0.000000
vt 0.000000 0.000000
vt 0.000000 0.000000
vt 0.000000 0.000000
vt 0.000000 0.000000
vt 0.000000 0.000000
vt 0.000000 0.000000
vt 0.000000 0.000000
vt 0.000000 0.000000
vt 0.000000 0.000000
vt 0.000000 0.000000
vt 0.000000 0.000000
vt 0.000000 0.000000
vt 0.000000 0.000000
vt 0.000000 0.000000
vt 0.000000 0.000000
vt 0.000000 0.000000
vt 0.000000 0.000000
vt 0.000000 0.000000
vt 0.000000 0.000000
vt 0.000000 0.000000
vt 0.000000 0.000000
vt 0.000000 0.000000
vt 0.000000 0.000000
vt 0.000000 0.000000
vt 0.000000 0.000000
vt 0.000000 0.000000
vt 0.000000 0.000000
vt 0.000000 0.000000
vt 0.000000 0.000000
vt 0.000000 0.000000
vt 0.000000 0.000000
vt 0.000000 0.000000
vt 0.000000 0.000000
vt 0.000000 0.000000
vt 0.000000 0.000000
vt 0.000000 0.000000
vt 0.000000 0.000000
vt 0.000000 0.000000
vt 0.000000 0.000000
vt 0.000000 0.000000
vt 0.000000 0.000000
vt 0.000000 0.000000
vt 0.000000 0.000000
vt 0.000000 0.000000
vt 0.000000 0.000000
vt 0.000000 0.000000
vt 0.000000 0.000000
vt 0.000000 0.000000
vt 0.000000 0.000000
vt 0.000000 0.000000
vt 0.000000 0.000000
vt 0.000000 0.000000
vt 0.000000 0.000000
vt 0.000000 0.000000
vt 0.000000 0.000000
vt 0.000000 0.000000
vt 0.000000 0.000000
vt 0.000000 0.000000
vt 0.000000 0.000000
vt 0.000000 0.000000
vt 0.000000 0.000000
vt 0.000000 0.000000
vt 0.000000 0.000000
vt 0.000000 0.000000
vt 0.000000 0.000000
vt 0.000000 0.000000
vt 0.000000 0.000000
vt 0.000000 0.000000
vt 0.000000 0.000000
vt 0.000000 0.000000
vt 0.000000 0.000000
vt 0.000000 0.000000
vt 0.000000 0.000000
vt 0.000000 0.000000
vt 0.000000 0.000000
vt 0.000000 0.000000
vt 0.000000 0.000000
vt 0.000000 0.000000
vt 0.000000 0.000000
vt 0.000000 0.000000
vt 0.000000 0.000000
vt 0.000000 0.000000
vt 0.000000 0.000000
vt 0.000000 0.000000
vt 0.000000 0.000000
vt 0.000000 0.000000
vt 0.000000 0.000000
vt 0.000000 0.000000
vt 0.000000 0.000000
vt 0.000000 0.000000
vt 0.000000 0.000000
vt 0.000000 0.000000
vt 0.000000 0.000000
vt 0.000000 0.000000
vt 0.000000 0.000000
vt 0.000000 0.000000
vt 0.000000 0.000000
vt 0.000000 0.000000
vt 0.000000 0.000000
vt 0.000000 0.000000
vt 0.000000 0.000000
vt 0.000000 0.000000
vt 0.000000 0.000000
vt 0.000000 0.000000
vt 0.000000 0.000000
vt 0.000000 0.000000
vt 0.000000 0.000000
vt 0.000000 0.000000
vt 0.000000 0.000000
vt 0.000000 0.000000
vt 0.000000 0.000000
vt 0.000000 0.000000
vt 0.000000 0.000000
vt 0.000000 0.000000
vt 0.000000 0.000000
vt 0.000000 0.000000
vt 0.000000 0.000000
vt 0.000000 0.000000
vt 0.000000 0.000000
vt 0.000000 0.000000
vt 0.000000 0.000000
vt 0.000000 0.000000
vt 0.000000 0.000000
vt 0.000000 0.000000
vt 0.000000 0.000000
vt 0.000000 0.000000
vt 0.000000 0.000000
vt 0.000000 0.000000
vt 0.000000 0.000000
vt 0.000000 0.000000
vt 0.000000 0.000000
vt 0.000000 0.000000
vt 0.000000 0.000000
vt 0.000000 0.000000
vt 0.000000 0.000000
vt 0.000000 0.000000
vt 0.000000 0.000000
vt 0.000000 0.000000
vt 0.000000 0.000000
vt 0.000000 0.000000
vt 0.000000 0.000000
vt 0.000000 0.000000
vt 0.000000 0.000000
vt 0.000000 0.000000
vt 0.000000 0.000000
vt 0.000000 0.000000
vt 0.000000 0.000000
vt 0.000000 0.000000
vt 0.000000 0.000000
vt 0.000000 0.000000
vt 0.000000 0.000000
vt 0.000000 0.000000
vt 0.000000 0.000000
vt 0.000000 0.000000
vt 0.000000 0.000000
vt 0.000000 0.000000
vt 0.000000 0.000000
vt 0.000000 0.000000
vt 0.000000 0.000000
vt 0.000000 0.000000
vt 0.000000 0.000000
vt 0.000000 0.000000
vt 0.000000 0.000000
vt 0.000000 0.000000
vt 0.000000 0.000000
vt 0.000000 0.000000
vt 0.000000 0.000000
vt 0.000000 0.000000
vt 0.000000 0.000000
vt 0.000000 0.000000
vt 0.000000 0.000000
vt 0.000000 0.000000
vt 0.000000 0.000000
vt 0.000000 0.000000
vt 0.000000 0.000000
vt 0.000000 0.000000
vt 0.000000 0.000000
vt 0.000000 0.000000
vt 0.000000 0.000000
vt 0.000000 0.000000
vt 0.000000 0.000000
vt 0.000000 0.000000
vt 0.000000 0.000000
vt 0.000000 0.000000
vt 0.000000 0.000000
vt 0.000000 0.000000
vt 0.000000 0.000000
vt 0.000000 0.000000
vt 0.000000 0.000000
vt 0.000000 0.000000
vt 0.000000 0.000000
vt 0.000000 0.000000
vt 0.000000 0.000000
vt 0.000000 0.000000
vt 0.000000 0.000000
vt 0.000000 0.000000
vt 0.000000 0.000000
vt 0.000000 0.000000
vt 0.000000 0.000000
vt 0.000000 0.000000
vt 0.000000 0.000000
vt 0.000000 0.000000
vt 0.000000 0.000000
vt 0.000000 0.000000
vt 0.000000 0.000000
vt 0.000000 0.000000
vt 0.000000 0.000000
vt 0.000000 0.000000
vt 0.000000 0.000000
vt 0.000000 0.000000
vt 0.000000 0.000000
vt 0.000000 0.000000
vt 0.000000 0.000000
vt 0.000000 0.000000
vt 0.000000 0.000000
vt 0.000000 0.000000
vt 0.000000 0.000000
vt 0.000000 0.000000
vt 0.000000 0.000000
vt 0.000000 0.000000
vt 0.000000 0.000000
vt 0.000000 0.000000
vt 0.000000 0.000000
vt 0.000000 0.000000
vt 0.000000 0.000000
vt 0.000000 0.000000
vt 0.000000 0.000000
vt 0.000000 0.000000
vt 0.000000 0.000000
vt 0.000000 0.000000
vt 0.000000 0.000000
vt 0.000000 0.000000
vt 0.000000 0.000000
vt 0.000000 0.000000
vt 0.000000 0.000000
vt 0.000000 0.000000
vt 0.000000 0.000000
vt 0.000000 0.000000
vt 0.000000 0.000000
vt 0.000000 0.000000
vt 0.000000 0.000000
vt 0.000000 0.000000
vt 0.000000 0.000000
vt 0.000000 0.000000
vt 0.000000 0.000000
vt 0.000000 0.000000
vt 0.000000 0.000000
vt 0.000000 0.000000
vt 0.000000 0.000000
vt 0.000000 0.000000
vt 0.000000 0.000000
vt 0.000000 0.000000
vt 0.000000 0.000000
vt 0.000000 0.000000
vt 0.000000 0.000000
vt 0.000000 0.000000
vt 0.000000 0.000000
vt 0.000000 0.000000
vt 0.000000 0.000000
vt 0.000000 0.000000
vt 0.000000 0.000000
vt 0.000000 0.000000
vt 0.000000 0.000000
vt 0.000000 0.000000
vt 0.000000 0.000000
vt 0.000000 0.000000
vt 0.000000 0.000000
vt 0.000000 0.000000
vt 0.000000 0.000000
vt 0.000000 0.000000
vt 0.000000 0.000000
vt 0.000000 0.000000
vt 0.000000 0.000000
vt 0.000000 0.000000
vt 0.000000 0.000000
vt 0.000000 0.000000
vt 0.000000 0.000000
vt 0.000000 0.000000
vt 0.000000 0.000000
vt 0.000000 0.000000
vt 0.000000 0.000000
vt 0.000000 0.000000
vt 0.000000 0.000000
vt 0.000000 0.000000
vt 0.000000 0.000000
vt 0.000000 0.000000
vt 0.000000 0.000000
vt 0.000000 0.000000
vt 0.000000 0.000000
vt 0.000000 0.000000
vt 0.000000 0.000000
vt 0.000000 0.000000
vt 0.000000 0.000000
vt 0.000000 0.000000
vt 0.000000 0.000000
vt 0.000000 0.000000
vt 0.000000 0.000000
vt 0.000000 0.000000
vt 0.000000 0.000000
vt 0.000000 0.000000
vt 0.000000 0.000000
vt 0.000000 0.000000
vt 0.000000 0.000000
vt 0.000000 0.000000
vt 0.000000 0.000000
vt 0.000000 0.000000
vt 0.000000 0.000000
vt 0.000000 0.000000
vt 0.000000 0.000000
vt 0.000000 0.000000
vt 0.000000 0.000000
vt 0.000000 0.000000
vt 0.000000 0.000000
vt 0.000000 0.000000
vt 0.000000 0.000000
vt 0.000000 0.000000
vt 0.000000 0.000000
vt 0.000000 0.000000
vt 0.000000 0.000000
vt 0.000000 0.000000
vt 0.000000 0.000000
vt 0.000000 0.000000
vt 0.000000 0.000000
vt 0.000000 0.000000
vt 0.000000 0.000000
vt 0.000000 0.000000
vt 0.000000 0.000000
vt 0.000000 0.000000
vt 0.000000 0.000000
vt 0.000000 0.000000
vt 0.000000 0.000000
vt 0.000000 0.000000
vt 0.000000 0.000000
vt 0.000000 0.000000
vt 0.000000 0.000000
vt 0.000000 0.000000
vt 0.000000 0.000000
vt 0.000000 0.000000
vt 0.000000 0.000000
vt 0.000000 0.000000
vt 0.000000 0.000000
vt 0.000000 0.000000
vt 0.000000 0.000000
vt 0.000000 0.000000
vt 0.000000 0.000000
vt 0.000000 0.000000
vt 0.000000 0.000000
vt 0.000000 0.000000
vt 0.000000 0.000000
vt 0.000000 0.000000
vt 0.000000 0.000000
vt 0.000000 0.000000
vt 0.000000 0.000000
vt 0.000000 0.000000
vt 0.000000 0.000000
vt 0.000000 0.000000
vt 0.000000 0.000000
vt 0.000000 0.000000
vt 0.000000 0.000000
vt 0.000000 0.000000
vt 0.000000 0.000000
vt 0.000000 0.000000
vt 0.000000 0.000000
vt 0.000000 0.000000
vt 0.000000 0.000000
vt 0.000000 0.000000
vt 0.000000 0.000000
vt 0.000000 0.000000
vt 0.000000 0.000000
vt 0.000000 0.000000
vt 0.000000 0.000000
vt 0.000000 0.000000
vt 0.000000 0.000000
vt 0.000000 0.000000
vt 0.000000 0.000000
vt 0.000000 0.000000
vt 0.000000 0.000000
vt 0.000000 0.000000
vt 0.000000 0.000000
vt 0.000000 0.000000
vt 0.000000 0.000000
vt 0.000000 0.000000
vt 0.000000 0.000000
vt 0.000000 0.000000
vt 0.000000 0.000000
vt 0.000000 0.000000
vt 0.000000 0.000000
vt 0.000000 0.000000
vt 0.000000 0.000000
vt 0.000000 0.000000
vt 0.000000 0.000000
vt 0.000000 0.000000
vt 0.000000 0.000000
vt 0.000000 0.000000
vt 0.000000 0.000000
vt 0.000000 0.000000
vt 0.000000 0.000000
vt 0.000000 0.000000
vt 0.000000 0.000000
vt 0.000000 0.000000
vt 0.000000 0.000000
vt 0.000000 0.000000
vt 0.000000 0.000000
vt 0.000000 0.000000
vt 0.000000 0.000000
vt 0.000000 0.000000
vt 0.000000 0.000000
vt 0.000000 0.000000
vt 0.000000 0.000000
vt 0.000000 0.000000
vt 0.000000 0.000000
vt 0.000000 0.000000
vt 0.000000 0.000000
vt 0.000000 0.000000
vt 0.000000 0.000000
vt 0.000000 0.000000
vt 0.000000 0.000000
vt 0.000000 0.000000
vt 0.000000 0.000000
vt 0.000000 0.000000
vt 0.000000 0.000000
vt 0.000000 0.000000
vt 0.000000 0.000000
vt 0.000000 0.000000
vt 0.000000 0.000000
vt 0.000000 0.000000
vt 0.000000 0.000000
vt 0.000000 0.000000
vt 0.000000 0.000000
vt 0.000000 0.000000
vt 0.000000 0.000000
vt 0.000000 0.000000
vt 0.000000 0.000000
vt 0.000000 0.000000
vt 0.000000 0.000000
vt 0.000000 0.000000
vt 0.000000 0.000000
vt 0.000000 0.000000
vt 0.000000 0.000000
vt 0.000000 0.000000
vt 0.000000 0.000000
vt 0.000000 0.000000
vt 0.000000 0.000000
vt 0.000000 0.000000
vt 0.000000 0.000000
vt 0.000000 0.000000
vt 0.000000 0.000000
vt 0.000000 0.000000
vt 0.000000 0.000000
vt 0.000000 0.000000
vt 0.000000 0.000000
vt 0.000000 0.000000
vt 0.000000 0.000000
vt 0.000000 0.000000
vt 0.000000 0.000000
vt 0.000000 0.000000
vt 0.000000 0.000000
vt 0.000000 0.000000
vt 0.000000 0.000000
vt 0.000000 0.000000
vt 0.000000 0.000000
vt 0.000000 0.000000
vt 0.000000 0.000000
vt 0.000000 0.000000
vt 0.000000 0.000000
vt 0.000000 0.000000
vt 0.000000 0.000000
vt 0.000000 0.000000
vt 0.000000 0.000000
vt 0.000000 0.000000
vt 0.000000 0.000000
vt 0.000000 0.000000
vt 0.000000 0.000000
vt 0.000000 0.000000
vt 0.000000 0.000000
vt 0.000000 0.000000
vt 0.000000 0.000000
vt 0.000000 0.000000
vt 0.000000 0.000000
vt 0.000000 0.000000
vt 0.000000 0.000000
vt 0.000000 0.000000
vt 0.000000 0.000000
vt 0.000000 0.000000
vt 0.000000 0.000000
vt 0.000000 0.000000
vt 0.000000 0.000000
vt 0.000000 0.000000
vt 0.000000 0.000000
vt 0.000000 0.000000
vt 0.000000 0.000000
vt 0.000000 0.000000
vt 0.000000 0.000000
vt 0.000000 0.000000
vt 0.000000 0.000000
vt 0.000000 0.000000
vt 0.000000 0.000000
vt 0.000000 0.000000
vt 0.000000 0.000000
vt 0.000000 0.000000
vt 0.000000 0.000000
vt 0.000000 0.000000
vt 0.000000 0.000000
vt 0.000000 0.000000
vt 0.000000 0.000000
vt 0.000000 0.000000
vt 0.000000 0.000000
vt 0.000000 0.000000
vt 0.000000 0.000000
vt 0.000000 0.000000
vt 0.000000 0.000000
vt 0.000000 0.000000
vt 0.000000 0.000000
vt 0.000000 0.000000
vt 0.000000 0.000000
vt 0.000000 0.000000
vt 0.000000 0.000000
vt 0.000000 0.000000
vt 0.000000 0.000000
vt 0.000000 0.000000
vt 0.000000 0.000000
vt 0.000000 0.000000
vt 0.000000 0.000000
vt 0.000000 0.000000
vt 0.000000 0.000000
vt 0.000000 0.000000
vt 0.000000 0.000000
vt 0.000000 0.000000
vt 0.000000 0.000000
vt 0.000000 0.000000
vt 0.000000 0.000000
vt 0.000000 0.000000
vt 0.000000 0.000000
vt 0.000000 0.000000
vt 0.000000 0.000000
vt 0.000000 0.000000
vt 0.000000 0.000000
vt 0.000000 0.000000
vt 0.000000 0.000000
vt 0.000000 0.000000
vt 0.000000 0.000000
vt 0.000000 0.000000
vt 0.000000 0.000000
vt 0.000000 0.000000
vt 0.000000 0.000000
vt 0.000000 0.000000
vt 0.000000 0.000000
vt 0.000000 0.000000
vt 0.000000 0.000000
vt 0.000000 0.000000
vt 0.000000 0.000000
vt 0.000000 0.000000
vt 0.000000 0.000000
vt 0.000000 0.000000
vt 0.000000 0.000000
vt 0.000000 0.000000
vt 0.000000 0.000000
vt 0.000000 0.000000
vt 0.000000 0.000000
vt 0.000000 0.000000
vt 0.000000 0.000000
vt 0.000000 0.000000
vt 0.000000 0.000000
vt 0.000000 0.000000
vt 0.000000 0.000000
vt 0.000000 0.000000
vt 0.000000 0.000000
vt 0.000000 0.000000
vt 0.000000 0.000000
vt 0.000000 0.000000
vt 0.000000 0.000000
vt 0.000000 0.000000
vt 0.000000 0.000000
vt 0.000000 0.000000
vt 0.000000 0.000000
vt 0.000000 0.000000
vt 0.000000 0.000000
vt 0.000000 0.000000
vt 0.000000 0.000000
vt 0.000000 0.000000
vt 0.000000 0.000000
vt 0.000000 0.000000
vt 0.000000 0.000000
vt 0.000000 0.000000
vt 0.000000 0.000000
vt 0.000000 0.000000
vt 0.000000 0.000000
vt 0.000000 0.000000
vt 0.000000 0.000000
vt 0.000000 0.000000
vt 0.000000 0.000000
vt 0.000000 0.000000
vt 0.000000 0.000000
vt 0.000000 0.000000
vt 0.000000 0.000000
vt 0.000000 0.000000
vt 0.000000 0.000000
vt 0.000000 0.000000
vt 0.000000 0.000000
vt 0.000000 0.000000
vt 0.000000 0.000000
vt 0.000000 0.000000
vt 0.000000 0.000000
vt 0.000000 0.000000
vt 0.000000 0.000000
vt 0.000000 0.000000
vt 0.000000 0.000000
vt 0.000000 0.000000
vt 0.000000 0.000000
vt 0.000000 0.000000
vt 0.000000 0.000000
vt 0.000000 0.000000
vt 0.000000 0.000000
vt 0.000000 0.000000
vt 0.000000 0.000000
vt 0.000000 0.000000
vt 0.000000 0.000000
vt 0.000000 0.000000
vt 0.000000 0.000000
vt 0.000000 0.000000
vt 0.000000 0.000000
vt 0.000000 0.000000
vt 0.000000 0.000000
vt 0.000000 0.000000
vt 0.000000 0.000000
vt 0.000000 0.000000
vt 0.000000 0.000000
vt 0.000000 0.000000
vt 0.000000 0.000000
vt 0.000000 0.000000
vt 0.000000 0.000000
vt 0.000000 0.000000
vt 0.000000 0.000000
vt 0.000000 0.000000
vt 0.000000 0.000000
vt 0.000000 0.000000
vt 0.000000 0.000000
vt 0.000000 0.000000
vt 0.000000 0.000000
vt 0.000000 0.000000
vt 0.000000 0.000000
vt 0.000000 0.000000
vt 0.000000 0.000000
vt 0.000000 0.000000
vt 0.000000 0.000000
vt 0.000000 0.000000
vt 0.000000 0.000000
vt 0.000000 0.000000
vt 0.000000 0.000000
vt 0.000000 0.000000
vt 0.000000 0.000000
vt 0.000000 0.000000
vt 0.000000 0.000000
vt 0.000000 0.000000
vt 0.000000 0.000000
vt 0.000000 0.000000
vt 0.000000 0.000000
vt 0.000000 0.000000
vt 0.000000 0.000000
vt 0.000000 0.000000
vt 0.000000 0.000000
vt 0.000000 0.000000
vt 0.000000 0.000000
vt 0.000000 0.000000
vt 0.000000 0.000000
vt 0.000000 0.000000
vt 0.000000 0.000000
vt 0.000000 0.000000
vt 0.000000 0.000000
vt 0.000000 0.000000
vt 0.000000 0.000000
vt 0.000000 0.000000
vt 0.000000 0.000000
vt 0.000000 0.000000
vt 0.000000 0.000000
vt 0.000000 0.000000
vt 0.000000 0.000000
vt 0.000000 0.000000
vt 0.000000 0.000000
vt 0.000000 0.000000
vt 0.000000 0.000000
vt 0.000000 0.000000
vt 0.000000 0.000000
vt 0.000000 0.000000
vt 0.000000 0.000000
vt 0.000000 0.000000
vt 0.000000 0.000000
vt 0.000000 0.000000
vt 0.000000 0.000000
vt 0.000000 0.000000
vt 0.000000 0.000000
vt 0.000000 0.000000
vt 0.000000 0.000000
vt 0.000000 0.000000
vt 0.000000 0.000000
vt 0.000000 0.000000
vt 0.000000 0.000000
vt 0.000000 0.000000
vt 0.000000 0.000000
vt 0.000000 0.000000
vt 0.000000 0.000000
vt 0.000000 0.000000
vt 0.000000 0.000000
vt 0.000000 0.000000
vt 0.000000 0.000000
vt 0.000000 0.000000
vt 0.000000 0.000000
vt 0.000000 0.000000
vt 0.000000 0.000000
vt 0.000000 0.000000
vt 0.000000 0.000000
vt 0.000000 0.000000
vt 0.000000 0.000000
vt 0.000000 0.000000
vt 0.000000 0.000000
vt 0.000000 0.000000
vt 0.000000 0.000000
vt 0.000000 0.000000
vt 0.000000 0.000000
vt 0.000000 0.000000
vt 0.000000 0.000000
vt 0.000000 0.000000
vt 0.000000 0.000000
vt 0.000000 0.000000
vt 0.000000 0.000000
vt 0.000000 0.000000
vt 0.000000 0.000000
vt 0.000000 0.000000
vt 0.000000 0.000000
vt 0.000000 0.000000
vt 0.000000 0.000000
vt 0.000000 0.000000
vt 0.000000 0.000000
vt 0.000000 0.000000
vt 0.000000 0.000000
vt 0.000000 0.000000
vt 0.000000 0.000000
vt 0.000000 0.000000
vt 0.000000 0.000000
vt 0.000000 0.000000
vt 0.000000 0.000000
vt 0.000000 0.000000
vt 0.000000 0.000000
vt 0.000000 0.000000
vt 0.000000 0.000000
vt 0.000000 0.000000
vt 0.000000 0.000000
vt 0.000000 0.000000
vt 0.000000 0.000000
vt 0.000000 0.000000
vt 0.000000 0.000000
vt 0.000000 0.000000
vt 0.000000 0.000000
vt 0.000000 0.000000
vt 0.000000 0.000000
vt 0.000000 0.000000
vt 0.000000 0.000000
vt 0.000000 0.000000
vt 0.000000 0.000000
vt 0.000000 0.000000
vt 0.000000 0.000000
vt 0.000000 0.000000
vt 0.000000 0.000000
vt 0.000000 0.000000
vt 0.000000 0.000000
vt 0.000000 0.000000
vt 0.000000 0.000000
vt 0.000000 0.000000
vt 0.000000 0.000000
vt 0.000000 0.000000
vt 0.000000 0.000000
vt 0.000000 0.000000
vt 0.000000 0.000000
vt 0.000000 0.000000
vt 0.000000 0.000000
vt 0.000000 0.000000
vt 0.000000 0.000000
vt 0.000000 0.000000
vt 0.000000 0.000000
vt 0.000000 0.000000
vt 0.000000 0.000000
vt 0.000000 0.000000
vt 0.000000 0.000000
vt 0.000000 0.000000
vt 0.000000 0.000000
vt 0.000000 0.000000
vt 0.000000 0.000000
vt 0.000000 0.000000
vt 0.000000 0.000000
vt 0.000000 0.000000
vt 0.000000 0.000000
vt 0.000000 0.000000
vt 0.000000 0.000000
vt 0.000000 0.000000
vt 0.000000 0.000000
vt 0.000000 0.000000
vt 0.000000 0.000000
vt 0.000000 0.000000
vt 0.000000 0.000000
vt 0.000000 0.000000
vt 0.000000 0.000000
vt 0.000000 0.000000
vt 0.000000 0.000000
vt 0.000000 0.000000
vt 0.000000 0.000000
vt 0.000000 0.000000
vt 0.000000 0.000000
vt 0.000000 0.000000
vt 0.000000 0.000000
vt 0.000000 0.000000
vt 0.000000 0.000000
vt 0.000000 0.000000
vt 0.000000 0.000000
vt 0.000000 0.000000
vt 0.000000 0.000000
vt 0.000000 0.000000
vt 0.000000 0.000000
vt 0.000000 0.000000
vt 0.000000 0.000000
vt 0.000000 0.000000
vt 0.000000 0.000000
vt 0.000000 0.000000
vt 0.000000 0.000000
vt 0.000000 0.000000
vt 0.000000 0.000000
vt 0.000000 0.000000
vt 0.000000 0.000000
vt 0.000000 0.000000
vt 0.000000 0.000000
vt 0.000000 0.000000
vt 0.000000 0.000000
vt 0.000000 0.000000
vt 0.000000 0.000000
vt 0.000000 0.000000
vt 0.000000 0.000000
vt 0.000000 0.000000
vt 0.000000 0.000000
vt 0.000000 0.000000
vt 0.000000 0.000000
vt 0.000000 0.000000
vt 0.000000 0.000000
vt 0.000000 0.000000
vt 0.000000 0.000000
vt 0.000000 0.000000
vt 0.000000 0.000000
vt 0.000000 0.000000
vt 0.000000 0.000000
vt 0.000000 0.000000
vt 0.000000 0.000000
vt 0.000000 0.000000
vt 0.000000 0.000000
vt 0.000000 0.000000
vt 0.000000 0.000000
vt 0.000000 0.000000
vt 0.000000 0.000000
vt 0.000000 0.000000
vt 0.000000 0.000000
vt 0.000000 0.000000
vt 0.000000 0.000000
vt 0.000000 0.000000
vt 0.000000 0.000000
vt 0.000000 0.000000
vt 0.000000 0.000000
vt 0.000000 0.000000
vt 0.000000 0.000000
vt 0.000000 0.000000
vt 0.000000 0.000000
vt 0.000000 0.000000
vt 0.000000 0.000000
vt 0.000000 0.000000
vt 0.000000 0.000000
vt 0.000000 0.000000
vt 0.000000 0.000000
vt 0.000000 0.000000
vt 0.000000 0.000000
vt 0.000000 0.000000
vt 0.000000 0.000000
vt 0.000000 0.000000
vt 0.000000 0.000000
vt 0.000000 0.000000
vt 0.000000 0.000000
vt 0.000000 0.000000
vt 0.000000 0.000000
vt 0.000000 0.000000
vt 0.000000 0.000000
vt 0.000000 0.000000
vt 0.000000 0.000000
vt 0.000000 0.000000
vt 0.000000 0.000000
vt 0.000000 0.000000
vt 0.000000 0.000000
vt 0.000000 0.000000
vt 0.000000 0.000000
vt 0.000000 0.000000
vt 0.000000 0.000000
vt 0.000000 0.000000
vt 0.000000 0.000000
vt 0.000000 0.000000
vt 0.000000 0.000000
vt 0.000000 0.000000
vt 0.000000 0.000000
vt 0.000000 0.000000
vt 0.000000 0.000000
vt 0.000000 0.000000
vt 0.000000 0.000000
vt 0.000000 0.000000
vt 0.000000 0.000000
vt 0.000000 0.000000
vt 0.000000 0.000000
vt 0.000000 0.000000
vt 0.000000 0.000000
vt 0.000000 0.000000
vt 0.000000 0.000000
vt 0.000000 0.000000
vt 0.000000 0.000000
vt 0.000000 0.000000
vt 0.000000 0.000000
vt 0.000000 0.000000
vt 0.000000 0.000000
vt 0.000000 0.000000
vt 0.000000 0.000000
vt 0.000000 0.000000
vt 0.000000 0.000000
vt 0.000000 0.000000
vt 0.000000 0.000000
vt 0.000000 0.000000
vt 0.000000 0.000000
vt 0.000000 0.000000
vt 0.000000 0.000000
vt 0.000000 0.000000
vt 0.000000 0.000000
vt 0.000000 0.000000
vt 0.000000 0.000000
vt 0.000000 0.000000
vt 0.000000 0.000000
vt 0.000000 0.000000
vt 0.000000 0.000000
vt 0.000000 0.000000
vt 0.000000 0.000000
vt 0.000000 0.000000
vt 0.000000 0.000000
vt 0.000000 0.000000
vt 0.000000 0.000000
vt 0.000000 0.000000
vt 0.000000 0.000000
vt 0.000000 0.000000
vt 0.000000 0.000000
vt 0.000000 0.000000
vt 0.000000 0.000000
vt 0.000000 0.000000
vt 0.000000 0.000000
vt 0.000000 0.000000
vt 0.000000 0.000000
vt 0.000000 0.000000
vt 0.000000 0.000000
vt 0.000000 0.000000
vt 0.000000 0.000000
vt 0.000000 0.000000
vt 0.000000 0.000000
vt 0.000000 0.000000
vt 0.000000 0.000000
vt 0.000000 0.000000
vt 0.000000 0.000000
vt 0.000000 0.000000
vt 0.000000 0.000000
vt 0.000000 0.000000
vt 0.000000 0.000000
vt 0.000000 0.000000
vt 0.000000 0.000000
vt 0.000000 0.000000
vt 0.000000 0.000000
vt 0.000000 0.000000
vt 0.000000 0.000000
vt 0.000000 0.000000
vt 0.000000 0.000000
vt 0.000000 0.000000
vt 0.000000 0.000000
vt 0.000000 0.000000
vt 0.000000 0.000000
vt 0.000000 0.000000
vt 0.000000 0.000000
vt 0.000000 0.000000
vt 0.000000 0.000000
vt 0.000000 0.000000
vt 0.000000 0.000000
vt 0.000000 0.000000
vt 0.000000 0.000000
vt 0.000000 0.000000
vt 0.000000 0.000000
vt 0.000000 0.000000
vt 0.000000 0.000000
vt 0.000000 0.000000
vt 0.000000 0.000000
vt 0.000000 0.000000
vt 0.000000 0.000000
vt 0.000000 0.000000
vt 0.000000 0.000000
vt 0.000000 0.000000
vt 0.000000 0.000000
vt 0.000000 0.000000
vt 0.000000 0.000000
vt 0.000000 0.000000
vt 0.000000 0.000000
vt 0.000000 0.000000
vt 0.000000 0.000000
vt 0.000000 0.000000
vt 0.000000 0.000000
vt 0.000000 0.000000
vt 0.000000 0.000000
vt 0.000000 0.000000
vt 0.000000 0.000000
vt 0.000000 0.000000
vt 0.000000 0.000000
vt 0.000000 0.000000
vt 0.000000 0.000000
vt 0.000000 0.000000
vt 0.000000 0.000000
vt 0.000000 0.000000
vt 0.000000 0.000000
vt 0.000000 0.000000
vt 0.000000 0.000000
vt 0.000000 0.000000
vt 0.000000 0.000000
vt 0.000000 0.000000
vt 0.000000 0.000000
vt 0.000000 0.000000
vt 0.000000 0.000000
vt 0.000000 0.000000
vt 0.000000 0.000000
vt 0.000000 0.000000
vt 0.000000 0.000000
vt 0.000000 0.000000
vt 0.000000 0.000000
vt 0.000000 0.000000
vt 0.000000 0.000000
vt 0.000000 0.000000
vt 0.000000 0.000000
vt 0.000000 0.000000
vt 0.000000 0.000000
vt 0.000000 0.000000
vt 0.000000 0.000000
vt 0.000000 0.000000
vt 0.000000 0.000000
vt 0.000000 0.000000
vt 0.000000 0.000000
vt 0.000000 0.000000
vt 0.000000 0.000000
vt 0.000000 0.000000
vt 0.000000 0.000000
vt 0.000000 0.000000
vt 0.000000 0.000000
vt 0.000000 0.000000
vt 0.000000 0.000000
vt 0.000000 0.000000
vt 0.000000 0.000000
vt 0.000000 0.000000
vt 0.000000 0.000000
vt 0.000000 0.000000
vt 0.000000 0.000000
vt 0.000000 0.000000
vt 0.000000 0.000000
vt 0.000000 0.000000
vt 0.000000 0.000000
vt 0.000000 0.000000
vt 0.000000 0.000000
vt 0.000000 0.000000
vt 0.000000 0.000000
vt 0.000000 0.000000
vt 0.000000 0.000000
vt 0.000000 0.000000
vt 0.000000 0.000000
vt 0.000000 0.000000
vt 0.000000 0.000000
vt 0.000000 0.000000
vt 0.000000 0.000000
vt 0.000000 0.000000
vt 0.000000 0.000000
vt 0.000000 0.000000
vt 0.000000 0.000000
vt 0.000000 0.000000
vt 0.000000 0.000000
vt 0.000000 0.000000
vt 0.000000 0.000000
vt 0.000000 0.000000
vt 0.000000 0.000000
vt 0.000000 0.000000
vt 0.000000 0.000000
vt 0.000000 0.000000
vt 0.000000 0.000000
vt 0.000000 0.000000
vt 0.000000 0.000000
vt 0.000000 0.000000
vt 0.000000 0.000000
vt 0.000000 0.000000
vt 0.000000 0.000000
vt 0.000000 0.000000
vt 0.000000 0.000000
vt 0.000000 0.000000
vt 0.000000 0.000000
vt 0.000000 0.000000
vt 0.000000 0.000000
vt 0.000000 0.000000
vt 0.000000 0.000000
vt 0.000000 0.000000
vt 0.000000 0.000000
vt 0.000000 0.000000
vt 0.000000 0.000000
vt 0.000000 0.000000
vt 0.000000 0.000000
vt 0.000000 0.000000
vt 0.000000 0.000000
vt 0.000000 0.000000
vt 0.000000 0.000000
vt 0.000000 0.000000
vt 0.000000 0.000000
vt 0.000000 0.000000
vt 0.000000 0.000000
vt 0.000000 0.000000
vt 0.000000 0.000000
vt 0.000000 0.000000
vt 0.000000 0.000000
vt 0.000000 0.000000
vt 0.000000 0.000000
vt 0.000000 0.000000
vt 0.000000 0.000000
vt 0.000000 0.000000
vt 0.000000 0.000000
vt 0.000000 0.000000
vt 0.000000 0.000000
vt 0.000000 0.000000
vt 0.000000 0.000000
vt 0.000000 0.000000
vt 0.000000 0.000000
vt 0.000000 0.000000
vt 0.000000 0.000000
vt 0.000000 0.000000
vt 0.000000 0.000000
vt 0.000000 0.000000
vt 0.000000 0.000000
vt 0.000000 0.000000
vt 0.000000 0.000000
vt 0.000000 0.000000
vt 0.000000 0.000000
vt 0.000000 0.000000
vt 0.000000 0.000000
vt 0.000000 0.000000
vt 0.000000 0.000000
vt 0.000000 0.000000
vt 0.000000 0.000000
vt 0.000000 0.000000
vt 0.000000 0.000000
vt 0.000000 0.000000
vt 0.000000 0.000000
vt 0.000000 0.000000
vt 0.000000 0.000000
vt 0.000000 0.000000
vt 0.000000 0.000000
vt 0.000000 0.000000
vt 0.000000 0.000000
vt 0.000000 0.000000
vt 0.000000 0.000000
vt 0.000000 0.000000
vt 0.000000 0.000000
vt 0.000000 0.000000
vt 0.000000 0.000000
vt 0.000000 0.000000
vt 0.000000 0.000000
vt 0.000000 0.000000
vt 0.000000 0.000000
vt 0.000000 0.000000
vt 0.000000 0.000000
vt 0.000000 0.000000
vt 0.000000 0.000000
vt 0.000000 0.000000
vt 0.000000 0.000000
vt 0.000000 0.000000
vt 0.000000 0.000000
vt 0.000000 0.000000
vt 0.000000 0.000000
vt 0.000000 0.000000
vt 0.000000 0.000000
vt 0.000000 0.000000
vt 0.000000 0.000000
vt 0.000000 0.000000
vt 0.000000 0.000000
vt 0.000000 0.000000
vt 0.000000 0.000000
vt 0.000000 0.000000
vt 0.000000 0.000000
vt 0.000000 0.000000
vt 0.000000 0.000000
vt 0.000000 0.000000
vt 0.000000 0.000000
vt 0.000000 0.000000
vt 0.000000 0.000000
vt 0.000000 0.000000
vt 0.000000 0.000000
vt 0.000000 0.000000
vt 0.000000 0.000000
vt 0.000000 0.000000
vt 0.000000 0.000000
vt 0.000000 0.000000
vt 0.000000 0.000000
vt 0.000000 0.000000
vt 0.000000 0.000000
vt 0.000000 0.000000
vt 0.000000 0.000000
vt 0.000000 0.000000
vt 0.000000 0.000000
vt 0.000000 0.000000
vt 0.000000 0.000000
vt 0.000000 0.000000
vt 0.000000 0.000000
vt 0.000000 0.000000
vt 0.000000 0.000000
vt 0.000000 0.000000
vt 0.000000 0.000000
vt 0.000000 0.000000
vt 0.000000 0.000000
vt 0.000000 0.000000
vt 0.000000 0.000000
vt 0.000000 0.000000
vt 0.000000 0.000000
vt 0.000000 0.000000
vt 0.000000 0.000000
vt 0.000000 0.000000
vt 0.000000 0.000000
vt 0.000000 0.000000
vt 0.000000 0.000000
vt 0.000000 0.000000
vt 0.000000 0.000000
vt 0.000000 0.000000
vt 0.000000 0.000000
vt 0.000000 0.000000
vt 0.000000 0.000000
vt 0.000000 0.000000
vt 0.000000 0.000000
vt 0.000000 0.000000
vt 0.000000 0.000000
vt 0.000000 0.000000
vt 0.000000 0.000000
vt 0.000000 0.000000
vt 0.000000 0.000000
vt 0.000000 0.000000
vt 0.000000 0.000000
vt 0.000000 0.000000
vt 0.000000 0.000000
vt 0.000000 0.000000
vt 0.000000 0.000000
vt 0.000000 0.000000
vt 0.000000 0.000000
vt 0.000000 0.000000
vt 0.000000 0.000000
vt 0.000000 0.000000
vt 0.000000 0.000000
vt 0.000000 0.000000
vt 0.000000 0.000000
vt 0.000000 0.000000
vt 0.000000 0.000000
vt 0.000000 0.000000
vt 0.000000 0.000000
vt 0.000000 0.000000
vt 0.000000 0.000000
vt 0.000000 0.000000
vt 0.000000 0.000000
vt 0.000000 0.000000
vt 0.000000 0.000000
vt 0.000000 0.000000
vt 0.000000 0.000000
vt 0.000000 0.000000
vt 0.000000 0.000000
vt 0.000000 0.000000
vt 0.000000 0.000000
vt 0.000000 0.000000
vt 0.000000 0.000000
vt 0.000000 0.000000
vt 0.000000 0.000000
vt 0.000000 0.000000
vt 0.000000 0.000000
vt 0.000000 0.000000
vt 0.000000 0.000000
vt 0.000000 0.000000
vt 0.000000 0.000000
vt 0.000000 0.000000
vt 0.000000 0.000000
vt 0.000000 0.000000
vt 0.000000 0.000000
vt 0.000000 0.000000
vt 0.000000 0.000000
vt 0.000000 0.000000
vt 0.000000 0.000000
vt 0.000000 0.000000
vt 0.000000 0.000000
vt 0.000000 0.000000
vt 0.000000 0.000000
vt 0.000000 0.000000
vt 0.000000 0.000000
vt 0.000000 0.000000
vt 0.000000 0.000000
vt 0.000000 0.000000
vt 0.000000 0.000000
vt 0.000000 0.000000
vt 0.000000 0.000000
vt 0.000000 0.000000
vt 0.000000 0.000000
vt 0.000000 0.000000
vt 0.000000 0.000000
vt 0.000000 0.000000
vt 0.000000 0.000000
vt 0.000000 0.000000
vt 0.000000 0.000000
vt 0.000000 0.000000
vt 0.000000 0.000000
vt 0.000000 0.000000
vt 0.000000 0.000000
vt 0.000000 0.000000
vt 0.000000 0.000000
vt 0.000000 0.000000
vt 0.000000 0.000000
vt 0.000000 0.000000
vt 0.000000 0.000000
vt 0.000000 0.000000
vt 0.000000 0.000000
vt 0.000000 0.000000
vt 0.000000 0.000000
vt 0.000000 0.000000
vt 0.000000 0.000000
vt 0.000000 0.000000
vt 0.000000 0.000000
vt 0.000000 0.000000
vt 0.000000 0.000000
vt 0.000000 0.000000
vt 0.000000 0.000000
vt 0.000000 0.000000
vt 0.000000 0.000000
vt 0.000000 0.000000
vt 0.000000 0.000000
vt 0.000000 0.000000
vt 0.000000 0.000000
vt 0.000000 0.000000
vt 0.000000 0.000000
vt 0.000000 0.000000
vt 0.000000 0.000000
vt 0.000000 0.000000
vt 0.000000 0.000000
vt 0.000000 0.000000
vt 0.000000 0.000000
vt 0.000000 0.000000
vt 0.000000 0.000000
vt 0.000000 0.000000
vt 0.000000 0.000000
vt 0.000000 0.000000
vt 0.000000 0.000000
vt 0.000000 0.000000
vt 0.000000 0.000000
vt 0.000000 0.000000
vt 0.000000 0.000000
vt 0.000000 0.000000
vt 0.000000 0.000000
vt 0.000000 0.000000
vt 0.000000 0.000000
vt 0.000000 0.000000
vt 0.000000 0.000000
vt 0.000000 0.000000
vt 0.000000 0.000000
vt 0.000000 0.000000
vt 0.000000 0.000000
vt 0.000000 0.000000
vt 0.000000 0.000000
vt 0.000000 0.000000
vt 0.000000 0.000000
vt 0.000000 0.000000
vt 0.000000 0.000000
vt 0.000000 0.000000
vt 0.000000 0.000000
vt 0.000000 0.000000
vt 0.000000 0.000000
vt 0.000000 0.000000
vt 0.000000 0.000000
vt 0.000000 0.000000
vt 0.000000 0.000000
vt 0.000000 0.000000
vt 0.000000 0.000000
vt 0.000000 0.000000
vt 0.000000 0.000000
vt 0.000000 0.000000
vt 0.000000 0.000000
vt 0.000000 0.000000
vt 0.000000 0.000000
vt 0.000000 0.000000
vt 0.000000 0.000000
vt 0.000000 0.000000
vt 0.000000 0.000000
vt 0.000000 0.000000
vt 0.000000 0.000000
vt 0.000000 0.000000
vt 0.000000 0.000000
vt 0.000000 0.000000
vt 0.000000 0.000000
vt 0.000000 0.000000
vt 0.000000 0.000000
vt 0.000000 0.000000
vt 0.000000 0.000000
vt 0.000000 0.000000
vt 0.000000 0.000000
vt 0.000000 0.000000
vt 0.000000 0.000000
vt 0.000000 0.000000
vt 0.000000 0.000000
vt 0.000000 0.000000
vt 0.000000 0.000000
vt 0.000000 0.000000
vt 0.000000 0.000000
vt 0.000000 0.000000
vt 0.000000 0.000000
vt 0.000000 0.000000
vt 0.000000 0.000000
vt 0.000000 0.000000
vt 0.000000 0.000000
vt 0.000000 0.000000
vt 0.000000 0.000000
vt 0.000000 0.000000
vt 0.000000 0.000000
vt 0.000000 0.000000
vt 0.000000 0.000000
vt 0.000000 0.000000
vt 0.000000 0.000000
vt 0.000000 0.000000
vt 0.000000 0.000000
vt 0.000000 0.000000
vt 0.000000 0.000000
vt 0.000000 0.000000
vt 0.000000 0.000000
vt 0.000000 0.000000
vt 0.000000 0.000000
vt 0.000000 0.000000
vt 0.000000 0.000000
vt 0.000000 0.000000
vt 0.000000 0.000000
vt 0.000000 0.000000
vt 0.000000 0.000000
vt 0.000000 0.000000
vt 0.000000 0.000000
vt 0.000000 0.000000
vt 0.000000 0.000000
vt 0.000000 0.000000
vt 0.000000 0.000000
vt 0.000000 0.000000
vt 0.000000 0.000000
vt 0.000000 0.000000
vt 0.000000 0.000000
vt 0.000000 0.000000
vt 0.000000 0.000000
vt 0.000000 0.000000
vt 0.000000 0.000000
vt 0.000000 0.000000
vt 0.000000 0.000000
vt 0.000000 0.000000
vt 0.000000 0.000000
vt 0.000000 0.000000
vt 0.000000 0.000000
vt 0.000000 0.000000
vt 0.000000 0.000000
vt 0.000000 0.000000
vt 0.000000 0.000000
vt 0.000000 0.000000
vt 0.000000 0.000000
vt 0.000000 0.000000
vt 0.000000 0.000000
vt 0.000000 0.000000
vt 0.000000 0.000000
vt 0.000000 0.000000
vt 0.000000 0.000000
vt 0.000000 0.000000
vt 0.000000 0.000000
vt 0.000000 0.000000
vt 0.000000 0.000000
vt 0.000000 0.000000
vt 0.000000 0.000000
vt 0.000000 0.000000
vt 0.000000 0.000000
vt 0.000000 0.000000
vt 0.000000 0.000000
vt 0.000000 0.000000
vt 0.000000 0.000000
vt 0.000000 0.000000
vt 0.000000 0.000000
vt 0.000000 0.000000
vt 0.000000 0.000000
vt 0.000000 0.000000
vt 0.000000 0.000000
vt 0.000000 0.000000
vt 0.000000 0.000000
vt 0.000000 0.000000
vt 0.000000 0.000000
vt 0.000000 0.000000
vt 0.000000 0.000000
vt 0.000000 0.000000
vt 0.000000 0.000000
vt 0.000000 0.000000
vt 0.000000 0.000000
vt 0.000000 0.000000
vt 0.000000 0.000000
vt 0.000000 0.000000
vt 0.000000 0.000000
vt 0.000000 0.000000
vt 0.000000 0.000000
vt 0.000000 0.000000
vt 0.000000 0.000000
vt 0.000000 0.000000
vt 0.000000 0.000000
vt 0.000000 0.000000
vt 0.000000 0.000000
vt 0.000000 0.000000
vt 0.000000 0.000000
vt 0.000000 0.000000
vt 0.000000 0.000000
vt 0.000000 0.000000
vt 0.000000 0.000000
vt 0.000000 0.000000
vt 0.000000 0.000000
vt 0.000000 0.000000
vt 0.000000 0.000000
vt 0.000000 0.000000
vt 0.000000 0.000000
vt 0.000000 0.000000
vt 0.000000 0.000000
vt 0.000000 0.000000
vt 0.000000 0.000000
vt 0.000000 0.000000
vt 0.000000 0.000000
vt 0.000000 0.000000
vt 0.000000 0.000000
vt 0.000000 0.000000
vt 0.000000 0.000000
vt 0.000000 0.000000
vt 0.000000 0.000000
vt 0.000000 0.000000
vt 0.000000 0.000000
vt 0.000000 0.000000
vt 0.000000 0.000000
vt 0.000000 0.000000
vt 0.000000 0.000000
vt 0.000000 0.000000
vt 0.000000 0.000000
vt 0.000000 0.000000
vt 0.000000 0.000000
vt 0.000000 0.000000
vt 0.000000 0.000000
vt 0.000000 0.000000
vt 0.000000 0.000000
vt 0.000000 0.000000
vt 0.000000 0.000000
vt 0.000000 0.000000
vt 0.000000 0.000000
vt 0.000000 0.000000
vt 0.000000 0.000000
vt 0.000000 0.000000
vt 0.000000 0.000000
vt 0.000000 0.000000
vt 0.000000 0.000000
vt 0.000000 0.000000
vt 0.000000 0.000000
vt 0.000000 0.000000
vt 0.000000 0.000000
vt 0.000000 0.000000
vt 0.000000 0.000000
vt 0.000000 0.000000
vt 0.000000 0.000000
vt 0.000000 0.000000
vt 0.000000 0.000000
vt 0.000000 0.000000
vt 0.000000 0.000000
vt 0.000000 0.000000
vt 0.000000 0.000000
vt 0.000000 0.000000
vt 0.000000 0.000000
vt 0.000000 0.000000
vt 0.000000 0.000000
vt 0.000000 0.000000
vt 0.000000 0.000000
vt 0.000000 0.000000
vt 0.000000 0.000000
vt 0.000000 0.000000
vt 0.000000 0.000000
vt 0.000000 0.000000
vt 0.000000 0.000000
vt 0.000000 0.000000
vt 0.000000 0.000000
vt 0.000000 0.000000
vt 0.000000 0.000000
vt 0.000000 0.000000
vt 0.000000 0.000000
vt 0.000000 0.000000
vt 0.000000 0.000000
vt 0.000000 0.000000
vt 0.000000 0.000000
vt 0.000000 0.000000
vt 0.000000 0.000000
vt 0.000000 0.000000
vt 0.000000 0.000000
vt 0.000000 0.000000
vt 0.000000 0.000000
vt 0.000000 0.000000
vt 0.000000 0.000000
vt 0.000000 0.000000
vt 0.000000 0.000000
vt 0.000000 0.000000
vt 0.000000 0.000000
vt 0.000000 0.000000
vt 0.000000 0.000000
vt 0.000000 0.000000
vt 0.000000 0.000000
vt 0.000000 0.000000
vt 0.000000 0.000000
vt 0.000000 0.000000
vt 0.000000 0.000000
vt 0.000000 0.000000
vt 0.000000 0.000000
vt 0.000000 0.000000
vt 0.000000 0.000000
vt 0.000000 0.000000
vt 0.000000 0.000000
vt 0.000000 0.000000
vt 0.000000 0.000000
vt 0.000000 0.000000
vt 0.000000 0.000000
vt 0.000000 0.000000
vt 0.000000 0.000000
vt 0.000000 0.000000
vt 0.000000 0.000000
vt 0.000000 0.000000
vt 0.000000 0.000000
vt 0.000000 0.000000
vt 0.000000 0.000000
vt 0.000000 0.000000
vt 0.000000 0.000000
vt 0.000000 0.000000
vt 0.000000 0.000000
vt 0.000000 0.000000
vt 0.000000 0.000000
vt 0.000000 0.000000
vt 0.000000 0.000000
vt 0.000000 0.000000
vt 0.000000 0.000000
vt 0.000000 0.000000
vt 0.000000 0.000000
vt 0.000000 0.000000
vt 0.000000 0.000000
vt 0.000000 0.000000
vt 0.000000 0.000000
vt 0.000000 0.000000
vt 0.000000 0.000000
vt 0.000000 0.000000
vt 0.000000 0.000000
vt 0.000000 0.000000
vt 0.000000 0.000000
vt 0.000000 0.000000
vt 0.000000 0.000000
vt 0.000000 0.000000
vt 0.000000 0.000000
vt 0.000000 0.000000
vt 0.000000 0.000000
vt 0.000000 0.000000
vt 0.000000 0.000000
vt 0.000000 0.000000
vt 0.000000 0.000000
vt 0.000000 0.000000
vt 0.000000 0.000000
vt 0.000000 0.000000
vt 0.000000 0.000000
vt 0.000000 0.000000
vt 0.000000 0.000000
vt 0.000000 0.000000
vt 0.000000 0.000000
vt 0.000000 0.000000
vt 0.000000 0.000000
vt 0.000000 0.000000
vt 0.000000 0.000000
vt 0.000000 0.000000
vt 0.000000 0.000000
vt 0.000000 0.000000
vt 0.000000 0.000000
vt 0.000000 0.000000
vt 0.000000 0.000000
vt 0.000000 0.000000
vt 0.000000 0.000000
vt 0.000000 0.000000
vt 0.000000 0.000000
vt 0.000000 0.000000
vt 0.000000 0.000000
vt 0.000000 0.000000
vt 0.000000 0.000000
vt 0.000000 0.000000
vt 0.000000 0.000000
vt 0.000000 0.000000
vt 0.000000 0.000000
vt 0.000000 0.000000
vt 0.000000 0.000000
vt 0.000000 0.000000
vt 0.000000 0.000000
vt 0.000000 0.000000
vt 0.000000 0.000000
vt 0.000000 0.000000
vt 0.000000 0.000000
vt 0.000000 0.000000
vt 0.000000 0.000000
vt 0.000000 0.000000
vt 0.000000 0.000000
vt 0.000000 0.000000
vt 0.000000 0.000000
vt 0.000000 0.000000
vt 0.000000 0.000000
vt 0.000000 0.000000
vt 0.000000 0.000000
vt 0.000000 0.000000
vt 0.000000 0.000000
vt 0.000000 0.000000
vt 0.000000 0.000000
vt 0.000000 0.000000
vt 0.000000 0.000000
vt 0.000000 0.000000
vt 0.000000 0.000000
vt 0.000000 0.000000
vt 0.000000 0.000000
vt 0.000000 0.000000
vt 0.000000 0.000000
vt 0.000000 0.000000
vt 0.000000 0.000000
vt 0.000000 0.000000
vt 0.000000 0.000000
vt 0.000000 0.000000
vt 0.000000 0.000000
vt 0.000000 0.000000
vt 0.000000 0.000000
vt 0.000000 0.000000
vt 0.000000 0.000000
vt 0.000000 0.000000
vt 0.000000 0.000000
vt 0.000000 0.000000
vt 0.000000 0.000000
vt 0.000000 0.000000
vt 0.000000 0.000000
vt 0.000000 0.000000
vt 0.000000 0.000000
vt 0.000000 0.000000
vt 0.000000 0.000000
vt 0.000000 0.000000
vt 0.000000 0.000000
vt 0.000000 0.000000
vt 0.000000 0.000000
vt 0.000000 0.000000
vt 0.000000 0.000000
vt 0.000000 0.000000
vt 0.000000 0.000000
vt 0.000000 0.000000
vt 0.000000 0.000000
vt 0.000000 0.000000
vt 0.000000 0.000000
vt 0.000000 0.000000
vt 0.000000 0.000000
vt 0.000000 0.000000
vt 0.000000 0.000000
vt 0.000000 0.000000
vt 0.000000 0.000000
vt 0.000000 0.000000
vt 0.000000 0.000000
vt 0.000000 0.000000
vt 0.000000 0.000000
vt 0.000000 0.000000
vt 0.000000 0.000000
vt 0.000000 0.000000
vt 0.000000 0.000000
vt 0.000000 0.000000
vt 0.000000 0.000000
vt 0.000000 0.000000
vt 0.000000 0.000000
vt 0.000000 0.000000
vt 0.000000 0.000000
vt 0.000000 0.000000
vt 0.000000 0.000000
vt 0.000000 0.000000
vt 0.000000 0.000000
vt 0.000000 0.000000
vt 0.000000 0.000000
vt 0.000000 0.000000
vt 0.000000 0.000000
vt 0.000000 0.000000
vt 0.000000 0.000000
vt 0.000000 0.000000
vt 0.000000 0.000000
vt 0.000000 0.000000
vt 0.000000 0.000000
vt 0.000000 0.000000
vt 0.000000 0.000000
vt 0.000000 0.000000
vt 0.000000 0.000000
vt 0.000000 0.000000
vt 0.000000 0.000000
vt 0.000000 0.000000
vt 0.000000 0.000000
vt 0.000000 0.000000
vt 0.000000 0.000000
vt 0.000000 0.000000
vt 0.000000 0.000000
vt 0.000000 0.000000
vt 0.000000 0.000000
vt 0.000000 0.000000
vt 0.000000 0.000000
vt 0.000000 0.000000
vt 0.000000 0.000000
vt 0.000000 0.000000
vt 0.000000 0.000000
vt 0.000000 0.000000
vt 0.000000 0.000000
vt 0.000000 0.000000
vt 0.000000 0.000000
vt 0.000000 0.000000
vt 0.000000 0.000000
vt 0.000000 0.000000
vt 0.000000 0.000000
vt 0.000000 0.000000
vt 0.000000 0.000000
vt 0.000000 0.000000
vt 0.000000 0.000000
vt 0.000000 0.000000
vt 0.000000 0.000000
vt 0.000000 0.000000
vt 0.000000 0.000000
vt 0.000000 0.000000
vt 0.000000 0.000000
vt 0.000000 0.000000
vt 0.000000 0.000000
vt 0.000000 0.000000
vt 0.000000 0.000000
vt 0.000000 0.000000
vt 0.000000 0.000000
vt 0.000000 0.000000
vt 0.000000 0.000000
vt 0.000000 0.000000
vt 0.000000 0.000000
vt 0.000000 0.000000
vt 0.000000 0.000000
vt 0.000000 0.000000
vt 0.000000 0.000000
vt 0.000000 0.000000
vt 0.000000 0.000000
vt 0.000000 0.000000
vt 0.000000 0.000000
vt 0.000000 0.000000
vt 0.000000 0.000000
vt 0.000000 0.000000
vt 0.000000 0.000000
vt 0.000000 0.000000
vt 0.000000 0.000000
vt 0.000000 0.000000
vt 0.000000 0.000000
vt 0.000000 0.000000
vt 0.000000 0.000000
vt 0.000000 0.000000
vt 0.000000 0.000000
vt 0.000000 0.000000
vt 0.000000 0.000000
vt 0.000000 0.000000
vt 0.000000 0.000000
vt 0.000000 0.000000
vt 0.000000 0.000000
vt 0.000000 0.000000
vt 0.000000 0.000000
vt 0.000000 0.000000
vt 0.000000 0.000000
vt 0.000000 0.000000
vt 0.000000 0.000000
vt 0.000000 0.000000
vt 0.000000 0.000000
vt 0.000000 0.000000
vt 0.000000 0.000000
vt 0.000000 0.000000
vt 0.000000 0.000000
vt 0.000000 0.000000
vt 0.000000 0.000000
vt 0.000000 0.000000
vt 0.000000 0.000000
vt 0.000000 0.000000
vt 0.000000 0.000000
vt 0.000000 0.000000
vt 0.000000 0.000000
vt 0.000000 0.000000
vt 0.000000 0.000000
vt 0.000000 0.000000
vt 0.000000 0.000000
vt 0.000000 0.000000
vt 0.000000 0.000000
vt 0.000000 0.000000
vt 0.000000 0.000000
vt 0.000000 0.000000
vt 0.000000 0.000000
vt 0.000000 0.000000
vt 0.000000 0.000000
vt 0.000000 0.000000
vt 0.000000 0.000000
vt 0.000000 0.000000
vt 0.000000 0.000000
vt 0.000000 0.000000
vt 0.000000 0.000000
vt 0.000000 0.000000
vt 0.000000 0.000000
vt 0.000000 0.000000
vt 0.000000 0.000000
vt 0.000000 0.000000
vt 0.000000 0.000000
vt 0.000000 0.000000
vt 0.000000 0.000000
vt 0.000000 0.000000
vt 0.000000 0.000000
vt 0.000000 0.000000
vt 0.000000 0.000000
vt 0.000000 0.000000
vt 0.000000 0.000000
vt 0.000000 0.000000
vt 0.000000 0.000000
vt 0.000000 0.000000
vt 0.000000 0.000000
vt 0.000000 0.000000
vt 0.000000 0.000000
vt 0.000000 0.000000
vt 0.000000 0.000000
vt 0.000000 0.000000
vt 0.000000 0.000000
vt 0.000000 0.000000
vt 0.000000 0.000000
vt 0.000000 0.000000
vt 0.000000 0.000000
vt 0.000000 0.000000
vt 0.000000 0.000000
vt 0.000000 0.000000
vt 0.000000 0.000000
vt 0.000000 0.000000
vt 0.000000 0.000000
vt 0.000000 0.000000
vt 0.000000 0.000000
vt 0.000000 0.000000
vt 0.000000 0.000000
vt 0.000000 0.000000
vt 0.000000 0.000000
vt 0.000000 0.000000
vt 0.000000 0.000000
vt 0.000000 0.000000
vt 0.000000 0.000000
vt 0.000000 0.000000
vt 0.000000 0.000000
vt 0.000000 0.000000
vt 0.000000 0.000000
vt 0.000000 0.000000
vt 0.000000 0.000000
vt 0.000000 0.000000
vt 0.000000 0.000000
vt 0.000000 0.000000
vt 0.000000 0.000000
vt 0.000000 0.000000
vt 0.000000 0.000000
vt 0.000000 0.000000
vt 0.000000 0.000000
vt 0.000000 0.000000
vt 0.000000 0.000000
vt 0.000000 0.000000
vt 0.000000 0.000000
vt 0.000000 0.000000
vt 0.000000 0.000000
vt 0.000000 0.000000
vt 0.000000 0.000000
vt 0.000000 0.000000
vt 0.000000 0.000000
vt 0.000000 0.000000
vt 0.000000 0.000000
vt 0.000000 0.000000
vt 0.000000 0.000000
vt 0.000000 0.000000
vt 0.000000 0.000000
vt 0.000000 0.000000
vt 0.000000 0.000000
vt 0.000000 0.000000
vt 0.000000 0.000000
vt 0.000000 0.000000
vt 0.000000 0.000000
vt 0.000000 0.000000
vt 0.000000 0.000000
vt 0.000000 0.000000
vt 0.000000 0.000000
vt 0.000000 0.000000
vt 0.000000 0.000000
vt 0.000000 0.000000
vt 0.000000 0.000000
vt 0.000000 0.000000
vt 0.000000 0.000000
vt 0.000000 0.000000
vt 0.000000 0.000000
vt 0.000000 0.000000
vt 0.000000 0.000000
vt 0.000000 0.000000
vt 0.000000 0.000000
vt 0.000000 0.000000
vt 0.000000 0.000000
vt 0.000000 0.000000
vt 0.000000 0.000000
vt 0.000000 0.000000
vt 0.000000 0.000000
vt 0.000000 0.000000
vt 0.000000 0.000000
vt 0.000000 0.000000
vt 0.000000 0.000000
vt 0.000000 0.000000
vt 0.000000 0.000000
vt 0.000000 0.000000
vt 0.000000 0.000000
vt 0.000000 0.000000
vt 0.000000 0.000000
vt 0.000000 0.000000
vt 0.000000 0.000000
vt 0.000000 0.000000
vt 0.000000 0.000000
vt 0.000000 0.000000
vt 0.000000 0.000000
vt 0.000000 0.000000
vt 0.000000 0.000000
vt 0.000000 0.000000
vt 0.000000 0.000000
vt 0.000000 0.000000
vt 0.000000 0.000000
vt 0.000000 0.000000
vt 0.000000 0.000000
vt 0.000000 0.000000
vt 0.000000 0.000000
vt 0.000000 0.000000
vt 0.000000 0.000000
vt 0.000000 0.000000
vt 0.000000 0.000000
vt 0.000000 0.000000
vt 0.000000 0.000000
vt 0.000000 0.000000
vt 0.000000 0.000000
vt 0.000000 0.000000
vt 0.000000 0.000000
vt 0.000000 0.000000
vt 0.000000 0.000000
vt 0.000000 0.000000
vt 0.000000 0.000000
vt 0.000000 0.000000
vt 0.000000 0.000000
vt 0.000000 0.000000
vt 0.000000 0.000000
vt 0.000000 0.000000
vt 0.000000 0.000000
vt 0.000000 0.000000
vt 0.000000 0.000000
vt 0.000000 0.000000
vt 0.000000 0.000000
vt 0.000000 0.000000
vt 0.000000 0.000000
vt 0.000000 0.000000
vt 0.000000 0.000000
vt 0.000000 0.000000
vt 0.000000 0.000000
vt 0.000000 0.000000
vt 0.000000 0.000000
vt 0.000000 0.000000
vt 0.000000 0.000000
vt 0.000000 0.000000
vt 0.000000 0.000000
vt 0.000000 0.000000
vt 0.000000 0.000000
vt 0.000000 0.000000
vt 0.000000 0.000000
vt 0.000000 0.000000
vt 0.000000 0.000000
vt 0.000000 0.000000
vt 0.000000 0.000000
vt 0.000000 0.000000
vt 0.000000 0.000000
vt 0.000000 0.000000
vt 0.000000 0.000000
vt 0.000000 0.000000
vt 0.000000 0.000000
vt 0.000000 0.000000
vt 0.000000 0.000000
vt 0.000000 0.000000
vt 0.000000 0.000000
vt 0.000000 0.000000
vt 0.000000 0.000000
vt 0.000000 0.000000
vt 0.000000 0.000000
vt 0.000000 0.000000
vt 0.000000 0.000000
vt 0.000000 0.000000
vt 0.000000 0.000000
vt 0.000000 0.000000
vt 0.000000 0.000000
vt 0.000000 0.000000
vt 0.000000 0.000000
vt 0.000000 0.000000
vt 0.000000 0.000000
vt 0.000000 0.000000
vt 0.000000 0.000000
vt 0.000000 0.000000
vt 0.000000 0.000000
vt 0.000000 0.000000
vt 0.000000 0.000000
vt 0.000000 0.000000
vt 0.000000 0.000000
vt 0.000000 0.000000
vt 0.000000 0.000000
vt 0.000000 0.000000
vt 0.000000 0.000000
vt 0.000000 0.000000
vt 0.000000 0.000000
vt 0.000000 0.000000
vt 0.000000 0.000000
vt 0.000000 0.000000
vt 0.000000 0.000000
vt 0.000000 0.000000
vt 0.000000 0.000000
vt 0.000000 0.000000
vt 0.000000 0.000000
vt 0.000000 0.000000
vt 0.000000 0.000000
vt 0.000000 0.000000
vt 0.000000 0.000000
vt 0.000000 0.000000
vt 0.000000 0.000000
vt 0.000000 0.000000
vt 0.000000 0.000000
vt 0.000000 0.000000
vt 0.000000 0.000000
vt 0.000000 0.000000
vt 0.000000 0.000000
vt 0.000000 0.000000
vt 0.000000 0.000000
vt 0.000000 0.000000
vt 0.000000 0.000000
vt 0.000000 0.000000
vt 0.000000 0.000000
vt 0.000000 0.000000
vt 0.000000 0.000000
vt 0.000000 0.000000
vt 0.000000 0.000000
vt 0.000000 0.000000
vt 0.000000 0.000000
vt 0.000000 0.000000
vt 0.000000 0.000000
vt 0.000000 0.000000
vt 0.000000 0.000000
vt 0.000000 0.000000
vt 0.000000 0.000000
vt 0.000000 0.000000
vt 0.000000 0.000000
vt 0.000000 0.000000
vt 0.000000 0.000000
vt 0.000000 0.000000
vt 0.000000 0.000000
vt 0.000000 0.000000
vt 0.000000 0.000000
vt 0.000000 0.000000
vt 0.000000 0.000000
vt 0.000000 0.000000
vt 0.000000 0.000000
vt 0.000000 0.000000
vt 0.000000 0.000000
vt 0.000000 0.000000
vt 0.000000 0.000000
vt 0.000000 0.000000
vt 0.000000 0.000000
vt 0.000000 0.000000
vt 0.000000 0.000000
vt 0.000000 0.000000
vt 0.000000 0.000000
vt 0.000000 0.000000
vt 0.000000 0.000000
vt 0.000000 0.000000
vt 0.000000 0.000000
vt 0.602919 0.909449
vt 0.602919 0.863517
vt 0.625000 0.863517
vt 0.625000 0.909449
vt 0.000000 0.000000
vt 0.000000 0.000000
vt 0.000000 0.000000
vt 0.000000 0.000000
vt 0.000000 0.000000
vt 0.000000 0.000000
vt 0.000000 0.000000
vt 0.000000 0.000000
vt 0.000000 0.000000
vt 0.000000 0.000000
vt 0.000000 0.000000
vt 0.000000 0.000000
vt 0.000000 0.000000
vt 0.000000 0.000000
vt 0.000000 0.000000
vt 0.000000 0.000000
vt 0.000000 0.000000
vt 0.000000 0.000000
vt 0.000000 0.000000
vt 0.000000 0.000000
vt 0.000000 0.000000
vt 0.000000 0.000000
vt 0.000000 0.000000
vt 0.000000 0.000000
vt 0.000000 0.000000
vt 0.000000 0.000000
vt 0.000000 0.000000
vt 0.000000 0.000000
vt 0.000000 0.000000
vt 0.000000 0.000000
vt 0.000000 0.000000
vt 0.000000 0.000000
vt 0.000000 0.000000
vt 0.000000 0.000000
vt 0.000000 0.000000
vt 0.000000 0.000000
vt 0.000000 0.000000
vt 0.000000 0.000000
vt 0.000000 0.000000
vt 0.000000 0.000000
vt 0.000000 0.000000
vt 0.000000 0.000000
vt 0.000000 0.000000
vt 0.000000 0.000000
vt 0.000000 0.000000
vt 0.000000 0.000000
vt 0.000000 0.000000
vt 0.000000 0.000000
vt 0.000000 0.000000
vt 0.000000 0.000000
vt 0.000000 0.000000
vt 0.000000 0.000000
vt 0.000000 0.000000
vt 0.000000 0.000000
vt 0.000000 0.000000
vt 0.000000 0.000000
vt 0.000000 0.000000
vt 0.000000 0.000000
vt 0.000000 0.000000
vt 0.000000 0.000000
vt 0.000000 0.000000
vt 0.000000 0.000000
vt 0.000000 0.000000
vt 0.000000 0.000000
vt 0.000000 0.000000
vt 0.000000 0.000000
vt 0.000000 0.000000
vt 0.000000 0.000000
vt 0.000000 0.000000
vt 0.000000 0.000000
vt 0.000000 0.000000
vt 0.000000 0.000000
vt 0.000000 0.000000
vt 0.000000 0.000000
vt 0.000000 0.000000
vt 0.000000 0.000000
vt 0.000000 0.000000
vt 0.000000 0.000000
vt 0.000000 0.000000
vt 0.000000 0.000000
vt 0.000000 0.000000
vt 0.000000 0.000000
vt 0.000000 0.000000
vt 0.000000 0.000000
vt 0.000000 0.000000
vt 0.000000 0.000000
vt 0.000000 0.000000
vt 0.000000 0.000000
vt 0.000000 0.000000
vt 0.000000 0.000000
vt 0.000000 0.000000
vt 0.000000 0.000000
vt 0.000000 0.000000
vt 0.000000 0.000000
vt 0.000000 0.000000
vt 0.000000 0.000000
vt 0.000000 0.000000
vt 0.000000 0.000000
vt 0.000000 0.000000
vt 0.000000 0.000000
vt 0.000000 0.000000
vt 0.000000 0.000000
vt 0.000000 0.000000
vt 0.000000 0.000000
vt 0.000000 0.000000
vt 0.000000 0.000000
vt 0.000000 0.000000
vt 0.000000 0.000000
vt 0.000000 0.000000
vt 0.000000 0.000000
vt 0.000000 0.000000
vt 0.000000 0.000000
vt 0.000000 0.000000
vt 0.000000 0.000000
vt 0.000000 0.000000
vt 0.000000 0.000000
vt 0.000000 0.000000
vt 0.000000 0.000000
vt 0.000000 0.000000
vt 0.000000 0.000000
vt 0.000000 0.000000
vt 0.000000 0.000000
vt 0.000000 0.000000
vt 0.000000 0.000000
vt 0.000000 0.000000
vt 0.000000 0.000000
vt 0.000000 0.000000
vt 0.000000 0.000000
vt 0.000000 0.000000
vt 0.000000 0.000000
vt 0.000000 0.000000
vt 0.000000 0.000000
vt 0.000000 0.000000
vt 0.000000 0.000000
vt 0.000000 0.000000
vt 0.000000 0.000000
vt 0.000000 0.000000
vt 0.000000 0.000000
vt 0.000000 0.000000
vt 0.000000 0.000000
vt 0.000000 0.000000
vt 0.000000 0.000000
vt 0.000000 0.000000
vt 0.000000 0.000000
vt 0.000000 0.000000
vt 0.000000 0.000000
vt 0.000000 0.000000
vt 0.000000 0.000000
vt 0.000000 0.000000
vt 0.000000 0.000000
vt 0.000000 0.000000
vt 0.000000 0.000000
vt 0.000000 0.000000
vt 0.000000 0.000000
vt 0.000000 0.000000
vt 0.000000 0.000000
vt 0.000000 0.000000
vt 0.000000 0.000000
vt 0.000000 0.000000
vt 0.000000 0.000000
vt 0.000000 0.000000
vt 0.000000 0.000000
vt 0.000000 0.000000
vt 0.000000 0.000000
vt 0.000000 0.000000
vt 0.000000 0.000000
vt 0.000000 0.000000
vt 0.000000 0.000000
vt 0.000000 0.000000
vt 0.000000 0.000000
vt 0.000000 0.000000
vt 0.000000 0.000000
vt 0.000000 0.000000
vt 0.000000 0.000000
vt 0.000000 0.000000
vt 0.000000 0.000000
vt 0.000000 0.000000
vt 0.000000 0.000000
vt 0.000000 0.000000
vt 0.000000 0.000000
vt 0.000000 0.000000
vt 0.392846 0.294620
vt 0.395798 0.292160
vt 0.395721 0.273960
vt 0.392846 0.271654
vt 0.375000 0.271654
vt 0.375000 0.250000
vt 0.396290 0.250000
vt 0.396676 0.268981
vt 0.399734 0.271654
vt 0.439753 0.295114
vt 0.398615 0.295179
vt 0.396290 0.298064
vt 0.396290 0.314141
vt 0.398733 0.317085
vt 0.415805 0.340551
vt 0.375000 0.340551
vt 0.375000 0.294620
vt 0.146654 0.523880
vt 0.144444 0.521053
vt 0.125000 0.520436
vt 0.125000 0.500000
vt 0.146654 0.500000
vt 0.147185 0.518055
vt 0.150099 0.520436
vt 0.166175 0.520436
vt 0.168985 0.518262
vt 0.169620 0.500000
vt 0.215551 0.500000
vt 0.215551 0.520436
vt 0.172085 0.520925
vt 0.169620 0.523880
vt 0.169620 0.635229
vt 0.146654 0.635229
vt 0.000000 0.000000
vt 0.419249 0.539951
vt 0.419249 0.520436
vt 0.442208 0.520436
vt 0.442208 0.566353
vt 0.396290 0.566353
vt 0.395743 0.545745
vt 0.392846 0.543394
vt 0.375000 0.543394
vt 0.375000 0.520436
vt 0.396290 0.520436
vt 0.396290 0.539951
vt 0.398376 0.542716
vt 0.417117 0.542738
vt 0.396312 0.727064
vt 0.395555 0.706080
vt 0.392846 0.704105
vt 0.375000 0.704105
vt 0.375000 0.681147
vt 0.394075 0.680532
vt 0.396290 0.677703
vt 0.396290 0.658188
vt 0.419249 0.658188
vt 0.419249 0.700662
vt 0.421637 0.703578
vt 0.442208 0.704105
vt 0.442208 0.727064
vt 0.442208 0.681147
vt 0.442208 0.658188
vt 0.465166 0.658188
vt 0.465166 0.681147
vt 0.442208 0.612271
vt 0.421413 0.612911
vt 0.419249 0.615714
vt 0.419249 0.635229
vt 0.396290 0.635229
vt 0.396290 0.612271
vt 0.415805 0.612271
vt 0.418828 0.609669
vt 0.419249 0.589312
vt 0.442207 0.589312
vt 0.488125 0.612271
vt 0.488125 0.635229
vt 0.465166 0.635229
vt 0.465166 0.612271
vt 0.582131 0.634593
vt 0.602919 0.635230
vt 0.602919 0.658188
vt 0.557498 0.658188
vt 0.514528 0.658188
vt 0.511607 0.660585
vt 0.511736 0.679007
vt 0.514528 0.681147
vt 0.534042 0.681147
vt 0.534042 0.700662
vt 0.536433 0.703579
vt 0.557001 0.704106
vt 0.557001 0.723620
vt 0.559200 0.726442
vt 0.577501 0.726572
vt 0.579960 0.723620
vt 0.579960 0.704105
vt 0.625000 0.704106
vt 0.625000 0.727064
vt 0.605251 0.727620
vt 0.602919 0.730508
vt 0.602919 0.750000
vt 0.534042 0.750000
vt 0.533554 0.706572
vt 0.530599 0.704106
vt 0.488125 0.704105
vt 0.488125 0.658188
vt 0.507640 0.658188
vt 0.510712 0.655488
vt 0.511084 0.635229
vt 0.530599 0.635229
vt 0.533723 0.632424
vt 0.534042 0.612271
vt 0.553557 0.612271
vt 0.556546 0.609737
vt 0.556435 0.591622
vt 0.553557 0.589312
vt 0.534042 0.589312
vt 0.534042 0.569797
vt 0.531981 0.567044
vt 0.514528 0.566353
vt 0.511624 0.568716
vt 0.511084 0.589312
vt 0.488125 0.589312
vt 0.488125 0.546838
vt 0.485695 0.543902
vt 0.465166 0.543395
vt 0.465166 0.520436
vt 0.488125 0.520436
vt 0.488125 0.539951
vt 0.489273 0.542247
vt 0.491569 0.543394
vt 0.534042 0.543394
vt 0.534042 0.562909
vt 0.536137 0.565679
vt 0.553557 0.566353
vt 0.556515 0.563881
vt 0.556362 0.522601
vt 0.553557 0.520436
vt 0.534042 0.520436
vt 0.534042 0.500000
vt 0.579960 0.500000
vt 0.579960 0.555001
vt 0.579960 0.631786
vt 0.396880 0.231829
vt 0.375000 0.229564
vt 0.392846 0.229564
vt 0.395728 0.227244
vt 0.396290 0.206606
vt 0.419249 0.206606
vt 0.419249 0.229564
vt 0.399734 0.229564
vt 0.602919 0.250000
vt 0.602919 0.229564
vt 0.625000 0.229564
vt 0.625000 0.250000
vt 0.490448 0.114210
vt 0.511084 0.114771
vt 0.511084 0.137729
vt 0.490372 0.138328
vt 0.488125 0.141173
vt 0.488125 0.157244
vt 0.490507 0.160157
vt 0.561268 0.160688
vt 0.579960 0.160688
vt 0.579960 0.206605
vt 0.557001 0.206605
vt 0.556409 0.185907
vt 0.553557 0.183647
vt 0.490465 0.184199
vt 0.488125 0.187091
vt 0.488815 0.204541
vt 0.491569 0.206605
vt 0.534043 0.206606
vt 0.534043 0.226120
vt 0.536349 0.228996
vt 0.557001 0.229564
vt 0.557001 0.250000
vt 0.534043 0.250000
vt 0.533577 0.232078
vt 0.530599 0.229564
vt 0.488125 0.229564
vt 0.488125 0.210049
vt 0.486181 0.207355
vt 0.468610 0.206605
vt 0.467291 0.182987
vt 0.485814 0.183080
vt 0.488125 0.180203
vt 0.488125 0.164132
vt 0.485457 0.161076
vt 0.467425 0.161281
vt 0.468610 0.137729
vt 0.470906 0.137729
vt 0.473202 0.137729
vt 0.475498 0.137729
vt 0.477794 0.137729
vt 0.480089 0.137729
vt 0.482385 0.137729
vt 0.484681 0.137729
vt 0.486977 0.136581
vt 0.488125 0.134286
vt 0.488125 0.131990
vt 0.488125 0.129694
vt 0.488125 0.127398
vt 0.488125 0.125102
vt 0.488125 0.122806
vt 0.488125 0.120510
vt 0.488125 0.118214
vt 0.486977 0.115919
vt 0.484681 0.114771
vt 0.485797 0.091254
vt 0.488125 0.088368
vt 0.488125 0.072297
vt 0.485775 0.069400
vt 0.465166 0.000000
vt 0.534042 0.000000
vt 0.534042 0.022936
vt 0.514528 0.022936
vt 0.511619 0.025309
vt 0.511632 0.043548
vt 0.514527 0.045894
vt 0.557001 0.045894
vt 0.557001 0.068853
vt 0.537486 0.068853
vt 0.534786 0.070810
vt 0.534042 0.091812
vt 0.490486 0.092353
vt 0.488125 0.095256
vt 0.488125 0.111327
vt 0.602919 0.160688
vt 0.625000 0.160688
vt 0.625000 0.183647
vt 0.602919 0.183647
vt 0.579960 0.114771
vt 0.579960 0.137729
vt 0.534042 0.137729
vt 0.534042 0.114771
vt 0.443981 0.113935
vt 0.461722 0.137729
vt 0.419249 0.137729
vt 0.419249 0.095256
vt 0.416686 0.092252
vt 0.396290 0.091812
vt 0.396290 0.068853
vt 0.439857 0.068306
vt 0.442208 0.065409
vt 0.442208 0.022936
vt 0.461722 0.022936
vt 0.464636 0.020552
vt 0.444632 0.069363
vt 0.442208 0.072297
vt 0.442208 0.111327
vt 0.442208 0.229564
vt 0.442208 0.160688
vt 0.461722 0.160688
vt 0.464588 0.158402
vt 0.464742 0.140324
vt 0.461723 0.114771
vt 0.464635 0.112389
vt 0.465166 0.091812
vt 0.482385 0.114771
vt 0.480090 0.114771
vt 0.477794 0.114771
vt 0.475498 0.114771
vt 0.473202 0.114771
vt 0.470906 0.114771
vt 0.468610 0.114771
vt 0.466314 0.115919
vt 0.465166 0.118214
vt 0.465166 0.120510
vt 0.465166 0.122806
vt 0.465166 0.125102
vt 0.465166 0.127398
vt 0.465166 0.129694
vt 0.465166 0.131990
vt 0.465166 0.134286
vt 0.466314 0.136581
vt 0.465166 0.164132
vt 0.465166 0.180203
vt 0.465819 0.208744
vt 0.465166 0.229564
vt 0.669620 0.589312
vt 0.646654 0.589312
vt 0.646654 0.566353
vt 0.669620 0.566353
vt 0.646654 0.727064
vt 0.646654 0.704106
vt 0.738517 0.750000
vt 0.737472 0.728263
vt 0.735072 0.727064
vt 0.715551 0.727064
vt 0.715551 0.704105
vt 0.738517 0.707549
vt 0.739243 0.725185
vt 0.741962 0.727064
vt 0.759603 0.726338
vt 0.761483 0.723635
vt 0.784449 0.750000
vt 0.875000 0.589312
vt 0.853346 0.589312
vt 0.853346 0.566353
vt 0.875000 0.566353
vt 0.738517 0.520436
vt 0.738517 0.500000
vt 0.761483 0.500000
vt 0.761483 0.520436
vt 0.853919 0.522733
vt 0.853346 0.543395
vt 0.830380 0.543394
vt 0.829846 0.522724
vt 0.826935 0.520436
vt 0.807415 0.520436
vt 0.807415 0.500000
vt 0.875000 0.500000
vt 0.875000 0.520436
vt 0.830380 0.589312
vt 0.830907 0.655883
vt 0.833825 0.658188
vt 0.853346 0.658188
vt 0.853346 0.704105
vt 0.829766 0.679030
vt 0.829823 0.660435
vt 0.826936 0.658188
vt 0.809294 0.658914
vt 0.807415 0.661632
vt 0.760764 0.660082
vt 0.758053 0.658188
vt 0.738517 0.658188
vt 0.738517 0.638673
vt 0.736305 0.635803
vt 0.692585 0.635229
vt 0.692061 0.545706
vt 0.689141 0.543395
vt 0.646654 0.543395
vt 0.646654 0.520436
vt 0.668912 0.518408
vt 0.669620 0.500000
vt 0.692585 0.500000
vt 0.694883 0.542790
vt 0.715551 0.543395
vt 0.715926 0.609632
vt 0.718996 0.612271
vt 0.738517 0.612271
vt 0.740858 0.634677
vt 0.761483 0.635229
vt 0.761721 0.655256
vt 0.764928 0.658188
vt 0.781017 0.658188
vt 0.784121 0.655448
vt 0.784449 0.635229
vt 0.803970 0.635229
vt 0.806888 0.632917
vt 0.806795 0.591419
vt 0.803970 0.589312
vt 0.786328 0.590038
vt 0.784449 0.592756
vt 0.784449 0.612271
vt 0.761483 0.612271
vt 0.761483 0.543395
vt 0.784449 0.543394
vt 0.784815 0.563697
vt 0.787894 0.566353
vt 0.807415 0.566353
vt 0.809436 0.588601
vt 0.419249 0.886483
vt 0.419249 0.909449
vt 0.375000 0.909449
vt 0.375000 0.886483
vt 0.807415 0.704106
vt 0.807415 0.684591
vt 0.806320 0.682240
vt 0.803984 0.681147
vt 0.764928 0.681147
vt 0.761777 0.683947
vt 0.761749 0.701232
vt 0.764928 0.704105
vt 0.784449 0.704105
vt 0.760954 0.706414
vt 0.758038 0.704106
vt 0.740397 0.704832
vt 0.737809 0.702078
vt 0.738517 0.681147
vt 0.758038 0.681147
vt 0.760820 0.679126
vt 0.808141 0.679267
vt 0.810860 0.681147
vt 0.826949 0.681147
vt 0.375000 0.932415
vt 0.396290 0.932415
vt 0.396290 0.978346
vt 0.375000 0.978346
vt 0.465166 0.978346
vt 0.510574 0.976161
vt 0.511084 0.955380
vt 0.534042 0.955380
vt 0.534042 1.000000
vt 0.465166 1.000000
vt 0.602919 0.771654
vt 0.534042 0.771654
vt 0.530599 0.817585
vt 0.533600 0.815350
vt 0.534042 0.794620
vt 0.602919 0.794620
vt 0.602919 0.840551
vt 0.579960 0.840551
vt 0.579960 0.821030
vt 0.577603 0.817983
vt 0.560372 0.817586
vt 0.557419 0.819890
vt 0.557001 0.840551
vt 0.511084 0.840551
vt 0.511084 0.817585
vt 0.488640 0.934451
vt 0.488125 0.955380
vt 0.465166 0.955380
vt 0.465166 0.932415
vt 0.487509 0.930490
vt 0.488125 0.909449
vt 0.507640 0.909449
vt 0.510602 0.907319
vt 0.511084 0.886483
vt 0.530599 0.886483
vt 0.533587 0.884284
vt 0.534042 0.863517
vt 0.557001 0.863517
vt 0.557001 0.886483
vt 0.537486 0.886483
vt 0.534554 0.888531
vt 0.534042 0.909449
vt 0.514527 0.909449
vt 0.511462 0.911860
vt 0.511084 0.932415
vt 0.491569 0.932415
vt 0.419249 0.794620
vt 0.396290 0.794620
vt 0.396290 0.771654
vt 0.419249 0.771654
vt 0.583404 0.955380
vt 0.580883 0.956304
vt 0.579960 0.958825
vt 0.579960 0.978346
vt 0.557001 0.978346
vt 0.557001 0.955380
vt 0.576516 0.955380
vt 0.579807 0.952354
vt 0.579960 0.932415
vt 0.602919 0.932415
vt 0.602919 0.955380
vt 0.488125 0.817585
vt 0.444544 0.817991
vt 0.442208 0.821030
vt 0.442208 0.863517
vt 0.419249 0.863517
vt 0.418730 0.842800
vt 0.396290 0.840551
vt 0.396290 0.817585
vt 0.441533 0.815692
vt 0.442208 0.794620
vt 0.464663 0.792417
vt 0.465166 0.771654
vt 0.511084 0.771654
vt 0.511084 0.794620
vt 0.491569 0.794620
vt 0.488620 0.796711
vt 0.465166 0.909449
vt 0.442207 0.909449
vt 0.442208 0.886483
vt 0.465166 0.886483
vt 0.442208 0.932415
vt 0.442208 0.978346
vt 0.419249 0.978346
vt 0.419249 0.932415
vt 0.192585 0.750000
vt 0.146654 0.750000
vt 0.146654 0.727064
vt 0.192585 0.727064
vt 0.284449 0.635229
vt 0.284449 0.658188
vt 0.264928 0.658188
vt 0.261956 0.660685
vt 0.261483 0.727064
vt 0.241145 0.727472
vt 0.238517 0.730508
vt 0.238517 0.750000
vt 0.215551 0.750000
vt 0.215551 0.727064
vt 0.235072 0.727064
vt 0.238101 0.724452
vt 0.238517 0.658188
vt 0.258038 0.658188
vt 0.260949 0.655812
vt 0.261483 0.635229
vt 0.189851 0.680792
vt 0.192585 0.677703
vt 0.192585 0.658188
vt 0.215551 0.658188
vt 0.215551 0.704105
vt 0.146654 0.704105
vt 0.146654 0.681147
vt 0.192585 0.543395
vt 0.215551 0.543394
vt 0.215551 0.562909
vt 0.218059 0.565885
vt 0.238517 0.566353
vt 0.238869 0.586572
vt 0.241962 0.589312
vt 0.307415 0.589312
vt 0.307415 0.608827
vt 0.309868 0.611775
vt 0.330380 0.612271
vt 0.330380 0.631786
vt 0.332827 0.634731
vt 0.353346 0.635229
vt 0.353346 0.658188
vt 0.332560 0.658820
vt 0.330380 0.661632
vt 0.330380 0.677703
vt 0.332779 0.680624
vt 0.330380 0.704105
vt 0.330380 0.690330
vt 0.330380 0.684591
vt 0.327688 0.681523
vt 0.307415 0.681147
vt 0.307415 0.658188
vt 0.327926 0.657693
vt 0.330380 0.654744
vt 0.330380 0.638673
vt 0.327817 0.635670
vt 0.307415 0.635229
vt 0.307415 0.615714
vt 0.304844 0.612708
vt 0.241962 0.612271
vt 0.239006 0.614738
vt 0.238517 0.635229
vt 0.215551 0.635229
vt 0.215551 0.569797
vt 0.213130 0.566865
vt 0.192585 0.566353
vt 0.307415 0.539951
vt 0.307415 0.500000
vt 0.330380 0.500000
vt 0.330380 0.539951
vt 0.332828 0.542896
vt 0.351158 0.542766
vt 0.353346 0.539951
vt 0.353346 0.520436
vt 0.355613 0.543983
vt 0.353346 0.546838
vt 0.353346 0.589312
vt 0.330380 0.589312
vt 0.330380 0.546838
vt 0.328123 0.543988
vt 0.310859 0.543394
vt 0.307872 0.545925
vt 0.307415 0.566353
vt 0.284449 0.566353
vt 0.284449 0.543395
vt 0.304621 0.543069
vt 0.238517 0.500000
vt 0.261483 0.500000
vt 0.261483 0.520436
vt 0.238517 0.520436
vt 0.396290 0.386483
vt 0.375000 0.386483
vt 0.375000 0.363517
vt 0.396290 0.363517
vt 0.419249 0.478346
vt 0.396290 0.478346
vt 0.396290 0.458825
vt 0.394178 0.456046
vt 0.375000 0.455380
vt 0.375000 0.432415
vt 0.396290 0.432415
vt 0.396290 0.451936
vt 0.398606 0.454816
vt 0.419249 0.455380
vt 0.625000 0.432415
vt 0.625000 0.455380
vt 0.602919 0.455380
vt 0.602919 0.432415
vt 0.488125 0.291175
vt 0.490429 0.294050
vt 0.557001 0.294620
vt 0.557001 0.363517
vt 0.536384 0.364068
vt 0.534042 0.366962
vt 0.534042 0.409449
vt 0.514527 0.409449
vt 0.511596 0.411868
vt 0.511551 0.429904
vt 0.514528 0.432415
vt 0.534042 0.432415
vt 0.534042 0.474901
vt 0.536467 0.477837
vt 0.579960 0.478346
vt 0.534042 0.481791
vt 0.531797 0.478946
vt 0.511084 0.478346
vt 0.510639 0.434971
vt 0.507640 0.432415
vt 0.465166 0.432415
vt 0.468610 0.409449
vt 0.507640 0.409449
vt 0.510649 0.406873
vt 0.510709 0.389178
vt 0.507640 0.386483
vt 0.530599 0.363517
vt 0.533552 0.361054
vt 0.533457 0.342824
vt 0.530599 0.340551
vt 0.488125 0.340551
vt 0.488125 0.298065
vt 0.485431 0.294994
vt 0.488125 0.271654
vt 0.579380 0.384198
vt 0.579960 0.363517
vt 0.625000 0.363517
vt 0.625000 0.386483
vt 0.582192 0.387089
vt 0.579960 0.389928
vt 0.579960 0.409449
vt 0.557001 0.409449
vt 0.557001 0.386483
vt 0.576516 0.386483
vt 0.603508 0.319852
vt 0.602919 0.340551
vt 0.579960 0.340551
vt 0.579960 0.317585
vt 0.600690 0.316977
vt 0.602919 0.314141
vt 0.602918 0.298064
vt 0.600104 0.294934
vt 0.579960 0.294620
vt 0.579960 0.271654
vt 0.600413 0.271184
vt 0.602919 0.268209
vt 0.625000 0.317585
vt 0.606363 0.317585
vt 0.557001 0.271654
vt 0.534042 0.271654
vt 0.442208 0.366962
vt 0.441060 0.364665
vt 0.438764 0.363517
vt 0.419249 0.363517
vt 0.419249 0.343996
vt 0.418101 0.341700
vt 0.439804 0.317065
vt 0.442208 0.314141
vt 0.442208 0.298064
vt 0.442208 0.271654
vt 0.442208 0.291175
vt 0.444281 0.293934
vt 0.461723 0.294620
vt 0.464710 0.292088
vt 0.465166 0.271654
vt 0.467313 0.295269
vt 0.465166 0.298064
vt 0.465166 0.317585
vt 0.444635 0.318094
vt 0.442208 0.321030
vt 0.442208 0.360072
vt 0.444681 0.363032
vt 0.442208 0.409449
vt 0.465752 0.407176
vt 0.464646 0.411853
vt 0.461722 0.409449
vt 0.467551 0.387013
vt 0.465166 0.389928
vt 0.488125 0.478346
vt 0.442208 0.478346
vt 0.442208 0.455380
vt 0.488125 0.455380
vn 0.0000 -0.0000 1.0000
vn -0.0009 0.0000 -1.0000
vn 0.0058 -1.0000 0.0056
vn 0.0070 -0.5883 -0.8086
vn 0.0174 -0.0259 -0.9995
vn 0.0104 0.0103 0.9999
vn 0.0114 0.0076 -0.9999
vn 0.0347 -0.8008 -0.5979
vn 1.0000 0.0000 -0.0090
vn 0.0058 -0.5455 0.8381
vn -0.8388 0.0092 0.5443
vn -0.9975 -0.0535 0.0452
vn 0.9952 -0.0651 -0.0727
vn -1.0000 -0.0045 0.0010
vn -0.0502 0.9968 -0.0620
vn -0.0535 0.0504 -0.9973
vn 0.8573 0.5149 0.0004
vn -0.0034 0.0000 1.0000
vn -0.1386 0.9904 0.0024
vn 0.0000 0.0038 1.0000
vn -0.5292 -0.0092 -0.8484
vn -0.9996 0.0099 -0.0253
vn -0.9920 0.0218 0.1244
vn 1.0000 -0.0000 -0.0005
vn 0.0000 1.0000 0.0032
vn -0.8787 -0.4772 0.0125
vn 0.0181 -0.0005 -0.9998
vn 0.0718 0.0072 -0.9974
vn 0.0011 0.0041 -1.0000
vn -0.2586 0.9593 -0.1132
vn -0.0304 -0.0072 -0.9995
vn 0.9418 0.3362 0.0057
vn -0.0008 -1.0000 -0.0005
vn 0.0008 -1.0000 0.0005
vn -0.0048 -1.0000 -0.0056
vn 0.0000 -1.0000 -0.0058
vn -0.0296 -0.9996 0.0031
vn -0.0000 -1.0000 -0.0020
vn -0.0033 -1.0000 -0.0004
vn 0.9982 -0.0084 0.0598
vn -0.0110 0.9999 0.0105
vn 1.0000 0.0008 -0.0038
vn 0.8735 -0.4858 0.0318
vn 1.0000 -0.0011 -0.0018
vn 0.5964 0.0183 -0.8025
vn 0.0477 -0.0654 0.9967
vn -0.0013 0.8558 0.5173
vn -0.0562 0.9964 -0.0639
vn -0.5546 0.8321 0.0122
vn 0.0452 -0.9969 -0.0644
vn -0.0556 -0.0519 0.9971
vn 0.0056 -0.5437 0.8392
vn -0.0284 0.4978 -0.8668
vn -0.9987 -0.0490 0.0153
vn 0.8920 0.4513 -0.0255
vn 0.4591 0.8883 -0.0143
vn 0.0332 -0.0477 -0.9983
vn -0.0586 -0.0519 -0.9969
vn -0.4586 -0.8886 0.0042
vn -0.6506 0.7582 0.0428
vn 0.9974 -0.0489 0.0529
vn -0.0231 -0.9994 0.0275
vn 0.0008 0.4649 -0.8853
vn -0.0648 0.0011 0.9979
vn 0.0113 -0.8565 -0.5160
vn -0.0192 -0.8395 0.5430
vn -0.0326 -0.9995 -0.0000
vn -0.8583 -0.5124 -0.0264
vn -0.0606 -0.0696 -0.9957
vn -0.5083 -0.0187 -0.8610
vn 0.9993 -0.0046 0.0366
vn 0.4772 0.0156 0.8787
vn -0.7928 -0.0243 0.6090
vn 1.0000 -0.0064 0.0018
vn 1.0000 -0.0000 0.0000
vn -0.0440 -0.0706 -0.9965
vn -0.5420 -0.0059 -0.8404
vn -0.8331 -0.5526 0.0255
vn 1.0000 0.0000 -0.0003
vn 0.9995 -0.0085 -0.0313
vn 0.0719 -0.9974 -0.0109
vn 0.0329 0.0030 0.9995
vn -0.0009 1.0000 -0.0002
vn 0.0017 0.0204 -0.9998
vn -0.0535 0.9973 -0.0510
vn -0.7971 0.0232 0.6034
vn 0.0008 -1.0000 0.0010
vn 0.9945 -0.0529 -0.0903
vn 0.0097 -0.9999 -0.0028
vn -1.0000 -0.0000 -0.0000
vn -1.0000 0.0029 -0.0012
vn -1.0000 -0.0062 0.0013
vn -0.0165 0.9993 0.0329
vn -0.6159 -0.0145 -0.7877
vn -0.9990 0.0381 0.0246
vn -0.9997 0.0193 0.0152
vn -0.0239 0.9987 -0.0448
vn -0.5220 0.8528 0.0171
vn -0.9998 0.0009 -0.0191
vn 0.9958 -0.0550 -0.0730
vn -0.0014 -0.0001 -1.0000
vn 0.0030 0.0028 -1.0000
vn -0.9955 -0.0943 -0.0021
vn -0.0876 -0.9941 -0.0639
vn -0.0250 0.1506 0.9883
vn -0.9999 -0.0159 -0.0069
vn 0.8830 0.4694 -0.0005
vn -0.9958 0.0550 0.0732
vn -1.0000 -0.0019 -0.0006
vn 0.0063 0.9998 -0.0179
vn -0.0014 0.0058 -1.0000
vn -0.5682 0.4638 0.6797
vn 0.0015 -1.0000 0.0007
vn -0.9394 -0.0133 0.3425
vn 0.0308 -0.0561 0.9979
vn 0.0510 0.9974 -0.0508
vn -0.8206 -0.5702 0.0391
vn -0.9997 -0.0197 -0.0155
vn 0.5151 0.8571 -0.0007
vn 0.0891 0.9924 -0.0851
vn 0.0000 1.0000 0.0000
vn -0.0054 -0.8460 -0.5332
vn -0.0085 0.8525 -0.5226
vn -0.4677 -0.0013 0.8839
vn -0.9985 -0.0501 0.0221
vn -0.8951 0.4458 -0.0108
vn 0.8713 0.4902 0.0254
vn 0.5030 0.8640 0.0216
vn 0.0166 -0.0180 -0.9997
vn 0.0633 -0.9965 -0.0540
vn 0.6015 -0.7984 0.0258
vn 0.9975 -0.0532 -0.0467
vn 0.0268 -0.9983 -0.0509
vn 0.9978 -0.0535 -0.0385
vn 0.0455 -0.0455 -0.9979
vn 0.0442 -0.9975 -0.0556
vn -0.9991 0.0274 0.0332
vn -0.8126 -0.0305 0.5820
vn -0.4834 0.0080 -0.8753
vn 0.0532 -0.0259 0.9982
vn -1.0000 0.0001 -0.0002
vn 0.0011 -1.0000 -0.0008
vn -0.5483 0.8331 0.0732
vn -0.9999 0.0139 0.0000
vn -1.0000 -0.0010 0.0048
vn -0.0059 -1.0000 0.0024
vn -0.7890 -0.6143 0.0097
vn -0.4780 -0.8783 -0.0050
vn 1.0000 -0.0012 0.0000
vn 0.9988 -0.0388 -0.0303
vn 0.0014 -0.0025 1.0000
vn 0.0158 0.5789 0.8152
vn -0.0002 0.0000 1.0000
vn 0.0275 0.9179 0.3958
vn 0.0001 0.4237 0.9058
vn 0.9982 -0.0422 0.0426
vn -0.0083 1.0000 0.0025
vn 0.0209 0.0033 -0.9998
vn -0.8964 0.4432 0.0002
vn 0.0020 1.0000 -0.0019
vn 0.0244 -0.9026 0.4298
vn -0.0140 -0.5424 0.8400
vn -0.0013 0.0057 -1.0000
vn -0.0854 0.9963 0.0102
vn -0.9999 -0.0113 -0.0074
vn -0.9986 -0.0531 -0.0047
vn -0.9791 -0.1592 0.1264
vn -0.1053 0.9863 0.1268
vn -0.0132 -0.8318 -0.5550
vn -0.0073 1.0000 -0.0023
vn 1.0000 0.0023 -0.0095
vn -0.0138 -0.5616 -0.8273
vn 1.0000 -0.0002 0.0010
vn 1.0000 0.0028 -0.0078
vn 0.0030 0.0027 1.0000
vn 0.0188 -0.5542 -0.8322
vn -0.0222 -0.9996 -0.0160
vn -0.0145 -0.1774 -0.9840
vn -0.0072 0.0295 -0.9995
vn 0.4749 0.8798 0.0208
vn -0.0000 0.9999 0.0164
vn 0.0050 0.9025 -0.4306
vn 0.0059 1.0000 -0.0046
vn 0.0798 -0.0463 0.9957
vn 0.5893 -0.8076 0.0222
vn -0.0038 0.0036 -1.0000
vn 0.0334 -0.9976 -0.0602
vn 0.0157 -0.5779 -0.8160
vn -0.0000 -0.0007 1.0000
vn -0.0009 0.4671 0.8842
vn -0.0058 0.9999 0.0126
vn 0.0011 0.0002 1.0000
vn 0.0016 0.0004 -1.0000
vn -0.0173 0.9998 0.0015
vn -0.0229 -0.0263 0.9994
vn 0.0327 0.9991 -0.0254
vn 0.0000 -1.0000 -0.0001
vn -1.0000 -0.0016 0.0000
vn 1.0000 -0.0001 0.0000
vn -0.0594 -0.0817 0.9949
vn -0.0339 -0.0436 -0.9985
vn -0.0128 -0.9998 0.0174
vn 0.0125 -0.9997 -0.0186
vn 0.8280 0.0030 -0.5607
vn 0.8262 -0.5630 -0.0231
vn 0.0379 -0.0485 -0.9981
vn 0.0461 -0.9975 -0.0540
vn -0.9999 0.0069 -0.0093
vn -0.8358 0.0162 0.5488
vn -1.0000 -0.0025 0.0004
vn 0.9370 -0.0190 -0.3488
vn 0.0000 0.0120 0.9999
vn -1.0000 0.0006 -0.0009
vn -0.9276 -0.2282 -0.2959
vn -0.8959 0.1377 0.4224
vn 0.0103 0.0184 0.9998
vn -0.4807 0.8768 -0.0100
vn -0.9997 -0.0190 0.0169
vn 0.9980 -0.0575 -0.0281
vn 0.0570 -0.9980 -0.0276
vn 0.5366 0.8439 -0.0031
vn 0.0049 -0.8952 -0.4456
vn -0.0003 -0.4457 -0.8952
vn -0.9385 -0.2108 -0.2734
vn -0.6052 -0.0384 -0.7952
vn 0.9992 0.0388 0.0031
vn 0.4855 0.8737 0.0294
vn -0.9977 0.0452 0.0499
vn 0.5261 -0.0013 0.8504
vn 0.0235 -0.6831 0.7299
vn -0.0000 -1.0000 -0.0038
vn 0.8138 -0.5805 -0.0273
vn 0.0003 -0.0001 1.0000
vn -0.0002 -0.0001 1.0000
vn -0.6792 -0.1795 -0.7116
vn 0.0105 0.9996 0.0244
vn 0.0090 -0.5347 -0.8450
vn -0.0476 0.8914 0.4507
vn 0.5818 -0.0283 0.8128
vn 0.0001 1.0000 0.0002
vn 0.0007 1.0000 -0.0000
vn -0.8668 -0.0019 0.4987
vn -0.8625 0.4418 0.2468
vn 0.8522 -0.0196 -0.5228
vn 0.0147 0.1569 -0.9875
vn -0.0624 -0.9980 -0.0116
vn -0.9996 0.0016 -0.0296
vn -0.9995 0.0020 -0.0306
vn -0.0266 -0.9966 0.0781
vn -1.0000 0.0037 0.0008
vn 0.0205 -0.8189 -0.5736
vn -0.0019 0.0000 1.0000
vn 0.0000 -1.0000 -0.0000
vn 0.0024 -0.0098 -0.9999
vn -0.0066 -0.8482 -0.5297
vn 0.9972 -0.0623 -0.0420
vn 0.0254 -0.9986 -0.0468
vn 0.0204 -0.0523 -0.9984
vn 0.5584 0.0087 0.8295
vn 0.0194 -0.0672 0.9976
vn 0.0001 -1.0000 -0.0001
vn -0.0017 1.0000 0.0000
vn -0.9993 -0.0272 0.0272
vn -0.5933 -0.0200 -0.8047
vn -0.0202 0.5304 0.8475
vn -0.5088 0.8606 -0.0245
vn -0.0181 -0.8013 -0.5980
vn 0.2186 -0.1477 -0.9646
vn 0.6239 0.7813 0.0141
vn 1.0000 0.0096 -0.0000
vn -0.0165 -0.8957 0.4444
vn -0.0092 -0.9999 -0.0112
vn 0.8897 0.4565 -0.0055
vn -0.4159 0.9094 0.0026
vn -0.0494 0.9980 -0.0407
vn -0.0462 -0.0381 0.9982
vn -0.9995 0.0300 -0.0021
vn -0.0009 0.4760 0.8795
vn -0.5603 0.8283 0.0023
vn -0.0538 0.9982 -0.0263
vn 0.8282 -0.5604 -0.0067
vn 0.4471 -0.8945 0.0076
vn 0.0147 -0.9999 -0.0068
vn 0.0013 0.0091 1.0000
vn 0.7984 0.0186 -0.6018
vn 0.9974 -0.0593 -0.0415
vn 0.7873 -0.6163 0.0175
vn -0.0010 -0.8387 0.5447
vn 0.0113 0.8854 -0.4647
vn 0.8439 0.0065 -0.5365
vn 0.4813 0.8761 0.0289
vn 0.0099 -0.5154 -0.8569
vn 0.0054 -1.0000 0.0010
vn -0.9990 -0.0261 0.0369
vn -0.0292 -0.4755 0.8792
vn -0.7856 -0.6185 0.0168
vn -0.0491 -0.0248 -0.9985
vn -0.0371 -0.9981 -0.0489
vn 0.0307 -0.0156 0.9994
vn 0.9972 -0.0387 -0.0634
vn 0.0510 -0.0404 -0.9979
vn -0.8121 -0.0295 0.5827
vn -0.0001 0.0174 -0.9998
vn 0.1835 0.9394 -0.2896
vn 0.5222 -0.0209 0.8526
vn 0.3935 0.1028 -0.9136
vn 0.0466 0.0829 0.9955
vn -0.0395 -0.9981 -0.0465
vn -0.0360 -0.0648 -0.9972
vn 0.4578 0.0603 0.8870
vn 0.0000 -0.0027 -1.0000
vn 0.0239 -0.8191 -0.5731
vn 0.0181 0.8671 0.4977
vn 0.0000 0.0000 -1.0000
vn 0.0016 -1.0000 0.0018
vn -0.7056 -0.7084 -0.0144
vn 0.3940 -0.0287 -0.9186
vn -0.0021 0.0000 1.0000
vn 0.0001 0.0000 -1.0000
vn 1.0000 -0.0022 0.0003
vn 0.0116 0.0006 0.9999
vn -0.0122 -0.9999 -0.0000
vn -0.0063 0.0000 1.0000
vn -0.2704 -0.4488 0.8517
vn -0.0075 0.9942 0.1073
vn -0.0479 -0.0531 -0.9974
vn -0.0392 -0.9981 -0.0478
vn 1.0000 -0.0043 -0.0014
vn 1.0000 0.0016 -0.0002
vn -0.8062 0.0185 0.5914
vn 0.0116 0.0007 0.9999
vn 0.8353 0.0322 -0.5488
vn -0.0005 -1.0000 0.0001
vn -0.9999 0.0018 -0.0121
vn 0.0000 -0.0005 -1.0000
vn -1.0000 -0.0002 -0.0000
vn 0.9992 0.0403 -0.0026
vn 1.0000 -0.0027 0.0007
vn 0.0016 -0.0001 -1.0000
vn -0.0512 -0.0495 0.9975
vn 0.0070 -0.8383 0.5451
vn -0.9981 -0.0491 0.0368
vn 0.0362 0.8413 -0.5393
vn 0.0009 0.0024 -1.0000
vn -0.0006 -1.0000 -0.0000
vn 0.1560 -0.0247 0.9875
vn -0.2817 -0.7963 0.5352
vn 0.0051 -1.0000 0.0050
vn 0.8389 0.0942 -0.5361
vn 0.2435 -0.2139 0.9460
vn -0.0039 -1.0000 -0.0051
vn 0.9976 -0.0120 -0.0678
vn 0.6367 0.2647 -0.7242
vn -1.0000 0.0000 0.0002
vn 0.0151 -0.5486 0.8360
vn 0.0004 0.0006 1.0000
vn 0.8103 -0.5855 -0.0234
vn 0.0009 -0.0001 -1.0000
vn 0.7985 -0.6012 -0.0296
vn 0.5047 -0.8631 0.0179
vn 0.0108 -0.9999 -0.0075
vn 0.0151 -0.5396 0.8418
vn 1.0000 0.0009 0.0017
vn -0.8604 0.0110 -0.5096
vn -0.5651 0.0284 -0.8246
vn -0.7575 -0.6518 -0.0367
vn 0.0369 -0.8492 -0.5267
vn -0.0269 -0.5041 -0.8633
vn 0.4877 -0.2605 -0.8333
vn 0.9968 -0.0137 0.0782
vn -0.0014 -0.0016 -1.0000
vn 0.9969 -0.0731 -0.0274
vn 0.0217 -0.7935 -0.6082
vn -0.5210 -0.3177 -0.7922
vn 0.0099 -0.5399 -0.8417
vn -0.0001 -0.0006 1.0000
vn -1.0000 -0.0008 -0.0001
vn 0.0336 0.0351 -0.9988
vn -0.5494 0.7895 0.2736
vn 0.0014 1.0000 0.0007
vn -0.9947 0.0201 -0.1012
vn -0.9985 -0.0052 0.0539
vn 0.0091 -0.0002 1.0000
vn 0.0442 0.0353 0.9984
vn 0.0005 0.0261 0.9997
vn -0.5370 0.7877 -0.3021
vn 0.0171 0.0405 0.9990
vn -0.9997 0.0250 -0.0033
vn -0.0240 0.0094 -0.9997
vn 0.0078 0.8449 -0.5348
vn -0.9994 0.0207 -0.0259
vn -1.0000 0.0012 0.0037
vn -0.0341 -0.9887 -0.1461
vn -0.0013 0.0252 -0.9997
vn -0.0117 -0.9999 0.0113
vn 0.0390 0.0942 0.9948
vn -0.9996 -0.0293 0.0026
vn -0.5266 0.6793 -0.5111
vn 0.7974 0.0224 -0.6030
vn -0.0038 -0.9995 0.0299
vn -0.9043 -0.3361 -0.2631
vn -0.6061 0.0230 -0.7951
vn -0.0112 0.9983 0.0580
vn 0.9996 0.0083 -0.0285
vn 0.0139 0.0692 0.9975
vn -0.0016 1.0000 -0.0000
vn -0.0804 -0.0562 0.9952
vn 0.9969 -0.0443 -0.0643
vn 0.0039 1.0000 0.0001
vn -0.9988 -0.0403 -0.0264
vn 0.0314 0.8712 -0.4899
vn 0.0021 0.5057 -0.8627
vn -0.0018 0.0015 1.0000
vn -1.0000 -0.0062 0.0003
vn -0.9511 -0.1671 0.2598
vn -0.0035 -0.9881 -0.1538
vn -0.3475 -0.3624 -0.8648
vn -0.8490 -0.0812 -0.5221
vn -0.0239 -0.9989 0.0391
vn -0.0001 -1.0000 -0.0001
vn -1.0000 -0.0001 0.0011
vn 0.0352 -0.9993 -0.0125
vn -0.0064 -1.0000 0.0029
vn -0.0019 -1.0000 -0.0002
vn -0.9981 -0.0455 0.0417
vn -0.0511 -0.9974 -0.0505
vn -0.8610 -0.5084 -0.0145
vn -0.0439 -0.0518 -0.9977
vn -0.8671 -0.0012 -0.4982
vn 0.0227 -0.8596 0.5105
vn -0.0263 -0.5945 0.8037
vn -0.0563 -0.0776 -0.9954
vn -0.0037 -0.9998 -0.0208
vn -0.0073 -0.9998 -0.0161
vn -0.0091 0.0070 0.9999
vn -0.9880 0.0823 -0.1304
vn 0.8584 0.0234 -0.5125
vn -0.3230 -0.0098 -0.9463
vn 0.9995 0.0331 0.0016
vn 0.0005 1.0000 0.0007
vn -0.0029 0.8788 0.4772
vn -0.0206 0.4361 0.8997
vn -0.5109 0.8596 0.0064
vn -0.4540 0.0002 0.8910
vn -0.0459 0.9971 -0.0606
vn -0.0246 0.4388 -0.8983
vn 0.0245 0.4585 0.8884
vn 1.0000 -0.0008 0.0015
vn 1.0000 0.0002 -0.0001
vn -0.0189 0.8194 -0.5729
vn -0.9958 0.0384 0.0834
vn -0.1410 0.7857 -0.6023
vn -0.0051 -0.0009 -1.0000
vn -0.0445 -0.0379 -0.9983
vn 0.3693 0.1163 -0.9220
vn 0.0718 0.9948 0.0723
vn 0.0006 -0.0000 1.0000
vn 0.0001 1.0000 0.0035
vn -0.7194 0.5106 0.4709
vn 0.8346 -0.0243 -0.5503
vn 0.8616 -0.0283 0.5068
vn 0.0008 -1.0000 -0.0000
vn 0.0496 -0.4915 0.8695
vn -0.0042 -0.0041 1.0000
vn 0.8822 -0.4705 -0.0175
vn 0.0153 -0.9999 0.0022
vn -0.7955 -0.6056 0.0204
vn -0.0004 -0.0016 -1.0000
vn -0.1655 -0.9548 -0.2468
vn 0.2069 -0.2659 -0.9415
vn 0.9981 0.0614 0.0113
vn 0.7957 0.0345 -0.6047
vn -1.0000 0.0033 0.0004
vn -0.9983 -0.0111 0.0564
vn -0.1608 -0.2805 0.9463
vn -0.9971 -0.0432 0.0624
vn -0.0446 0.9982 -0.0404
vn -0.4427 0.0190 -0.8964
vn -0.0009 0.9999 0.0101
vn 0.8756 0.4831 -0.0002
vn -0.0366 0.9988 0.0313
vn 0.0001 0.0001 1.0000
vn -0.0514 -0.0514 0.9974
vn 0.0038 -0.5227 0.8525
vn -0.9979 -0.0447 0.0471
vn -0.0193 0.7819 -0.6230
vn 0.4839 -0.0225 0.8748
vn 0.9775 -0.1321 0.1642
vn -0.0267 -0.5615 -0.8270
vn 1.0000 0.0008 -0.0059
vn 0.0002 -0.0000 1.0000
vn 1.0000 0.0027 0.0002
vn 0.8194 -0.5731 0.0120
vn -0.0201 -0.5432 -0.8394
vn 0.5154 -0.0242 -0.8566
vn 0.0045 0.0050 -1.0000
vn 0.0035 0.0043 -1.0000
vn -0.0022 0.0048 1.0000
vn 0.5167 0.8562 0.0006
vn 0.0002 1.0000 0.0002
vn 0.0023 0.0178 -0.9998
vn 0.5741 0.0040 0.8188
vn 0.0512 -0.0464 0.9976
vn 0.0382 -0.9993 0.0003
vn 0.0127 -0.7645 -0.6445
vn 0.0031 -0.0036 1.0000
vn -0.0009 0.0014 -1.0000
vn 0.0134 -0.9999 -0.0099
vn 1.0000 -0.0008 0.0000
vn -1.0000 -0.0001 0.0016
vn 1.0000 0.0043 0.0043
vn 1.0000 0.0023 -0.0027
vn 0.6033 -0.7968 0.0327
vn 0.9953 -0.0771 -0.0584
vn -1.0000 0.0005 0.0000
vn 0.1813 0.9832 -0.0198
vn 0.9999 -0.0006 0.0102
vn 1.0000 0.0002 -0.0003
vn 0.9390 -0.2100 -0.2722
vn 0.0019 -0.0029 1.0000
vn -0.0061 0.0046 1.0000
vn -1.0000 0.0000 0.0001
vn -0.1297 -0.9915 -0.0119
vn 1.0000 0.0024 -0.0001
vn -0.7118 -0.2784 -0.6448
vn 0.9800 -0.1475 -0.1335
vn 0.0295 -0.4586 0.8882
vn 1.0000 -0.0054 0.0032
vn -0.0417 -0.0608 -0.9973
vn 1.0000 0.0005 -0.0007
vn -0.4980 0.8672 -0.0020
vn 0.8741 -0.0361 -0.4844
vn 0.6035 -0.7969 0.0280
vn 0.4126 0.0223 -0.9106
vn -0.0000 -0.0013 -1.0000
vn -0.9787 0.0146 0.2049
vn -0.0011 -0.9993 -0.0367
vn -0.9871 0.1585 0.0243
vn -0.3210 0.9025 -0.2872
vn -1.0000 0.0012 0.0002
vn -1.0000 0.0000 -0.0015
vn -0.9958 0.0685 -0.0601
vn -1.0000 -0.0013 0.0005
vn 0.0007 -0.0003 1.0000
vn 0.2972 -0.7867 0.5411
vn 0.5693 -0.8221 -0.0096
vn -1.0000 0.0003 -0.0010
vn 0.0131 -0.8273 -0.5616
vn -0.5956 0.0104 -0.8032
vn -0.2483 -0.2365 0.9394
vn -0.9998 0.0193 -0.0011
vn -1.0000 -0.0003 0.0012
vn -0.5941 0.0200 -0.8041
vn 0.8808 0.4735 0.0048
vn 0.4897 0.8719 0.0016
vn 0.4822 -0.0130 0.8759
vn 0.0012 0.4591 0.8884
vn -0.9032 -0.0019 0.4292
vn -0.4049 -0.0273 0.9139
vn 0.8481 -0.0087 -0.5298
vn 0.0005 0.5173 -0.8558
vn -1.0000 -0.0001 -0.0000
vn 0.0146 0.9996 -0.0232
vn -0.0008 0.4944 -0.8692
vn 0.0172 0.0093 0.9998
vn -0.9980 -0.0347 -0.0524
vn 0.0262 0.9990 -0.0366
vn 0.0015 0.0011 -1.0000
vn -0.2803 0.9598 -0.0146
vn -0.8971 0.4418 -0.0001
vn -1.0000 -0.0001 -0.0008
vn -0.0188 0.8791 -0.4763
vn 0.0524 -0.0638 0.9966
vn -0.9995 0.0008 -0.0320
vn 0.0180 -0.0142 -0.9997
vn 0.0321 -0.9986 -0.0409
vn -0.0003 0.8829 0.4696
vn 0.0030 1.0000 -0.0001
vn 0.0025 1.0000 0.0002
vn 0.0572 -0.0230 0.9981
vn -1.0000 0.0001 -0.0000
vn -0.2851 -0.2205 -0.9328
vn -0.9999 0.0111 0.0000
vn -0.8588 0.2243 -0.4605
vn 0.0040 0.0278 -0.9996
vn -0.1374 0.0797 0.9873
vn 0.0021 -1.0000 0.0023
vn -1.0000 0.0002 -0.0002
vn 0.0009 0.0008 -1.0000
vn 0.0154 0.5709 0.8209
vn 0.9993 -0.0235 0.0277
vn -0.0067 0.0032 1.0000
vn -0.0072 0.9999 0.0089
vn -0.9274 -0.2966 -0.2278
vn 0.0000 -0.9999 0.0170
vn -0.0000 -0.0005 1.0000
vn -0.0002 0.0000 -1.0000
vn 0.0280 0.5289 0.8482
vn 0.0004 0.8490 0.5284
vn 0.0064 -0.0000 -1.0000
vn 0.0205 -0.5666 -0.8237
vn 0.0249 0.8507 0.5251
vn 0.0011 0.0003 1.0000
vn 0.0000 0.0044 1.0000
vn -0.0001 -0.0000 1.0000
vn -0.0027 -0.0000 1.0000
vn -0.0035 0.0000 -1.0000
vn -1.0000 0.0031 0.0027
vn 1.0000 0.0041 -0.0077
vn 0.0745 0.1069 0.9915
vn 0.9994 0.0137 -0.0306
vn 0.0080 0.0337 -0.9994
vn -0.0144 0.7955 -0.6058
vn 0.8941 0.4476 -0.0172
vn 0.9995 0.0309 -0.0033
vn 0.0474 0.9984 -0.0307
vn 0.0383 -0.0362 0.9986
vn 0.0338 0.8531 -0.5207
vn 0.8748 0.4845 -0.0001
vn 0.0000 1.0000 -0.0042
vn 1.0000 0.0000 0.0006
vn -0.0507 -0.0283 -0.9983
vn 1.0000 0.0000 -0.0002
vn -0.0382 -0.9980 -0.0497
vn 1.0000 0.0095 0.0007
vn 1.0000 -0.0033 0.0007
vn 1.0000 -0.0001 0.0002
vn 0.0000 1.0000 0.0016
vn -0.0231 -0.8867 -0.4618
vn 0.0220 -0.5214 -0.8530
vn -0.0311 -0.0106 -0.9995
vn 0.4087 -0.8863 -0.2175
vn 0.3764 -0.9263 0.0183
vn 0.5988 0.0284 0.8004
vn 1.0000 -0.0056 0.0036
vn -0.8016 0.0330 0.5970
vn 0.0186 -0.0007 0.9998
vn 0.8182 0.0159 -0.5748
vn 0.0056 -0.9988 0.0489
vn -0.5938 0.0166 -0.8045
vn 0.0148 -0.5991 -0.8005
vn 0.5288 0.8485 0.0179
vn 0.0214 -0.0545 0.9983
vn 0.0033 -0.4116 0.9114
vn -1.0000 -0.0046 0.0000
vn -0.5834 0.8118 0.0237
vn -0.8156 0.5763 0.0505
vn -0.8893 0.4568 -0.0199
vn -1.0000 -0.0004 0.0014
vn 0.2741 0.9615 0.0193
vn 0.9987 -0.0428 -0.0289
vn 0.0113 0.9999 0.0072
vn -0.0721 -0.0544 0.9959
vn 0.0545 -0.0403 -0.9977
vn 0.0014 0.0010 -1.0000
vn -0.3393 0.9407 -0.0064
vn -0.8915 0.4530 -0.0000
vn -0.9988 -0.0370 -0.0328
vn -0.9492 0.0156 0.3144
vn -0.0003 -0.8902 0.4555
vn -1.0000 0.0024 0.0001
vn -1.0000 0.0014 0.0002
vn -0.0229 0.4728 0.8809
vn -0.0033 -0.0218 -0.9998
vn 0.0043 0.9999 -0.0117
vn 0.1752 -0.9702 0.1673
vn 0.0000 0.0027 1.0000
vn 0.0000 0.0035 -1.0000
vn -1.0000 0.0021 0.0040
vn -0.0956 0.9921 -0.0808
vn 0.0016 -0.0003 1.0000
vn -0.5340 0.8455 0.0062
vn 0.0023 -0.0036 1.0000
vn -0.0009 0.0001 -1.0000
vn -0.5820 0.8128 0.0249
vn 0.0236 -0.0007 -0.9997
vn -0.0062 -0.0013 -1.0000
vn -0.0292 0.9993 -0.0240
vn -0.8859 0.4636 -0.0186
vn -0.0432 0.9987 0.0280
vn -0.9982 -0.0380 -0.0461
vn -0.8624 0.5062 -0.0001
vn 0.0672 -0.0940 0.9933
vn -1.0000 0.0027 -0.0005
vn -1.0000 0.0004 0.0006
vn -1.0000 -0.0068 -0.0066
vn -1.0000 -0.0001 -0.0001
vn -0.9999 -0.0056 0.0095
vn -0.9149 -0.4024 -0.0323
vn -0.4168 -0.0067 -0.9090
vn 0.0424 -0.9982 -0.0423
vn 0.8583 0.5118 -0.0365
vn 0.5187 0.8546 -0.0245
vn 0.0310 0.5898 0.8070
vn -0.2148 -0.9520 -0.2180
vn -0.0017 -0.9998 0.0202
vn -1.0000 0.0009 0.0000
vn -0.0310 0.9919 -0.1232
vn -0.0436 0.4801 -0.8761
vn 0.0000 -1.0000 -0.0003
vn -0.0422 -0.0495 -0.9979
vn -0.0418 -0.9978 -0.0508
vn 0.0344 0.9991 -0.0258
vn 0.0341 -0.0450 0.9984
vn -0.0002 0.0009 -1.0000
vn -0.0004 -0.0006 -1.0000
vn 0.0004 0.0123 -0.9999
vn -0.0017 0.0021 -1.0000
vn 0.7840 -0.6203 0.0255
vn 0.9981 -0.0501 -0.0351
vn -0.0013 -1.0000 0.0028
vn -0.0001 -0.0012 1.0000
vn 0.0003 -0.0001 -1.0000
vn -0.0165 0.8575 -0.5143
vn -0.9983 0.0356 -0.0461
vn 0.3528 -0.0185 0.9355
vn 0.0269 -0.1419 0.9895
vn 1.0000 0.0012 0.0021
vn 0.0398 -0.9984 -0.0410
vn -0.0295 -0.8262 -0.5626
vn 1.0000 -0.0020 -0.0017
vn 1.0000 0.0035 0.0020
vn -0.0044 0.9972 -0.0752
vn 0.0061 -0.0235 0.9997
vn -0.5852 -0.0172 -0.8107
vn -0.4446 0.8957 -0.0081
vn 0.9979 -0.0463 0.0463
vn 0.0382 -0.0560 0.9977
vn 0.0550 -0.9978 0.0380
vn 0.0225 0.4611 0.8871
vn -0.0043 0.0051 1.0000
vn 1.0000 -0.0016 0.0004
vn 1.0000 -0.0003 0.0003
vn 1.0000 0.0003 -0.0017
vn 0.0002 0.5235 -0.8520
vn 1.0000 0.0010 0.0006
vn 0.1939 0.0257 -0.9807
vn 0.9999 -0.0127 0.0100
vn 0.0119 -0.5330 -0.8460
vn 0.0419 0.5240 0.8507
vn -0.0669 -0.0787 -0.9947
vn 0.9997 -0.0156 -0.0199
vn -0.0288 0.0412 0.9987
vn 0.0032 -0.0055 -1.0000
vn -0.8051 0.0187 -0.5928
vn 0.9999 0.0089 0.0097
vn -0.0016 -1.0000 0.0000
vn -0.8050 0.0182 0.5930
vn 0.9947 -0.0300 -0.0986
vn -0.9983 -0.0416 0.0417
vn -0.3440 -0.0120 -0.9389
vn 0.0201 -0.0405 -0.9990
vn -0.0167 -0.8337 -0.5519
vn -0.0295 0.0121 0.9995
vn -0.8650 -0.0013 -0.5018
vn -0.6050 -0.7942 -0.0571
vn -1.0000 -0.0000 -0.0034
vn -0.8431 -0.0054 0.5377
vn 0.9997 0.0097 -0.0225
vn 0.0001 1.0000 -0.0000
vn -0.0527 -0.0492 0.9974
vn 0.0015 -0.5011 0.8654
vn -0.9997 0.0137 0.0198
vn -0.9389 -0.1899 0.2871
vn -0.9976 -0.0395 -0.0562
vn -0.0633 -0.0444 -0.9970
vn 0.0035 1.0000 -0.0005
vn -0.0191 -0.9998 0.0003
vn -1.0000 -0.0078 0.0000
vn 0.0054 0.0040 -1.0000
vn 0.8395 0.5423 0.0352
vn 1.0000 0.0046 -0.0042
vn 0.0097 0.0131 0.9999
vn -0.8805 -0.4734 -0.0241
vn -0.8691 -0.2658 0.4172
vn -0.7413 0.5982 0.3044
vn -0.0000 0.0247 0.9997
vn -0.0612 -0.0396 -0.9973
vn -0.9971 -0.0420 -0.0637
vn -1.0000 0.0049 0.0041
vn -0.0117 -0.0060 -0.9999
vn -0.0160 -0.0098 -0.9998
vn 0.0454 -0.0165 -0.9988
vn 1.0000 -0.0013 0.0003
vn 1.0000 0.0001 0.0002
vn 0.9516 0.2025 0.2311
vn 0.0013 -0.0080 -1.0000
vn 0.1772 -0.0385 0.9834
vn 0.0022 -1.0000 0.0022
vn 0.5139 -0.0078 0.8578
vn 0.0136 -0.9999 0.0016
vn 0.0017 -1.0000 0.0006
vn 0.0049 0.0056 -1.0000
vn 0.5209 0.8536 0.0010
vn -0.0097 -0.8935 -0.4489
vn 0.0025 -0.0000 1.0000
vn -0.0000 0.0214 -0.9998
vn 0.6570 0.0290 -0.7533
vn -0.0000 -0.0006 -1.0000
vn -0.0002 0.8557 0.5175
vn -0.0002 1.0000 0.0002
vn -0.0012 1.0000 -0.0001
vn 0.9892 0.1197 0.0841
vn 0.0043 1.0000 -0.0002
vn 0.0157 0.9999 0.0005
vn -0.0010 1.0000 -0.0001
vn -0.0442 0.9961 -0.0758
vn -0.0000 -0.0004 -1.0000
vn -0.0470 0.9977 -0.0486
vn 0.0033 0.0024 1.0000
vn 0.9824 -0.0086 -0.1868
vn -1.0000 0.0000 -0.0002
vn -0.0002 0.8515 0.5243
vn -0.0170 0.0018 0.9999
vn -0.8013 0.0197 0.5979
vn 0.9840 -0.0429 -0.1730
vn -0.9999 -0.0101 0.0001
vn -1.0000 -0.0019 0.0001
vn 0.0147 -0.5657 -0.8244
vn -1.0000 0.0032 -0.0022
vn -0.0255 0.8592 0.5110
vn -0.2619 -0.6577 0.7063
vn 0.0081 -0.9999 0.0076
vn 0.9994 0.0343 0.0045
vn 0.0129 0.9867 -0.1623
vn -0.0055 -1.0000 -0.0063
vn -0.0001 0.0001 -1.0000
vn 0.9958 -0.0552 -0.0724
vn -0.9959 -0.0796 -0.0438
vn 0.0045 1.0000 -0.0024
vn -0.9964 -0.0715 -0.0446
vn 0.2625 -0.0200 0.9647
vn -0.4056 0.9051 0.1275
vn 0.0396 0.9987 -0.0317
vn 1.0000 0.0020 -0.0018
vn 1.0000 -0.0001 -0.0041
vn -0.9980 -0.0571 0.0257
vn 0.0005 0.0016 -1.0000
vn -0.0009 0.0005 -1.0000
vn 0.8708 -0.4915 -0.0091
vn 0.4541 -0.8903 0.0340
vn 1.0000 0.0018 -0.0046
vn 0.8374 -0.2582 0.4819
vn -0.5426 0.8400 0.0072
vn 0.2872 0.7167 -0.6355
vn 0.0066 -0.0158 -0.9999
vn -0.9996 0.0226 -0.0166
vn 0.0352 0.9991 0.0246
vn 0.0115 0.0017 0.9999
vn 0.9956 -0.0887 -0.0301
vn 0.0020 0.0037 -1.0000
vn 0.9982 -0.0500 -0.0334
vn -0.0347 -0.0493 0.9982
vn 0.0154 -0.8272 0.5618
vn -1.0000 0.0004 -0.0008
vn -1.0000 -0.0066 0.0020
vn -0.9992 -0.0218 -0.0329
vn 0.0176 -0.5658 -0.8244
vn 0.0000 0.0126 0.9999
vn -1.0000 -0.0000 -0.0089
vn -0.6168 -0.0226 -0.7868
vn -0.9999 0.0010 0.0131
vn 0.0012 1.0000 -0.0020
vn -0.0029 1.0000 -0.0034
vn 0.0009 0.0005 1.0000
vn 1.0000 -0.0013 0.0004
vn 1.0000 0.0005 -0.0019
vn -1.0000 0.0064 0.0042
vn 0.3160 0.5565 -0.7684
vn -0.0040 0.0406 -0.9992
vn -0.9999 -0.0003 0.0120
vn -0.5943 0.0101 -0.8042
vn -0.0128 -0.9999 0.0067
vn 0.5565 0.0122 0.8307
vn -0.0713 -0.0839 -0.9939
vn 1.0000 -0.0001 0.0012
vn 0.0006 1.0000 -0.0000
vn 1.0000 0.0007 0.0005
vn -0.0011 -0.0014 -1.0000
vn 0.0343 0.8880 0.4586
vn -0.0355 -0.0609 -0.9975
vn -0.8329 -0.5527 0.0286
vn 0.9988 -0.0422 0.0232
vn 0.0043 1.0000 -0.0083
vn 0.0304 -0.0526 0.9982
vn -0.0076 1.0000 0.0041
vn 1.0000 -0.0001 0.0007
vn 0.0020 -0.0023 1.0000
vn 0.5323 0.8462 -0.0233
vn -0.0027 1.0000 0.0047
vn 0.0001 -0.0000 1.0000
vn 1.0000 0.0042 -0.0036
vn -0.3393 0.7931 -0.5058
vn 0.0130 -0.6052 -0.7960
vn -0.1593 0.9812 -0.1095
vn -1.0000 -0.0008 -0.0016
vn -0.0013 -0.0023 1.0000
vn -0.0521 0.9977 -0.0438
vn -0.9999 0.0096 -0.0062
vn 0.0000 -0.0038 1.0000
vn -0.9999 0.0115 -0.0110
vn -0.0389 -0.0379 -0.9985
vn 0.0000 0.0061 -1.0000
vn 0.0326 -0.9994 0.0065
vn -1.0000 -0.0046 0.0037
vn -0.1295 -0.7956 -0.5918
vn 0.9997 -0.0040 -0.0230
vn 0.3872 -0.7823 -0.4880
vn -0.0000 0.0119 -0.9999
vn 0.0001 -1.0000 0.0000
vn -0.8852 -0.4642 -0.0309
vn 0.8596 0.5084 -0.0509
vn -0.0501 0.0000 0.9987
vn 0.3085 -0.1678 0.9363
vn 1.0000 0.0014 0.0005
vn -0.0491 -0.0183 -0.9986
vn 1.0000 0.0001 -0.0016
vn 1.0000 -0.0002 0.0043
vn 0.0064 0.0079 0.9999
vn 0.0029 1.0000 -0.0023
vn 0.0152 0.9997 -0.0194
vn 0.0252 0.5083 -0.8608
vn -0.0035 1.0000 0.0000
vn -0.0194 0.9995 0.0250
vn 0.0198 0.9995 0.0253
vn -0.6338 0.5237 0.5692
vn 0.9993 0.0350 -0.0098
vn 0.0715 0.9958 -0.0567
vn 0.0503 -0.0551 0.9972
vn 0.0018 -0.0003 -1.0000
vn 0.9982 -0.0574 0.0161
vn 0.0030 -0.0035 -1.0000
vn 0.8839 -0.4678 -0.0015
vn 0.6218 0.7345 0.2718
vn 0.1832 0.9712 -0.1522
vn 0.0109 0.1440 0.9895
vn 0.9993 -0.0352 -0.0113
vn 0.9796 0.1867 -0.0746
vn 0.0458 0.9978 0.0478
vn 0.0264 0.0470 -0.9985
vn -0.0223 0.8284 -0.5597
vn 0.1018 0.9928 -0.0623
vn 0.0004 -0.0008 1.0000
vn 0.0178 -0.6205 0.7840
vn 0.0330 0.7704 -0.6367
vn 0.0251 0.4568 -0.8892
vn 0.0002 0.0021 -1.0000
vn -0.5996 0.8000 0.0223
vn 0.8794 -0.4751 -0.0308
vn -0.2358 -0.0003 -0.9718
vn 0.4868 -0.8733 0.0176
vn 0.0010 -0.0000 -1.0000
vn -0.0043 0.0000 1.0000
vn -0.0638 0.9967 -0.0506
vn -0.9468 -0.2843 0.1506
vn 0.0260 -0.0145 0.9996
vn 0.0247 -0.4109 0.9113
vn 0.0009 -1.0000 0.0014
vn 0.9994 0.0344 -0.0001
vn 0.8525 -0.0277 -0.5219
vn 0.7558 -0.6538 -0.0362
vn -1.0000 -0.0000 0.0038
vn -1.0000 0.0059 0.0000
vn -0.0448 0.9984 -0.0355
vn -0.0439 -0.0304 0.9986
vn -1.0000 0.0043 -0.0010
vn -0.0002 0.5150 0.8572
vn 0.0000 1.0000 0.0002
vn -0.0026 0.0023 -1.0000
vn 0.0007 -1.0000 0.0044
vn 0.0014 1.0000 0.0061
vn -0.0001 0.0081 1.0000
vn -0.0000 1.0000 -0.0010
vn 0.0091 0.9999 -0.0093
vn 0.0536 -0.0129 -0.9985
vn -1.0000 0.0008 -0.0002
vn 0.0032 -0.0016 1.0000
vn 1.0000 0.0001 0.0005
vn 0.9972 -0.0676 -0.0309
vn 0.0061 -0.0010 1.0000
vn 0.0209 0.0695 -0.9974
vn -0.0020 -1.0000 -0.0041
vn -0.9989 0.0350 -0.0303
vn 0.0173 -0.0068 -0.9998
vn 0.9999 0.0033 -0.0150
vn 0.0004 -1.0000 0.0008
vn -0.9189 -0.0099 0.3944
vn -0.0012 0.0006 1.0000
vn 0.8945 0.0076 -0.4469
vn 0.0406 -0.0002 -0.9992
vn 0.0000 0.0018 -1.0000
vn -0.9944 0.1037 -0.0191
vn 0.0306 -0.4207 -0.9067
vn -0.0403 -0.9992 0.0050
vn -0.0480 0.9985 -0.0275
vn 0.7634 -0.6458 0.0145
vn -1.0000 -0.0011 0.0000
vn -0.9305 -0.3594 0.0712
vn 0.0347 -0.9992 -0.0200
vn 0.4381 -0.8211 0.3659
vn 0.0020 -1.0000 0.0009
vn 0.0149 0.9993 0.0345
vn 0.0000 -1.0000 0.0081
vn 0.9980 -0.0398 -0.0485
vn -0.0405 0.9980 -0.0491
vn -0.0038 0.0239 0.9997
vn 0.8806 0.4738 -0.0011
vn 0.0598 0.9664 0.2501
vn -0.9925 -0.0281 0.1194
vn -0.1016 -0.0864 -0.9911
vn -0.9284 -0.2206 -0.2989
vn 0.8637 0.5037 0.0197
vn -0.8852 0.4613 0.0605
vn 0.0210 0.9998 0.0027
vn 0.0214 -0.3717 0.9281
vn 1.0000 0.0000 -0.0011
vn -0.0279 -0.5704 -0.8209
vn 1.0000 0.0018 0.0006
vn 1.0000 -0.0002 0.0002
vn 0.0000 0.0174 -0.9998
vn 0.7518 -0.6592 -0.0163
vn -0.0165 0.9997 0.0194
vn 1.0000 0.0036 0.0003
vn 1.0000 0.0004 -0.0004
vn 0.0771 -0.0000 0.9970
vn -0.8959 0.4442 0.0000
vn -1.0000 -0.0007 0.0003
vn -0.0730 0.9954 -0.0621
vn -0.9997 0.0258 -0.0004
vn 0.8501 -0.5265 -0.0100
vn -1.0000 -0.0012 0.0001
vn -0.0023 -1.0000 0.0026
vn -0.0071 -1.0000 -0.0003
vn -0.0033 -1.0000 -0.0010
vn -0.4179 -0.8713 -0.2575
vn -0.3231 -0.7826 0.5321
vn -0.9751 -0.2215 0.0087
vn -0.0072 0.0149 0.9999
vn 0.0046 -0.0071 -1.0000
vn 0.0187 -0.8802 -0.4743
vn -0.0299 -0.5005 -0.8652
vn 0.0009 1.0000 0.0009
vn 1.0000 -0.0044 -0.0074
vn 1.0000 -0.0081 -0.0028
vn 0.0244 0.4920 0.8702
vn 1.0000 -0.0046 -0.0001
vn 1.0000 0.0013 -0.0002
vn 1.0000 0.0028 0.0003
vn -0.0908 -0.0114 0.9958
vn 0.9992 -0.0303 0.0258
vn 0.0004 -0.0023 -1.0000
vn 1.0000 -0.0006 -0.0000
vn -0.0650 0.9947 -0.0791
vn 1.0000 0.0001 0.0001
vn -0.8300 -0.0090 0.5577
vn 0.8189 0.0082 -0.5739
vn -1.0000 -0.0033 -0.0001
vn -0.0067 1.0000 -0.0004
vn 0.9936 -0.0671 -0.0905
vn 0.0011 1.0000 -0.0001
vn -0.0131 -0.5055 0.8627
vn -0.0078 -0.8963 0.4433
vn -0.4872 -0.0016 0.8733
vn -0.9986 -0.0486 0.0220
vn -0.5524 0.0091 -0.8335
vn 0.9952 -0.0607 -0.0767
vn 0.9995 0.0319 0.0003
vn 0.0126 -0.0148 0.9998
vn 0.0080 -1.0000 -0.0010
vn -0.0020 -0.9999 0.0126
vn 0.0085 0.0000 1.0000
vn 0.0000 1.0000 -0.0001
vn 0.0002 1.0000 -0.0003
vn 0.0128 0.9999 -0.0009
vn 0.7968 -0.0298 -0.6035
vn -0.2035 0.9436 -0.2612
vn -1.0000 -0.0003 -0.0040
vn -0.5894 -0.0170 -0.8077
vn 0.0005 -1.0000 -0.0004
vn 0.0057 -1.0000 0.0048
vn -1.0000 0.0043 0.0025
vn -0.9983 -0.0456 0.0362
vn 0.7140 -0.6983 -0.0508
vn -0.0624 -0.9295 -0.3636
vn 0.8382 0.0312 -0.5445
vn 0.0053 0.0039 1.0000
vn -0.7230 -0.6897 -0.0390
vn -1.0000 0.0005 0.0008
vn -0.0055 0.0040 -1.0000
vn -0.6688 -0.3507 0.6556
vn -0.0167 -0.9999 0.0001
vn 1.0000 0.0059 0.0007
vn 0.8503 -0.0331 0.5252
vn 0.9999 0.0113 0.0075
vn 1.0000 0.0034 -0.0000
vn 0.0046 0.0009 -1.0000
vn -0.0947 -0.0728 -0.9928
vn 0.0014 -1.0000 0.0061
vn -0.0013 1.0000 -0.0011
vn 0.5171 0.8559 0.0016
vn -0.0022 -0.8385 -0.5448
vn -0.0017 -1.0000 0.0020
vn 0.0017 -0.3156 0.9489
vn -0.0865 0.9941 -0.0650
vn 0.0005 0.0013 1.0000
vn -0.0033 -1.0000 -0.0017
vn -0.0168 -0.9997 0.0193
vn 0.0077 -0.0022 -1.0000
vn -0.0203 0.8646 0.5020
vn -0.0051 -0.0057 -1.0000
vn -0.0219 0.9980 -0.0594
vn -0.0005 0.4546 -0.8907
vn 0.5255 -0.0249 -0.8505
vn 0.2716 0.2880 -0.9183
vn 0.2736 -0.4892 0.8282
vn 0.4872 0.0246 0.8730
vn 0.7291 -0.0221 -0.6841
vn 0.0026 0.0013 -1.0000
vn 0.0631 -0.0455 0.9970
vn 0.1340 0.9909 -0.0110
vn 0.1170 0.9919 0.0487
vn -0.9996 -0.0220 0.0195
vn -0.8857 -0.4633 -0.0300
vn -0.4234 -0.0045 -0.9059
vn 0.0104 -0.9987 -0.0495
vn 0.4967 0.8679 0.0006
vn -0.0012 -0.4798 -0.8774
vn 0.0822 -0.2857 0.9548
vn 0.9696 0.0600 0.2371
vn -0.9184 -0.3956 0.0003
vn -1.0000 -0.0002 0.0001
vn 0.8385 -0.5449 0.0053
vn 0.0216 -0.9978 -0.0632
vn -0.8324 0.5541 0.0000
vn 0.6455 -0.0169 0.7635
vn 0.9999 0.0110 0.0042
vn 0.9189 -0.2403 -0.3129
vn 0.0034 0.0158 -0.9999
vn 0.6047 -0.7960 0.0279
vn -0.0122 -0.4373 0.8992
vn 0.0237 -0.7925 0.6094
vn -0.0001 -0.9997 -0.0234
vn -0.9909 -0.0205 0.1333
vn -0.5666 -0.7601 -0.3181
vn -0.9395 -0.2229 0.2600
vn 0.0173 -0.8245 -0.5656
vn 0.0171 0.8804 0.4739
vn -0.0040 1.0000 -0.0015
vn -0.0024 -0.0035 -1.0000
vn -0.0017 0.0020 -1.0000
vn -0.0058 1.0000 0.0026
vn 0.4812 0.8765 -0.0112
vn 0.0210 -0.6162 0.7873
vn 0.0160 0.5171 -0.8557
vn -0.0001 -1.0000 0.0018
vn 0.0008 -1.0000 0.0069
vn -0.9389 -0.2747 -0.2074
vn -0.0010 0.0001 1.0000
vn 0.0170 -0.9991 0.0394
vn -0.0116 -0.5103 -0.8599
vn -0.0807 -0.1152 -0.9901
vn -0.0050 -0.9999 -0.0141
vn 0.2049 -0.9493 -0.2383
vn 0.0276 -0.9994 0.0226
vn 1.0000 -0.0021 0.0007
vn 0.5804 -0.8143 0.0082
vn -0.4603 -0.0017 0.8878
vn -0.9974 -0.0512 0.0502
vn 0.9982 -0.0285 -0.0525
vn 0.0379 -0.0000 -0.9993
vn 0.0416 -0.9977 -0.0530
vn -0.8312 -0.5559 -0.0118
vn -0.0042 0.0016 1.0000
vn 0.5935 0.0166 0.8047
vn -0.4507 0.8927 -0.0020
vn -0.9988 0.0286 0.0402
vn -0.8832 0.4687 -0.0166
vn -0.4817 0.0054 -0.8763
vn 0.8552 0.5180 0.0181
vn 0.0014 -0.0280 0.9996
vn 0.0008 0.0015 1.0000
vn -0.0222 0.0164 0.9996
vn 0.0208 0.9998 0.0008
vn 0.0017 1.0000 0.0004
vn 0.9977 0.0484 -0.0477
vn 0.4539 0.8909 -0.0172
vn 0.0351 -0.6464 0.7622
vn 0.0002 0.0391 -0.9992
vn 0.9971 -0.0619 -0.0453
vn -0.9984 -0.0411 -0.0398
vn -0.3533 0.9353 -0.0192
vn 0.0403 0.9982 -0.0451
vn 0.0340 -0.6388 0.7686
vn -0.2022 -0.2720 0.9408
vn -0.9348 -0.3551 0.0001
vn -0.9973 0.0666 0.0321
vn 0.0013 -1.0000 -0.0024
vn 1.0000 -0.0001 -0.0034
vn -0.5986 0.0072 -0.8010
vn -0.0875 0.9938 -0.0690
vn 0.0051 0.0006 1.0000
vn -0.0043 -0.0007 1.0000
vn -0.9979 -0.0436 -0.0469
vn 0.0000 -0.0001 1.0000
vn -0.9906 -0.1059 0.0861
vn 0.0041 0.0031 -1.0000
vn 0.0027 0.0010 -1.0000
vn -0.9874 -0.1347 0.0832
vn -0.1560 0.9830 0.0969
vn 0.0309 0.9992 -0.0263
vn 0.0063 -1.0000 0.0004
vn -0.0008 -0.0059 1.0000
vn 0.0018 0.0003 -1.0000
vn -0.0456 -0.0618 -0.9970
vn 1.0000 0.0090 0.0004
vn 1.0000 0.0029 -0.0045
vn 1.0000 -0.0055 0.0004
vn -0.0019 1.0000 -0.0012
vn -0.0020 -0.0112 -0.9999
vn 0.6009 -0.7986 0.0339
vn -0.8584 0.5130 0.0044
vn 0.9985 -0.0049 -0.0539
vn 0.0737 -0.0703 0.9948
vn 0.9982 -0.0231 -0.0545
vn -0.0024 -1.0000 -0.0019
vn 0.0067 -0.0058 -1.0000
vn 0.9998 -0.0029 -0.0177
vn 0.0048 -0.9998 0.0197
vn -0.0037 -0.0062 1.0000
vn 0.0092 -0.9999 0.0095
vn 0.0802 0.9960 0.0387
vn 1.0000 -0.0007 0.0001
vn 1.0000 -0.0025 0.0023
vn 1.0000 -0.0002 -0.0093
vn -0.0052 -0.9999 0.0089
vn 0.0360 0.0296 -0.9989
vn 0.9968 -0.0568 -0.0559
vn 0.0212 0.0661 -0.9976
vn -0.9864 -0.0037 -0.1645
vn -0.9999 -0.0088 0.0074
vn 0.0016 -0.5177 0.8555
vn -0.0888 -0.9933 -0.0734
vn -0.0252 -0.5615 -0.8271
vn 1.0000 0.0057 0.0012
vn 0.9937 0.0362 -0.1060
vn 0.9999 0.0106 0.0009
vn 1.0000 0.0075 -0.0011
vn 1.0000 -0.0058 0.0009
vn -0.0936 0.9946 -0.0447
vn -0.0026 0.0034 -1.0000
vn 0.6050 -0.7959 0.0216
vn -0.0029 0.0008 -1.0000
vn -0.0657 0.9967 -0.0472
vn 0.9982 -0.0502 -0.0334
vn -0.0395 -0.0479 0.9981
vn 0.3570 -0.0252 0.9338
vn -0.0011 -1.0000 0.0009
vn 0.0008 -1.0000 0.0011
vn -0.0012 -0.8477 -0.5304
vn -0.0233 0.8662 0.4992
vn -0.4547 0.8906 -0.0081
vn -0.0021 -0.0302 -0.9995
vn 0.9894 -0.0039 -0.1449
vn 0.5058 -0.8626 0.0071
vn -0.0156 0.8610 -0.5083
vn 0.3614 -0.0352 0.9318
vn -0.0013 -1.0000 0.0009
vn 0.0001 -1.0000 0.0001
vn 1.0000 -0.0051 0.0070
vn 0.0014 -1.0000 -0.0013
vn -0.6352 -0.0365 -0.7715
vn 0.9999 -0.0144 0.0000
vn -0.6311 -0.0251 -0.7753
vn -0.0012 0.0009 -1.0000
vn 1.0000 -0.0011 0.0000
vn 0.9996 0.0012 0.0283
vn 0.0076 -1.0000 -0.0012
vn -0.0246 -0.9994 0.0247
vn 0.0433 -0.9991 -0.0015
vn 0.0053 -1.0000 -0.0065
vn 0.0001 -1.0000 -0.0013
vn 0.0000 1.0000 -0.0017
vn 0.0602 0.9982 0.0033
vn 0.0034 0.2500 0.9682
vn -0.0740 0.0044 0.9973
vn -1.0000 -0.0048 0.0042
vn -1.0000 0.0026 -0.0043
vn -0.5853 0.0158 -0.8107
vn 0.5911 0.0161 0.8064
vn 0.8726 0.0005 0.4884
vn 0.4939 0.8692 0.0246
vn 0.0131 0.0163 0.9998
vn 0.9976 0.0372 -0.0585
vn 0.0021 0.0011 -1.0000
vn -0.2195 0.9755 -0.0168
vn -0.9999 0.0019 -0.0111
vn 0.8986 -0.0177 0.4384
vn 0.0133 0.9993 -0.0346
vn 0.0524 -0.0524 0.9973
vn 0.0249 -0.8753 0.4829
vn -1.0000 -0.0003 0.0003
vn 0.9965 -0.0525 -0.0648
vn 0.0541 -0.9964 -0.0649
vn -0.0199 0.9994 -0.0275
vn 0.0001 0.0412 -0.9991
vn -0.5204 -0.0300 -0.8534
vn 0.4927 -0.0080 0.8701
vn 0.9979 0.0511 0.0404
vn 0.0341 0.9990 0.0287
vn -0.0002 -1.0000 -0.0000
vn 0.0719 0.0127 0.9973
vn -0.7204 -0.2764 -0.6361
vn -0.0710 -0.9971 0.0285
vn 1.0000 0.0027 0.0004
vn 0.0003 0.0018 -1.0000
vn -0.9936 -0.1044 -0.0433
vn 0.9977 0.0489 -0.0477
vn 0.4547 0.8905 -0.0161
vn -0.0000 0.0311 0.9995
vn -0.9995 0.0246 -0.0176
vn 0.0146 -0.4958 0.8683
vn -0.0089 -0.0032 -1.0000
vn 0.8256 -0.5640 -0.0148
vn 0.5468 0.8371 0.0162
vn -0.7987 0.0215 0.6014
vn 0.9970 -0.0139 -0.0764
vn 0.0019 -0.9998 0.0179
vn 0.0057 -0.0039 -1.0000
vn -0.9996 -0.0203 -0.0217
vn -0.6147 0.2786 -0.7379
vn 0.9997 -0.0230 -0.0026
vn 0.0134 -0.9995 0.0282
vn -0.0007 1.0000 -0.0003
vn 0.0071 0.9944 0.1054
vn 0.9987 -0.0006 -0.0507
vn 1.0000 -0.0058 0.0071
vn 0.0000 1.0000 0.0071
vn -0.9978 0.0476 -0.0465
vn 0.8301 -0.0144 -0.5575
vn 0.0353 0.9527 0.3017
vn 0.2603 0.9195 -0.2946
vn 0.0012 0.4471 0.8945
vn 1.0000 0.0012 0.0007
vn 0.9879 0.1246 0.0924
vn 0.9769 0.0340 0.2112
vn 0.8701 0.0385 -0.4914
vn 0.9993 -0.0136 -0.0349
vn 0.2720 0.0087 -0.9622
vn 0.4261 0.0320 0.9041
vn 0.0002 -1.0000 0.0002
vn -0.0004 -1.0000 -0.0004
vn -0.9997 0.0041 -0.0251
vn -1.0000 -0.0003 -0.0006
vn -0.9224 -0.0311 -0.3849
vn -0.0116 -0.6394 -0.7688
vn 0.9999 -0.0107 0.0017
vn 1.0000 0.0000 -0.0001
vn 0.0007 -0.0044 -1.0000
vn 1.0000 0.0014 0.0027
vn 0.0001 0.9992 0.0389
vn -0.4991 0.8661 -0.0290
vn -0.9999 0.0003 -0.0125
vn -0.5332 0.0163 -0.8459
vn -0.0000 0.5219 -0.8530
vn -0.0132 -0.9998 0.0122
vn 1.0000 0.0019 -0.0086
vn 1.0000 0.0016 0.0012
vn 1.0000 0.0006 -0.0051
vn -0.0166 -0.5824 -0.8128
vn 1.0000 -0.0009 -0.0003
vn -0.8325 -0.0069 0.5540
vn 0.0015 0.0013 -1.0000
vn -0.9988 -0.0243 -0.0422
vn -0.3224 0.9465 0.0110
vn 0.0975 -0.9952 -0.0012
vn -1.0000 0.0029 0.0050
vn 0.0073 1.0000 -0.0005
vn 0.9996 -0.0262 -0.0047
vn -0.0643 0.9966 -0.0507
vn 0.0017 0.0340 -0.9994
vn 0.9981 -0.0513 -0.0334
vn -0.2113 -0.8417 -0.4969
vn -0.8988 -0.4374 -0.0298
vn 0.8544 0.5162 -0.0599
vn -0.8393 0.5437 0.0004
vn -0.0520 -0.0365 0.9980
vn 0.9968 -0.0509 -0.0611
vn -0.0021 -0.0004 -1.0000
vn -0.9999 0.0169 0.0008
vn 0.9344 -0.0305 0.3549
vn 0.0002 -1.0000 -0.0017
vn -0.0015 -0.9979 0.0648
vn -1.0000 -0.0026 -0.0012
vn -0.5707 -0.0218 -0.8209
vn -0.2850 0.5545 -0.7818
vn -0.9999 -0.0048 -0.0092
vn 0.9199 -0.3855 0.0720
vn 0.0043 -0.0002 -1.0000
vn 0.7816 -0.6233 0.0253
vn 0.9972 -0.0616 -0.0421
vn 0.0018 -0.0002 -1.0000
vn 1.0000 0.0002 -0.0007
vn 0.9998 -0.0013 0.0191
vn -0.0000 -0.0105 0.9999
vn -0.0497 0.0439 0.9978
vn -0.0016 -0.0024 -1.0000
vn 0.0201 0.0010 0.9998
vn -0.0599 -0.0489 -0.9970
vn -0.0119 0.9998 -0.0145
vn -0.0092 0.3225 0.9465
vn 0.0009 1.0000 -0.0015
vn -0.0058 0.9999 0.0112
vn -0.0146 0.8634 -0.5043
vn -0.0076 -1.0000 -0.0017
vn -0.0016 -0.9999 0.0105
vn 0.0128 0.0000 0.9999
vn 0.0017 0.0221 -0.9998
vn 0.6067 -0.7946 0.0214
vn -0.0019 -1.0000 0.0011
vn 0.4099 -0.7916 -0.4531
vn -0.0040 1.0000 0.0024
vn 0.0309 -0.0475 -0.9984
vn 0.0561 -0.9964 -0.0629
vn -0.0001 0.5220 0.8530
vn -0.0038 -0.8481 -0.5298
vn 0.0006 1.0000 0.0060
vn 0.0001 -0.0002 -1.0000
vn -0.0031 0.9998 -0.0199
vn 0.2359 0.9452 -0.2259
vn 0.0603 -0.9972 -0.0438
vn 0.0069 -1.0000 0.0002
vn -0.0911 -0.9916 -0.0920
vn 0.5674 0.0191 0.8232
vn 1.0000 -0.0035 0.0030
vn -0.0023 -0.9975 -0.0704
vn 1.0000 -0.0013 0.0000
vn -0.1787 -0.0331 -0.9833
vn 0.9998 0.0012 -0.0193
vn -0.4459 -0.0271 0.8947
vn -0.9977 -0.0558 0.0391
vn 0.9999 -0.0112 -0.0116
vn -0.9987 -0.0450 -0.0240
vn 0.0761 -0.0702 0.9946
vn 0.9588 -0.2836 -0.0171
vn -0.9996 0.0285 0.0061
vn -0.1816 -0.0262 -0.9830
vn 0.5959 0.0157 0.8029
vn 0.8638 0.5032 -0.0253
vn -0.0005 0.0035 -1.0000
vn -0.0422 0.8500 -0.5251
vn 0.0382 -0.0559 0.9977
vn 0.0523 -0.9976 0.0444
vn 0.7831 -0.6216 -0.0190
vn -0.9979 -0.0122 0.0637
vn -0.1319 -0.1307 -0.9826
vn -0.9964 -0.0471 0.0701
vn 0.0241 -0.8993 -0.4367
vn -0.5197 -0.0080 -0.8543
vn 0.9984 -0.0306 0.0474
vn 0.9108 0.0806 -0.4049
vn 1.0000 -0.0006 0.0001
vn 1.0000 -0.0005 0.0001
vn -0.0011 0.4536 -0.8912
vn 0.0719 -0.9930 -0.0938
vn -0.9999 0.0131 0.0007
vn -0.9194 -0.3890 -0.0585
vn 0.0142 -0.9992 0.0380
vn 1.0000 -0.0019 -0.0000
vn 0.9999 -0.0136 0.0105
vn 0.5147 -0.8573 -0.0063
vn 0.0989 -0.9913 -0.0870
vn -0.8778 0.0137 0.4788
vn 0.8344 0.0391 -0.5497
vn 0.9739 0.0809 -0.2119
vn -1.0000 0.0003 0.0002
vn -0.7731 -0.6339 0.0235
vn -0.9979 -0.0541 -0.0367
vn 0.0032 0.0000 -1.0000
vn -0.0275 0.9996 -0.0118
vn -0.0013 0.0002 1.0000
vn 1.0000 -0.0029 -0.0079
vn 0.4944 -0.0097 0.8692
vn 0.0028 0.4612 0.8873
vn 0.8552 0.5182 -0.0006
vn 0.0207 0.9998 -0.0000
vn -0.0011 0.0012 1.0000
vn -0.0003 1.0000 0.0000
vn -0.0534 -0.0462 -0.9975
vn -0.0069 1.0000 -0.0051
vn 0.1014 -0.0917 0.9906
vn 0.0058 1.0000 -0.0003
vn 1.0000 0.0009 0.0032
vn 1.0000 -0.0055 0.0018
vn 0.9999 0.0091 -0.0111
vn 1.0000 0.0023 -0.0029
vn 1.0000 -0.0051 0.0048
vn -0.1285 -0.9917 -0.0015
vn -0.0086 -1.0000 -0.0013
vn -0.0324 -0.0418 -0.9986
vn 0.9981 -0.0463 0.0416
vn 0.9371 -0.0027 -0.3492
vn -0.0247 0.0318 0.9992
vn 0.7614 -0.6473 -0.0343
vn 0.1169 0.9929 -0.0224
vn 0.0426 -0.9966 -0.0709
vn -0.4986 -0.0377 -0.8660
vn 0.0265 0.1565 0.9873
vn 0.9991 -0.0360 -0.0240
vn -0.0343 0.9985 -0.0420
vn -1.0000 0.0056 0.0077
vn 0.0174 -0.6105 0.7918
vn 0.0510 0.9975 -0.0499
vn -0.0036 0.8543 -0.5198
vn -0.9994 -0.0311 -0.0136
vn -0.9997 -0.0221 -0.0141
vn -0.8248 0.5466 0.1445
vn -0.0029 -0.0172 0.9998
vn -0.0262 -0.9993 0.0261
vn -0.4606 -0.8867 -0.0394
vn 0.0104 -0.8973 -0.4413
vn -0.0216 -0.3826 -0.9237
vn 0.0019 -0.5201 0.8541
vn -0.8490 -0.5280 0.0191
vn 0.6703 -0.7411 -0.0383
vn -1.0000 0.0007 -0.0052
vn -0.0219 -0.0072 -0.9997
vn 0.0622 -0.0538 0.9966
vn 0.8406 -0.5415 -0.0111
vn 0.7382 -0.3178 0.5950
vn 0.1986 0.0165 -0.9799
vn -0.0236 0.8465 -0.5318
vn -0.0000 0.0001 1.0000
vn 0.9995 -0.0200 -0.0239
vn 0.0038 0.9721 0.2347
vn 0.2632 -0.9232 -0.2800
vn -0.4475 -0.3293 -0.8315
vn -0.9992 0.0300 -0.0260
vn -0.0574 -0.9949 0.0832
vn 0.0121 -0.8508 -0.5254
vn -0.4195 0.9074 0.0253
vn -1.0000 -0.0000 0.0017
vn 0.0006 0.0002 1.0000
vn -0.4158 -0.0158 -0.9093
vn 0.0326 -0.9986 -0.0424
vn 0.8548 0.5181 -0.0285
vn 0.9996 -0.0000 0.0282
vn 0.0322 0.5765 0.8165
vn 0.0003 -1.0000 -0.0003
vn -0.2682 -0.8561 -0.4418
vn 0.0019 0.0028 -1.0000
vn 0.9124 -0.4042 -0.0645
vn -0.0000 0.0276 -0.9996
vn -0.0712 -0.9959 -0.0566
vn -0.0267 0.0000 0.9996
vn -0.9977 0.0677 -0.0034
vn 0.0065 -0.0010 -1.0000
vn 0.0000 0.0010 -1.0000
vn -0.0275 -0.0004 -0.9996
vn 0.0365 0.8884 0.4576
vn -0.9984 -0.0455 -0.0326
vn 0.0036 1.0000 -0.0029
vn 0.0659 -0.0616 0.9959
vn 0.7918 -0.6107 0.0123
vn 0.7855 0.0217 -0.6185
vn 0.0524 -0.5382 0.8412
vn 0.9954 -0.0821 -0.0500
vn 0.0437 -0.9985 -0.0332
vn 0.0002 -0.9980 0.0628
vn 1.0000 0.0001 0.0042
vn 1.0000 0.0046 -0.0006
vn 0.8782 -0.4625 -0.1217
vn 0.0100 -0.9707 -0.2401
vn 0.0352 -0.9960 0.0818
vn 0.0019 -0.1665 -0.9860
vn 0.0557 -0.0507 0.9972
vn 0.0553 -0.9977 0.0389
vn 0.0127 0.0001 0.9999
vn -0.0182 -0.4881 0.8726
vn 0.8197 -0.5727 -0.0152
vn -0.0194 -0.8017 -0.5975
vn 0.0194 0.0182 -0.9996
vn 0.0000 -0.0019 -1.0000
vn 0.0131 0.0000 0.9999
vn -0.0000 -1.0000 -0.0028
vn -0.0023 0.1211 -0.9926
vn 0.0192 0.0000 -0.9998
vn -0.0003 -1.0000 0.0000
vn 0.0000 -1.0000 -0.0079
vn -0.0150 -0.6017 -0.7986
vn 0.0057 -0.0041 1.0000
vn -0.0001 0.0000 -1.0000
vn -0.0389 -0.0550 -0.9977
vn -0.5524 0.0079 -0.8335
vn -0.9968 -0.0573 -0.0564
vn -0.8957 -0.4445 -0.0100
vn 0.5521 0.0252 0.8334
vn 0.7041 -0.0006 0.7101
vn 1.0000 0.0007 0.0007
vn 0.8448 0.5350 0.0141
vn 0.0160 -0.0120 0.9998
vn 1.0000 -0.0038 0.0001
vn 1.0000 0.0009 0.0006
vn 1.0000 -0.0005 -0.0014
vn 0.9998 -0.0150 0.0116
vn 1.0000 -0.0058 0.0039
vn 0.5854 -0.0271 0.8103
vn 0.0078 1.0000 0.0052
vn 0.2571 0.9464 -0.1955
vn 0.0251 0.8569 0.5148
vn 1.0000 0.0000 -0.0006
vn 1.0000 0.0000 0.0033
vn 0.9460 -0.1454 -0.2897
vn 0.0286 0.0331 -0.9990
vn -0.0090 -0.7889 -0.6144
vn 0.9486 -0.2640 0.1744
vn 0.9976 0.0685 -0.0110
vn 0.1544 -0.3857 0.9096
vn -0.0247 -0.8121 -0.5830
vn 0.0234 -0.4932 -0.8696
vn 0.5804 -0.8142 0.0134
vn 0.9982 -0.0495 -0.0353
vn 0.0019 -1.0000 -0.0054
vn -0.7978 0.0220 0.6025
vn -0.0008 1.0000 0.0000
vn 0.5594 0.4522 -0.6947
vn 0.0218 -0.7817 -0.6232
vn 0.0107 -0.0753 0.9971
vn 1.0000 0.0027 0.0061
vn 0.9999 0.0061 -0.0156
vn -0.9974 0.0183 -0.0690
vn -0.6780 -0.3673 -0.6367
vn 0.9998 -0.0145 -0.0143
vn 0.6469 0.2683 -0.7138
vn -0.0013 0.8674 0.4977
vn -0.4087 0.9127 0.0019
vn -0.0411 -0.0333 0.9986
vn -1.0000 0.0006 -0.0015
vn -1.0000 0.0012 0.0050
vn -1.0000 -0.0096 -0.0010
vn -1.0000 -0.0004 -0.0047
vn -0.9929 0.0003 0.1191
vn -0.1018 -0.0244 -0.9945
vn 0.6471 0.0155 0.7623
vn 1.0000 0.0006 -0.0009
vn 0.0488 -0.0003 0.9988
vn 0.0243 -0.5143 0.8573
vn 0.2621 0.8383 -0.4781
vn 0.9655 0.0049 -0.2603
vn 0.9866 0.0164 -0.1624
vn -0.5797 -0.8148 -0.0075
vn -0.0152 -0.8109 -0.5850
vn 0.0164 -0.4354 -0.9001
vn -0.0056 -0.0072 -1.0000
vn 1.0000 -0.0033 0.0000
vn 0.9976 -0.0550 -0.0426
vn 0.0090 0.9996 0.0281
vn -0.0194 0.5077 0.8613
vn 0.0356 0.0294 0.9989
vn -0.5325 0.8459 -0.0308
vn -0.9998 0.0130 -0.0130
vn 0.0104 0.0002 0.9999
vn -0.0204 0.9997 -0.0146
vn -0.0503 -0.0414 0.9979
vn -0.9956 -0.0661 0.0660
vn -0.8985 0.4390 0.0001
vn 0.0004 -1.0000 0.0001
vn 0.0033 -0.9998 0.0205
vn 0.8077 0.3642 -0.4636
vn 0.0155 -0.9999 -0.0006
vn -0.8382 -0.2595 -0.4797
vn -0.8665 -0.4992 -0.0033
vn -0.8248 0.3252 -0.4626
vn -0.0035 -1.0000 -0.0001
vn -0.0378 0.0000 0.9993
vn 0.8973 0.2206 0.3823
vn 1.0000 -0.0022 0.0026
vn 1.0000 0.0006 0.0000
vn -0.4911 0.8709 -0.0160
vn -0.0561 -0.0696 -0.9960
vn 1.0000 -0.0045 0.0040
vn 0.8827 -0.4678 -0.0453
vn 0.0144 -0.0753 0.9971
vn -0.2966 -0.2930 0.9089
vn -0.0066 -0.0027 1.0000
vn -0.1358 -0.2902 0.9473
vn -0.1329 0.7560 -0.6410
vn -0.9990 0.0033 -0.0436
vn 0.0226 -0.9992 -0.0326
vn -0.0002 1.0000 0.0004
vn 0.0411 0.9943 -0.0983
vn 1.0000 0.0022 0.0002
vn 1.0000 -0.0003 -0.0003
vn 0.8227 0.0063 -0.5684
vn -0.0014 0.8531 0.5217
vn -0.0524 0.9966 -0.0638
vn 0.9976 -0.0516 -0.0467
vn 0.8271 -0.5620 0.0038
vn -0.0016 -1.0000 -0.0009
vn 0.0000 -0.8456 0.5338
vn -0.9987 -0.0186 0.0464
vn -1.0000 -0.0037 0.0006
vn -0.8462 -0.5328 -0.0098
vn -0.7328 -0.3222 0.5993
vn 0.9999 -0.0068 -0.0110
vn -0.0040 -0.0000 1.0000
vn -0.8143 -0.0289 0.5797
vn 0.5742 -0.8186 0.0155
vn -0.0399 0.8529 0.5205
vn -0.0750 -0.0638 0.9951
vn -0.0579 -0.0457 -0.9973
vn 0.0455 0.9984 -0.0332
vn 0.2548 -0.9670 -0.0042
vn 0.4207 0.0064 -0.9072
vn 0.0009 -1.0000 -0.0004
vn 0.0469 -0.9987 -0.0211
vn 0.0184 -0.9966 -0.0797
vn -0.0082 -0.4314 -0.9021
vn 0.0061 0.0039 -1.0000
vn -0.0223 -0.0561 -0.9982
vn 0.0000 1.0000 -0.0002
vn 0.2838 -0.0244 0.9586
vn 0.0857 -0.9068 -0.4127
vn -0.0031 0.0019 -1.0000
vn 0.0023 0.0015 -1.0000
vn -0.9989 -0.0085 0.0461
vn -0.0048 -0.9999 0.0091
vn -0.0148 -0.9999 -0.0001
vn 0.8009 0.0223 -0.5984
vn -0.9989 -0.0068 0.0467
vn 1.0000 -0.0018 0.0025
vn 0.9970 -0.0449 -0.0633
vn 0.0563 -0.0362 -0.9978
vn 0.0047 1.0000 -0.0001
vn -0.0017 1.0000 -0.0004
vn 0.9979 -0.0399 0.0520
vn 0.0534 -0.0461 0.9975
vn 0.0318 0.8858 -0.4631
vn 1.0000 0.0001 -0.0000
vn 1.0000 -0.0003 -0.0004
vn -0.1469 -0.0108 0.9891
vn 0.0004 -1.0000 0.0012
vn -0.0059 -1.0000 -0.0001
vn -0.0019 -1.0000 -0.0033
vn 0.6463 0.0130 -0.7629
vn -0.5450 0.8384 -0.0083
vn -0.9976 0.0468 0.0512
vn 0.0002 0.0008 -1.0000
vn 0.8106 -0.5853 0.0189
vn -1.0000 -0.0001 -0.0006
vn 0.0027 0.0035 -1.0000
vn -0.0204 0.9998 0.0000
vn -0.9541 -0.1845 -0.2357
vn -0.5012 0.8653 -0.0024
vn 0.0636 -0.0296 0.9975
vn 0.0312 -0.8062 0.5908
vn -0.9979 0.0343 0.0546
vn 0.9994 -0.0268 -0.0237
vn 0.0483 -0.0220 -0.9986
vn 0.0496 -0.9967 -0.0645
vn -0.8210 0.0295 0.5702
vn -0.9998 -0.0040 0.0189
vn 0.8261 0.0203 -0.5631
vn -0.3756 -0.0088 -0.9267
vn 1.0000 -0.0005 0.0000
vn 0.9995 -0.0199 -0.0254
vn -0.0592 -0.0736 0.9955
vn -0.0139 -0.8463 0.5325
vn -0.8473 -0.5307 -0.0220
vn -0.0222 -0.9997 0.0041
vn -0.0075 -0.0017 1.0000
vn 0.0202 0.9997 -0.0154
vn -0.0825 -0.0716 0.9940
vn 0.9974 -0.0487 -0.0531
vn -0.0017 1.0000 -0.0007
vn 0.8130 0.1487 -0.5629
vn 0.0016 -0.0091 1.0000
vn 1.0000 0.0043 -0.0001
vn -0.0022 -0.0003 1.0000
vn 0.0036 -0.0010 -1.0000
vn 0.9979 -0.0548 0.0347
vn 0.0095 -0.0006 -1.0000
vn -0.0060 -0.0013 -1.0000
vn -0.5820 0.8128 0.0236
vn -0.8894 0.4566 -0.0197
vn -0.0650 0.9976 -0.0255
vn 0.1562 0.9732 0.1688
vn 0.8942 -0.4477 -0.0043
vn 0.8675 -0.2594 0.4244
vn 0.4543 -0.8902 0.0323
vn 0.0000 0.0660 0.9978
vn 0.1118 0.9619 0.2495
vn 0.0078 -1.0000 0.0013
vn -0.8167 -0.5766 0.0207
vn -0.0592 -0.9974 -0.0401
vn -0.9973 -0.0596 -0.0423
vn 0.0010 -0.0036 1.0000
vn 0.0803 0.9935 -0.0806
vn 0.0003 0.0001 1.0000
vn -0.9923 -0.0778 -0.0959
vn 0.9999 0.0023 -0.0156
vn -0.0182 0.8788 -0.4769
vn 1.0000 0.0009 0.0002
vn -0.0819 0.9894 -0.1203
vn 0.7810 -0.6243 0.0173
vn 0.7829 0.0141 -0.6220
vn -0.0000 -1.0000 0.0009
vn 0.0322 -0.0410 0.9986
vn -0.0005 -0.8911 0.4539
vn -0.4527 -0.0359 -0.8909
vn 0.0285 -0.9956 0.0892
vn 0.0069 -0.9999 -0.0093
vn 1.0000 0.0011 -0.0028
vn 1.0000 -0.0028 0.0012
vn 0.9995 0.0011 0.0311
vn 0.9047 -0.4261 -0.0021
vn -0.0140 -0.9988 0.0461
vn -0.0208 -0.6101 -0.7921
vn 0.9422 -0.2666 0.2030
vn 0.2475 -0.9549 -0.1643
vn 0.0145 -0.0007 0.9999
vn -0.4259 -0.0343 -0.9041
vn 0.0195 -0.9990 0.0397
vn 0.9944 -0.0184 -0.1040
vn 0.7879 -0.6157 0.0034
vn -0.0415 -0.9978 0.0516
vn 0.0178 -0.9997 -0.0164
vn 0.0109 -0.8481 -0.5297
vn -0.0011 -0.9999 0.0111
vn -0.0147 -0.9999 -0.0002
vn -0.0018 -1.0000 0.0022
vn 0.0365 0.9984 0.0434
vn 0.5207 -0.7699 -0.3689
vn 0.5209 0.7744 -0.3592
vn -0.9999 0.0139 -0.0036
vn -0.9929 0.0932 -0.0743
vn -0.5170 -0.3802 -0.7670
vn -0.2884 0.9575 0.0045
vn -0.9999 0.0114 0.0105
vn -0.0007 0.0002 1.0000
vn 0.0221 0.9998 0.0000
vn -0.0012 0.0010 1.0000
vn -0.9945 -0.0818 0.0655
vn 0.0004 0.0002 -1.0000
vn -0.0002 0.0003 -1.0000
vn 0.8825 0.4697 -0.0219
vn -0.0143 0.1511 0.9884
vn -0.2036 0.9466 0.2502
vn -1.0000 -0.0002 0.0019
vn -1.0000 0.0003 -0.0005
vn -0.0179 0.8395 -0.5430
vn -0.0445 -0.0374 -0.9983
vn 0.0638 0.9950 0.0763
vn 0.4691 0.1171 -0.8753
vn 0.0062 -0.0208 0.9998
vn 1.0000 0.0005 -0.0006
vn 0.0002 1.0000 0.0037
vn 0.0002 0.0002 -1.0000
vn -0.0037 0.0037 -1.0000
vn -0.0081 -0.0012 -1.0000
vn -0.5831 0.8119 0.0293
vn -0.8703 0.4921 -0.0199
vn 0.7839 -0.6204 0.0260
vn 0.9976 -0.0565 -0.0393
vn -0.0003 -0.0009 1.0000
vn -0.0001 -0.0001 1.0000
vn -0.0003 -0.0026 1.0000
vn 0.0568 -0.9974 -0.0453
vn -0.0007 -1.0000 0.0086
vn -1.0000 0.0016 0.0000
vn 0.0055 -1.0000 -0.0000
vn 0.0202 -0.1818 0.9831
vn -0.0009 -1.0000 -0.0007
vn 0.0007 -1.0000 -0.0003
vn -0.0068 -1.0000 0.0030
vn -0.0003 -1.0000 -0.0003
vn 0.0015 -1.0000 -0.0018
vn 0.0002 -0.9999 0.0123
vn 0.0014 0.0000 -1.0000
vn -0.0024 -0.9905 0.1377
vn -0.0082 -0.0112 -0.9999
vn 0.0000 0.0043 -1.0000
vn 0.0270 0.4847 0.8742
vn -0.0052 -0.0027 1.0000
vn -0.0069 0.9822 -0.1877
vn 0.9989 -0.0259 -0.0384
vn -1.0000 0.0001 0.0001
vn 0.2726 0.9482 -0.1631
vn 0.9995 0.0209 -0.0224
vn 0.8686 0.4329 0.2412
vn 1.0000 0.0016 -0.0013
vn 0.0031 -0.0042 1.0000
vn 0.7949 -0.6061 0.0264
vn 0.0000 0.0009 1.0000
vn 0.9945 -0.0797 -0.0675
vn -1.0000 -0.0006 0.0002
vn -1.0000 -0.0048 0.0000
vn -1.0000 -0.0037 -0.0001
vn -1.0000 -0.0002 -0.0002
vn 0.0481 -0.1132 0.9924
vn 0.0153 -0.4746 0.8801
vn -0.0010 -0.0005 -1.0000
vn 0.0271 0.9992 0.0277
vn -0.4937 -0.0205 -0.8694
vn 1.0000 -0.0012 0.0009
vn -0.7745 -0.6315 0.0356
vn 0.0010 0.0014 -1.0000
vn -0.0389 -0.9973 -0.0624
vn 0.0011 0.0005 1.0000
vn 0.8640 0.5033 -0.0167
vn -0.0002 -0.0012 1.0000
vn -0.0000 -0.0002 1.0000
vn -0.0098 -1.0000 -0.0005
vn -0.8377 -0.5425 0.0632
vn 0.8303 -0.0220 0.5569
vn -0.0300 -0.0611 -0.9977
vn 1.0000 -0.0048 -0.0048
vn 0.9492 -0.0151 -0.3144
vn -0.0479 -0.0704 0.9964
vn 0.2178 -0.9480 -0.2320
vn -0.0002 -1.0000 -0.0002
vn 0.8370 -0.5463 -0.0307
vn 0.9991 0.0284 0.0310
vn 0.0246 0.4703 0.8822
vn 0.0020 0.0011 1.0000
vn 1.0000 0.0016 -0.0004
vn 1.0000 -0.0002 0.0045
vn -0.0486 0.9960 -0.0743
vn 0.0358 0.0766 -0.9964
vn 0.0003 -0.0003 -1.0000
vn 0.0076 -0.3505 -0.9365
vn 0.0251 0.8565 0.5156
vn 1.0000 0.0025 0.0028
vn 1.0000 -0.0029 -0.0025
vn -0.0037 0.9982 0.0595
vn 0.0003 1.0000 0.0023
vn 0.0169 0.9998 -0.0129
vn -0.0479 -0.0403 0.9980
vn -0.9972 -0.0458 0.0598
vn -0.9999 0.0144 -0.0002
vn -1.0000 -0.0017 -0.0004
vn 0.0262 -0.6280 0.7778
vn 0.9909 -0.1345 -0.0101
vn 0.0000 1.0000 -0.0013
vn -0.8191 -0.5725 0.0364
vn 0.0244 -0.9997 0.0041
vn -0.9975 -0.0128 0.0700
vn 0.9994 0.0114 -0.0314
vn 0.0099 1.0000 -0.0003
vn -0.0007 0.0001 -1.0000
vn -0.0593 -0.0205 -0.9980
vn -0.9997 0.0004 0.0238
vn 0.0219 0.0478 -0.9986
vn 0.0009 -1.0000 0.0017
vn 0.0183 -0.0001 0.9998
vn -0.9196 -0.3121 0.2385
vn -0.2293 -0.9565 -0.1804
vn -0.0001 -0.0003 -1.0000
vn 0.0002 -0.0000 -1.0000
vn -0.6050 0.7959 0.0198
vn 0.0006 1.0000 0.0005
vn -0.4770 0.0002 0.8789
vn -0.9986 -0.0208 0.0494
vn 0.0017 0.0000 1.0000
vn -0.0003 -1.0000 -0.0007
vn -0.2642 -0.8577 -0.4411
vn 0.9511 -0.2988 -0.0779
vn -0.0264 -0.9994 -0.0210
vn -0.8897 -0.4561 -0.0211
vn -0.8769 -0.2547 0.4077
vn 1.0000 0.0001 -0.0006
vn 0.9721 -0.1644 -0.1670
vn 0.9977 0.0634 0.0230
vn -0.0148 0.0000 0.9999
vn -0.8592 0.4380 0.2646
vn 0.0089 -0.4018 -0.9157
vn -0.0426 0.9988 -0.0256
vn 0.7660 -0.6427 0.0134
vn 0.0010 -0.8237 0.5670
vn 0.9984 -0.0527 -0.0201
vn -0.6147 -0.0215 -0.7885
vn -0.0001 -0.8643 0.5031
vn -0.0336 0.9968 -0.0728
vn 0.0000 0.0327 -0.9995
vn 0.4871 0.8730 0.0247
vn -0.0063 -0.9999 -0.0090
vn -0.0001 0.9998 0.0183
vn -0.0243 -0.0528 0.9983
vn -0.0031 -0.4455 0.8953
vn -0.0048 -0.8966 0.4428
vn -0.0013 -0.0000 -1.0000
vn 0.0001 0.0001 -1.0000
vn -0.0018 1.0000 -0.0004
vn 0.0058 1.0000 0.0058
vn 0.4713 -0.8818 -0.0165
vn 0.0026 0.0061 1.0000
vn 0.0311 -0.7750 -0.6312
vn 0.0325 -0.6306 -0.7754
vn -0.0051 0.4669 0.8843
vn -0.0277 0.9993 -0.0248
vn 0.0016 -1.0000 0.0010
vn -0.0013 0.9999 -0.0117
vn -0.0334 -0.0687 0.9971
vn -0.0005 -0.0047 -1.0000
vn 0.0007 -0.0014 -1.0000
vn -0.0028 1.0000 0.0003
vn 0.0037 -1.0000 -0.0033
vn 0.0036 -1.0000 -0.0044
vn -0.0043 0.0000 -1.0000
vn -1.0000 0.0030 0.0011
vn -1.0000 0.0024 -0.0002
vn -0.9183 -0.0730 -0.3891
vn -0.0002 0.0004 -1.0000
vn -0.0232 0.0228 -0.9995
vn 0.8222 -0.5689 0.0202
vn 0.9994 -0.0159 -0.0304
vn 0.1522 -0.0089 0.9883
vn -0.0015 -1.0000 0.0033
vn 1.0000 0.0039 -0.0050
vn 0.0199 0.9997 0.0164
vn 0.3131 0.7286 -0.6092
vn 0.0292 0.9907 -0.1325
vn -0.0006 -0.0022 -1.0000
vn -0.0060 0.8077 -0.5896
vn -0.9981 -0.0515 0.0351
vn 0.8703 0.4922 -0.0193
vn 0.0000 0.0093 1.0000
vn 0.0001 -0.0019 1.0000
vn -0.0055 -0.0074 -1.0000
vn -0.5614 -0.0263 -0.8272
vn -0.9999 0.0000 -0.0161
vn -0.0011 1.0000 -0.0014
vn 0.9956 -0.0570 0.0741
vn -0.0052 1.0000 -0.0067
vn 0.0288 0.8857 -0.4633
vn 0.9999 0.0023 0.0133
vn 1.0000 -0.0026 -0.0000
vn 1.0000 0.0008 -0.0000
vn -0.0431 -0.0457 -0.9980
vn 0.9990 -0.0344 0.0285
vn 0.9507 -0.0284 -0.3087
vn 0.8898 -0.4562 -0.0145
vn 0.4075 -0.9132 0.0043
vn -0.0002 -0.9995 -0.0330
vn -0.0225 -0.8858 -0.4634
vn 0.0338 -0.5079 -0.8607
vn 0.4348 -0.8698 -0.2333
vn 0.4335 -0.8947 0.1079
vn -0.9764 -0.1395 -0.1646
vn -0.4168 -0.7896 0.4503
vn -0.2337 -0.2944 -0.9267
vn -0.4470 0.8938 0.0359
vn 0.9960 -0.0632 -0.0633
vn 0.0408 -0.9972 -0.0625
vn -0.8147 0.0213 0.5795
vn -0.9981 -0.0409 0.0463
vn -0.5867 -0.0153 -0.8097
vn 0.9979 -0.0437 0.0470
vn 0.8462 -0.5327 -0.0094
vn 0.0549 -0.9977 0.0391
vn 0.0457 0.9972 -0.0588
vn 0.0170 0.5171 -0.8558
vn -0.0496 -0.9987 0.0142
vn -0.0258 -0.9996 -0.0097
vn -0.3110 -0.2412 -0.9193
vn 0.9980 -0.0289 -0.0568
vn 0.0471 -0.9977 -0.0480
vn 0.0000 -0.0031 -1.0000
vn 0.0047 -1.0000 0.0052
vn -0.0046 -1.0000 0.0010
vn -0.0020 -1.0000 0.0009
vn 0.0037 0.0031 1.0000
vn -0.1864 -0.8304 -0.5251
vn 0.4093 -0.7886 -0.4590
vn -0.8870 -0.4615 -0.0168
vn 0.8666 0.4980 -0.0308
vn 0.2779 -0.1384 0.9506
vn -0.0159 0.9997 0.0178
vn -0.0276 0.8941 -0.4470
vn -0.0238 0.4471 -0.8942
vn -0.0014 0.8556 0.5176
vn -0.0533 0.9965 -0.0650
vn 0.4584 0.8887 -0.0008
vn 0.0248 0.8642 0.5026
vn 0.0520 0.0487 0.9975
vn 0.0006 -1.0000 0.0007
vn -0.3292 0.7975 -0.5056
vn -0.0363 0.9992 -0.0153
vn -0.0257 -0.9997 0.0051
vn -0.0275 -0.2892 -0.9569
vn -1.0000 0.0001 -0.0008
vn -1.0000 -0.0014 0.0004
vn -0.8950 -0.0073 0.4460
vn -0.7469 0.6649 0.0123
vn -0.0013 1.0000 0.0059
vn -0.5875 -0.0178 -0.8090
vn -0.9999 0.0116 -0.0100
vn -0.9990 0.0043 0.0443
vn 0.0002 1.0000 0.0003
vn -0.0264 -0.0424 0.9987
vn -1.0000 0.0009 -0.0007
vn -0.9998 -0.0186 -0.0067
vn -0.0002 0.4944 -0.8693
vn -0.5776 0.0062 -0.8163
vn 0.0141 0.4609 0.8873
vn 0.8966 0.4429 0.0045
vn 0.4455 0.8953 0.0036
vn -0.0567 -0.9982 -0.0199
vn 0.0170 0.0039 0.9998
vn 0.0015 0.0039 1.0000
vn -0.0062 0.0015 1.0000
vn -0.2591 -0.8346 -0.4860
vn 0.1590 -0.8703 -0.4661
vn 0.8006 0.0222 -0.5988
vn -0.0064 -0.0097 -0.9999
vn -0.0344 -0.0612 -0.9975
vn -0.9984 -0.0432 -0.0354
vn 0.0026 -0.4634 0.8862
vn -0.0557 0.9779 0.2016
vn 0.8973 -0.4407 -0.0243
vn 0.2241 -0.9626 0.1523
vn 0.0093 0.0490 0.9988
vn 1.0000 0.0009 0.0008
vn 0.9996 0.0267 -0.0002
vn 1.0000 -0.0050 -0.0008
vn 0.8769 0.0825 0.4735
vn -0.0163 -0.9997 0.0197
vn -0.8295 -0.5583 -0.0141
vn -0.0186 -0.6020 -0.7983
vn 0.7977 -0.6027 0.0225
vn 0.9983 -0.0379 -0.0446
vn -0.0506 0.9967 -0.0642
vn -0.5317 0.0155 -0.8468
vn -0.9994 0.0250 -0.0251
vn 0.4911 -0.0058 0.8711
vn 0.0012 0.4624 0.8867
vn 0.8709 0.4914 0.0034
vn -0.0009 0.4692 0.8831
vn -0.8558 0.5173 -0.0061
vn -0.9981 0.0339 0.0517
vn 0.0004 -1.0000 -0.0000
vn -0.9909 -0.0262 0.1323
vn -0.5486 -0.7684 -0.3296
vn -0.9518 -0.1937 0.2377
vn -0.0000 0.0285 0.9996
vn 0.0173 -0.8247 -0.5653
vn -0.0418 -0.0345 -0.9985
vn -0.0471 0.8478 -0.5282
vn 0.0461 -0.0598 0.9971
vn -0.0163 0.7955 0.6058
vn 0.0000 0.0226 0.9997
vn 0.0252 0.9997 -0.0026
vn -0.0779 -0.0744 0.9942
vn 0.9997 -0.0137 -0.0179
vn 0.9977 -0.0364 -0.0563
vn 0.6291 0.0134 0.7772
vn -0.0141 0.9998 0.0148
vn -0.5648 0.4633 -0.6830
vn 0.9999 -0.0091 0.0078
vn -0.0244 -0.9996 -0.0137
vn 1.0000 0.0090 0.0036
vn 0.5104 0.0028 0.8599
vn 0.0012 0.4984 0.8669
vn 0.5123 0.8588 -0.0007
vn 0.9987 0.0166 0.0482
vn 0.9998 0.0216 -0.0033
vn -0.0007 0.0012 1.0000
vn -0.5063 0.8624 0.0050
vn -0.9603 0.2367 0.1479
vn 0.9998 0.0185 -0.0026
vn 0.0241 -0.0097 0.9997
vn 0.5312 -0.8473 0.0062
vn 0.0884 -0.9930 -0.0788
vn -0.0694 0.1062 0.9919
vn 0.0156 0.9993 -0.0330
vn 1.0000 0.0072 0.0012
vn 0.0377 -0.0262 -0.9989
vn -0.0267 0.0268 0.9993
vn 0.0413 -0.0650 0.9970
vn 0.0651 0.9960 -0.0611
vn 0.0142 0.8463 -0.5326
vn 0.0528 -0.9975 0.0468
vn 0.0096 0.9999 0.0112
vn 0.8950 -0.4456 -0.0183
vn 0.1808 -0.9712 0.1550
vn 0.0032 1.0000 0.0047
vn 0.0195 0.1201 0.9926
vn 0.0228 0.0128 0.9997
vn -0.9998 -0.0203 0.0091
vn 0.9997 -0.0011 0.0251
vn -1.0000 0.0021 -0.0009
vn -0.0523 -0.5264 0.8486
vn 0.0012 -0.0012 -1.0000
vn -0.0175 -0.0039 -0.9998
vn -1.0000 0.0007 0.0004
vn -0.1671 -0.8680 -0.4677
vn 0.2628 -0.8317 -0.4891
vn 0.0568 -0.9971 -0.0505
vn 0.0022 -0.9994 0.0332
vn -0.8722 -0.0142 0.4890
vn -0.8851 -0.4653 0.0099
vn -0.9979 -0.0497 -0.0409
vn -0.9433 -0.0155 0.3316
vn 0.0278 -0.0372 0.9989
vn -0.0256 -0.5343 0.8449
vn -1.0000 0.0023 -0.0001
vn -0.0519 -0.0519 0.9973
vn 0.0039 -0.5222 0.8528
vn 0.0128 -0.9998 0.0120
vn -0.9986 -0.0495 0.0211
vn 0.0204 0.9998 -0.0016
vn 0.8747 0.4847 0.0013
vn 1.0000 0.0004 -0.0003
vn 0.0066 0.9999 -0.0144
vn -0.0298 0.7556 -0.6544
vn 0.0224 0.8812 0.4722
vn -0.0458 -0.0551 -0.9974
vn 1.0000 -0.0031 0.0003
vn 1.0000 0.0000 -0.0004
vn 1.0000 -0.0009 0.0003
vn 1.0000 -0.0002 0.0001
vn 0.0000 1.0000 0.0057
vn -0.0098 0.0121 -0.9999
vn 1.0000 -0.0050 0.0005
vn -0.0012 -0.5616 -0.8274
vn 1.0000 0.0001 -0.0064
vn -0.0001 0.0206 -0.9998
vn 0.0050 -1.0000 0.0000
vn 0.0002 -1.0000 -0.0012
vn -0.0102 -0.5617 -0.8273
vn -0.0260 -0.5973 -0.8016
vn 0.0699 0.9899 -0.1235
vn 0.9999 0.0102 -0.0009
vn -0.0006 -0.0001 1.0000
vn 0.0595 -0.0003 0.9982
vn 0.1140 0.9907 -0.0740
vn -1.0000 -0.0000 0.0004
vn 0.8013 -0.5981 0.0153
vn 0.7907 0.0205 -0.6119
vn 0.0000 0.0008 1.0000
vn -0.9999 0.0114 -0.0017
vn -0.1840 -0.2857 0.9405
vn 0.0404 -0.9990 -0.0173
vn 0.0706 -0.9923 -0.1013
vn -0.0206 0.9996 0.0176
vn -0.8983 0.1754 0.4028
vn 0.9980 -0.0244 0.0580
vn 0.0707 -0.0156 0.9974
vn 0.9984 -0.0426 -0.0380
vn 0.0074 0.0008 -1.0000
vn 1.0000 0.0000 0.0002
vn -0.9916 -0.1109 0.0658
vn 0.0059 -0.0001 -1.0000
vn -0.0109 -0.9999 -0.0055
vn -0.8133 -0.5818 -0.0082
vn 0.0508 0.9974 -0.0516
vn 0.0031 0.8546 -0.5193
vn -0.8222 0.0146 0.5691
vn -1.0000 0.0024 0.0000
vn -1.0000 -0.0071 -0.0008
vn -1.0000 0.0007 0.0090
vn 0.0701 -0.0371 0.9969
vn -0.9999 -0.0102 -0.0105
vn 0.0053 1.0000 -0.0045
vn 0.9984 0.0274 -0.0490
vn -1.0000 0.0025 0.0000
vn 0.0073 1.0000 0.0006
vn 0.0855 -0.0706 -0.9938
vn -0.9978 -0.0396 0.0534
vn -0.0016 1.0000 -0.0002
vn -0.8286 0.0076 -0.5597
vn -0.0025 -1.0000 0.0017
vn -0.0003 -1.0000 -0.0006
vn 0.8531 -0.0255 0.5211
vn 0.5548 0.0301 0.8314
vn -0.0001 -1.0000 0.0011
vn 1.0000 0.0000 -0.0014
vn -0.0046 -1.0000 -0.0001
vn -0.0051 -1.0000 -0.0009
vn 0.0029 -1.0000 0.0031
vn 0.0000 -1.0000 -0.0002
vn -0.0046 -1.0000 0.0006
vn 0.9998 -0.0134 -0.0158
vn -1.0000 0.0026 0.0036
vn 0.0107 0.0542 -0.9985
vn -0.9907 -0.0019 -0.1363
vn -0.9997 0.0243 0.0090
vn -0.0046 0.0051 1.0000
vn 0.9918 -0.0659 -0.1098
vn 0.0012 1.0000 -0.0004
vn 0.0003 1.0000 -0.0003
vn 0.0087 0.0103 -0.9999
vn 0.2088 0.9383 -0.2757
vn 0.8699 0.4933 0.0017
vn 1.0000 -0.0002 -0.0002
vn 0.0001 -0.0001 1.0000
vn -0.0065 -0.9984 0.0559
vn -0.8377 0.0094 -0.5460
vn -0.0075 0.0043 1.0000
vn -0.0065 -0.8487 -0.5288
vn 1.0000 -0.0001 -0.0016
vn 0.9989 -0.0181 -0.0438
vn 0.9996 0.0263 0.0027
vn -0.9999 0.0010 -0.0125
vn -0.0001 0.9934 -0.1151
vn -0.9997 -0.0135 -0.0186
vn 1.0000 0.0009 -0.0009
vn 0.9394 -0.2186 -0.2641
vn -0.0013 0.8702 0.4927
vn -0.8142 0.5787 0.0463
vn 0.0176 -0.9995 0.0250
vn -0.0454 0.9974 -0.0553
vn 0.0657 -0.0697 0.9954
vn -0.8310 0.5563 -0.0009
vn -0.0006 -1.0000 -0.0012
vn 0.9929 -0.0748 -0.0920
vn -0.9467 0.0088 0.3221
vn -0.0158 0.0547 -0.9984
vn -0.8294 0.0185 0.5583
vn 0.8535 -0.0010 0.5211
vn -0.0179 -0.0043 0.9998
vn -0.0311 0.9992 -0.0265
vn -0.0427 -0.0367 0.9984
vn -0.5304 0.8474 0.0242
vn 0.0013 0.0298 -0.9996
vn -0.9982 -0.0382 -0.0465
vn -0.3428 0.9393 -0.0129
vn 0.0397 0.9981 -0.0481
vn -0.0554 0.9973 -0.0472
vn -1.0000 0.0037 0.0000
vn 0.0019 -0.0003 -1.0000
vn 0.0087 -0.0004 -1.0000
vn 0.8821 0.4706 -0.0230
vn -0.0096 0.0033 0.9999
vn -0.8884 -0.4587 -0.0172
vn -0.8615 -0.2596 0.4363
vn -0.0000 0.0034 1.0000
vn 0.0021 -0.0080 1.0000
vn 0.0031 0.0024 1.0000
vn -0.0069 -1.0000 -0.0003
vn -0.0272 -0.0649 0.9975
vn -0.0004 -0.0001 -1.0000
vn -0.0005 0.0004 -1.0000
vn 0.0703 0.9960 -0.0559
vn 0.0491 -0.0558 0.9972
vn 0.0041 -0.0051 -1.0000
vn 0.6458 -0.7634 0.0127
vn -0.0022 0.0009 -1.0000
vn -0.0048 1.0000 -0.0041
vn 0.0197 -0.0521 0.9984
vn -0.0540 -0.9978 0.0397
vn 0.5406 -0.8410 -0.0202
vn -0.0005 -1.0000 0.0005
vn -0.0157 0.8597 -0.5105
vn -0.0531 0.0463 -0.9975
vn 0.0315 0.9991 0.0291
vn 0.0214 0.7835 -0.6211
vn -1.0000 0.0015 -0.0002
vn -0.0015 0.0047 1.0000
vn 0.0964 0.9926 -0.0737
vn -0.0230 -0.0180 0.9996
vn 1.0000 0.0000 0.0020
vn 0.9983 -0.0439 -0.0371
vn -0.9988 -0.0025 -0.0485
vn 0.2082 0.4254 -0.8807
vn -0.9990 0.0449 0.0039
vn 0.0019 1.0000 -0.0008
vn 0.9990 0.0380 -0.0240
vn 0.0047 0.9991 0.0427
vn 0.9999 0.0000 0.0108
vn 1.0000 0.0011 0.0011
vn 0.0004 -0.0001 -1.0000
vn -0.6063 0.7950 0.0198
vn 0.7876 -0.6156 0.0262
vn 0.0014 -1.0000 0.0000
vn -0.9888 -0.1098 0.1015
vn 0.0009 -1.0000 0.0008
vn 0.0608 -0.9977 -0.0284
vn 0.0018 -1.0000 -0.0007
vn 0.2470 -0.9537 -0.1713
vn 0.8515 -0.5243 -0.0023
vn 0.0010 -0.0006 1.0000
vn -0.9983 -0.0545 0.0197
vn 0.0021 -0.0026 -1.0000
vn -0.0003 0.0000 -1.0000
vn -0.8380 -0.5456 -0.0063
vn -0.8267 0.0145 0.5625
vn -0.9985 -0.0488 0.0251
vn -0.9922 0.1076 -0.0637
vn -0.9998 -0.0127 0.0154
vn 0.0475 0.0309 0.9984
vn 0.9997 0.0208 -0.0095
vn -0.0211 0.9995 -0.0232
vn 0.0181 0.5171 -0.8557
vn 0.0003 1.0000 0.0008
vn -0.0015 1.0000 0.0000
vn 0.0004 1.0000 0.0003
vn -0.9367 -0.0209 0.3496
vn 0.8886 0.4584 -0.0145
vn 0.9987 0.0329 0.0398
vn 0.8720 -0.0091 -0.4895
vn 0.0447 0.9973 -0.0577
vn -0.9998 -0.0172 0.0030
vn -0.4190 0.1807 -0.8898
vn -1.0000 0.0005 -0.0006
vn 0.0003 0.0002 1.0000
vn -0.0311 0.9986 -0.0428
vn 0.0902 0.8435 0.5296
vn 0.6036 0.0330 0.7966
vn -0.8120 -0.0149 0.5834
vn -0.9955 -0.0611 0.0719
vn 0.9911 -0.0847 -0.1031
vn 0.0007 1.0000 -0.0001
vn 0.0144 0.0025 -0.9999
vn -0.0002 1.0000 -0.0002
vn 0.9975 -0.0580 0.0411
vn -0.0011 1.0000 0.0039
vn -0.0034 1.0000 -0.0001
vn 0.0656 -0.0284 -0.9974
vn 0.8156 0.0316 -0.5778
vn -0.0002 -1.0000 -0.0027
vn -0.0046 -1.0000 -0.0073
vn -0.0009 -1.0000 0.0003
vn 0.9939 -0.0883 0.0655
vn -0.0063 0.8741 0.4857
vn 0.8033 -0.5955 -0.0127
vn 0.0077 -1.0000 -0.0024
vn 1.0000 -0.0011 -0.0013
vn 0.8805 0.4735 -0.0242
vn 0.7501 0.0285 0.6607
vn 0.0181 -0.0398 0.9990
vn 0.9978 -0.0509 -0.0432
vn 0.0546 -0.9977 -0.0396
vn 1.0000 0.0007 -0.0018
vn 0.0003 0.0011 1.0000
vn -0.0019 -0.0028 1.0000
vn -0.0014 -0.0001 1.0000
vn -0.0018 -0.0004 1.0000
vn 0.0076 1.0000 0.0062
vn -0.0001 0.0017 1.0000
vn 1.0000 0.0010 0.0030
vn 0.9999 -0.0001 0.0169
vn 1.0000 0.0001 -0.0003
vn 1.0000 0.0009 -0.0010
vn 1.0000 0.0032 0.0004
vn 0.5980 0.0183 -0.8013
vn -1.0000 0.0013 -0.0057
vn -0.6023 0.0185 -0.7981
vn -0.0028 -0.0006 -1.0000
vn -0.0111 0.9999 -0.0095
vn -0.0565 -0.0480 0.9972
vn -0.5311 0.8462 0.0434
vn -1.0000 0.0000 0.0026
vn 0.8424 -0.5389 -0.0059
vn 0.0468 -0.0437 -0.9979
vn 0.0582 -0.9968 -0.0549
vn -0.9980 -0.0409 0.0475
vn 0.0007 0.0011 -1.0000
vn -0.0686 0.9946 -0.0774
vn -0.0956 0.9927 -0.0734
vn 0.0249 -0.0197 0.9995
vn -0.0029 0.0041 1.0000
vn 0.0016 -0.0016 1.0000
vn -1.0000 0.0062 -0.0069
vn 0.0413 -0.0516 -0.9978
vn 0.0504 -0.9981 -0.0340
vn 0.0006 0.0038 -1.0000
vn -0.3820 -0.3126 -0.8697
vn -0.8552 -0.0125 -0.5181
vn -0.0085 -0.5510 0.8345
vn -0.0292 0.8354 -0.5489
vn 0.0003 -0.0002 -1.0000
vn -0.5059 0.6920 0.5149
vn -0.5996 0.0193 -0.8001
vn -0.0092 0.9999 0.0064
vn -0.9986 -0.0524 0.0050
vn -0.8115 -0.5843 -0.0076
vn 0.0034 -0.0005 1.0000
vn -1.0000 0.0015 -0.0015
vn 0.0362 -0.0525 -0.9980
vn 0.0478 -0.9974 -0.0531
vn 0.9992 0.0331 -0.0238
vn -0.0048 0.8434 -0.5372
vn -0.0602 0.9973 -0.0413
vn -0.0000 0.9999 0.0158
vn -0.0816 -0.0718 0.9941
vn -0.0003 1.0000 -0.0017
vn -1.0000 0.0001 -0.0001
vn -1.0000 0.0008 0.0008
vn -0.0011 0.9997 0.0263
vn 0.0322 -0.1771 0.9837
vn -0.0005 0.5403 0.8415
vn -0.0216 -0.5999 -0.7998
vn -0.0005 0.5352 -0.8447
vn -0.0273 -0.6135 -0.7893
vn -0.0011 -1.0000 0.0010
vn 0.0522 -0.1107 0.9925
vn 0.0014 1.0000 -0.0029
vn -0.0000 0.0056 -1.0000
vn -0.0200 -0.8258 -0.5637
vn -0.0086 0.0040 -1.0000
vn -0.0267 0.8511 0.5244
vn -0.0120 0.0042 -0.9999
vn 0.4994 0.0810 0.8626
vn 0.9998 -0.0181 0.0047
vn 0.0018 0.0000 -1.0000
vn 0.0000 1.0000 0.0009
vn -0.9943 -0.0709 -0.0802
vn 0.9952 -0.0790 -0.0586
vn -1.0000 0.0010 -0.0005
vn -0.4984 0.0000 -0.8669
vn -1.0000 0.0000 -0.0001
vn -0.0000 1.0000 0.0086
vn 0.0113 0.4472 0.8944
vn -0.6353 0.0000 -0.7722
vn 0.0804 -0.0711 -0.9942
vn 0.0883 0.3257 0.9413
vn -0.0941 -0.0777 0.9925
vn -0.9996 -0.0153 -0.0236
vn 0.0031 1.0000 0.0000
vn 0.0027 -0.0032 1.0000
vn -0.0001 -0.8447 0.5353
vn 0.0107 -0.8944 0.4472
vn 0.9938 -0.0891 -0.0661
vn -0.9927 -0.0797 -0.0901
vn 0.0000 -1.0000 0.0003
vn 0.9976 -0.0432 -0.0535
vn 0.9979 -0.0427 0.0483
vn -0.0023 0.9999 -0.0121
vn -0.0011 0.0000 -1.0000
vn -0.0010 0.0000 -1.0000
vn 0.0026 0.8408 0.5413
vn -0.0263 -0.9991 0.0320
vn -0.0004 -1.0000 -0.0000
vn -0.0580 -0.0476 0.9972
vn 0.0276 -0.9981 -0.0553
vn 0.8397 -0.5428 -0.0182
vn 0.5565 0.0282 -0.8304
vn 0.0000 -0.0304 -0.9995
vn 0.0325 0.0212 0.9992
vn -0.5966 -0.8023 -0.0176
vn -1.0000 -0.0037 0.0009
vn -0.8053 0.5926 0.0175
vn 0.0070 0.5426 -0.8400
vn -0.9978 0.0363 -0.0559
vn 0.9971 0.0539 0.0535
vn 0.0563 0.9977 0.0376
vn -0.9991 -0.0336 0.0255
vn -0.4058 -0.0110 0.9139
vn -0.3864 0.3896 0.8360
vn -0.0035 -0.0001 1.0000
vn 0.0733 0.4138 0.9074
vn 0.0264 0.9996 0.0071
vn -1.0000 -0.0008 -0.0006
vn 0.0008 0.0000 -1.0000
vn -0.0034 1.0000 0.0000
vn -0.2997 0.9051 0.3015
vn -0.0017 1.0000 0.0013
vn -0.9999 -0.0051 -0.0142
vn 0.8171 -0.0144 0.5763
vn -0.1147 0.9451 0.3060
vn -0.6097 -0.5233 0.5954
vn 0.0293 0.1220 0.9921
vn -0.0001 -0.0010 -1.0000
vn 0.2257 -0.8841 -0.4091
vn 0.0103 0.0052 -0.9999
vn -0.0057 0.0052 -1.0000
vn 0.6177 0.7856 0.0350
vn -0.0000 1.0000 -0.0003
vn -0.6482 -0.6926 -0.3164
vn -0.5268 -0.5416 0.6551
vn -0.0017 -0.9999 -0.0156
vn 0.9916 -0.0488 -0.1198
vn -0.0031 -1.0000 0.0035
vn 0.6196 0.0232 -0.7846
vn 0.0002 -1.0000 -0.0000
vn 0.0008 -1.0000 0.0007
vn 0.7916 0.0293 0.6104
vn -0.6157 0.0204 0.7877
vn 0.0070 -1.0000 0.0038
vn 0.6074 0.0204 -0.7942
vn -0.0001 -1.0000 -0.0004
vn -0.7977 0.0293 -0.6023
vn -0.9003 0.0089 -0.4351
vn 0.9970 -0.0483 0.0597
vn 0.0827 -0.0514 0.9952
vn -0.9998 -0.0208 0.0039
vn -0.0036 -1.0000 -0.0004
vn 0.0140 0.5607 -0.8279
vn 0.0289 0.9996 0.0071
vn -0.1203 0.0004 -0.9927
vn -0.1306 0.0665 0.9892
vn 0.8886 -0.4235 -0.1760
vn 0.0147 0.9998 -0.0161
vn 0.9989 -0.0436 -0.0170
vn -0.8414 0.5402 0.0128
vn 0.0125 -0.8217 0.5698
vn 0.5117 -0.8592 0.0008
vn 0.0360 -0.0299 0.9989
vn -0.0001 -1.0000 0.0002
vn -0.0501 -0.9967 0.0643
vn 0.0024 0.8415 -0.5403
vn 0.0559 0.9969 0.0559
vn -0.0252 -0.8605 -0.5088
vn -0.9993 -0.0369 0.0015
vn -0.7577 0.6515 0.0391
vn 1.0000 0.0006 0.0038
vn -0.0053 -0.4764 0.8792
vn 0.0015 0.8880 -0.4598
vn -0.3694 -0.8492 0.3773
vn 0.0036 -1.0000 0.0036
vn 0.6454 -0.7062 0.2909
vn -0.2984 0.0223 0.9542
vn 0.0140 0.0123 0.9998
vn -0.0002 -0.0038 -1.0000
vn -0.0638 -0.9939 -0.0900
vn -0.0047 -0.0043 -1.0000
vn 0.0213 0.0100 -0.9997
vn -0.0335 0.0559 0.9979
vn -0.0422 -0.6490 0.7596
vn -0.5435 -0.0141 0.8393
vn -0.0683 -0.9969 0.0394
vn -0.8832 0.0123 0.4688
vn -0.9970 0.0542 -0.0544
vn -0.9990 -0.0314 0.0316
vn -0.7773 -0.0258 -0.6286
vn -0.8710 0.0017 0.4912
vn -0.6045 -0.0344 0.7958
vn -0.8802 -0.4747 0.0009
vn 0.8940 0.0316 -0.4469
vn 0.4764 -0.0066 -0.8792
vn -0.9999 0.0000 -0.0173
vn -0.9972 -0.0439 -0.0598
vn 0.8229 0.0158 0.5680
vn -0.0463 -0.0334 0.9984
vn 0.0470 0.9917 0.1198
vn 0.0359 0.1385 0.9897
vn 0.8740 0.0001 0.4859
vn 0.8804 0.4734 -0.0280
vn 0.9946 -0.0209 -0.1020
vn 0.5256 0.8501 0.0322
vn 0.0179 -0.0109 0.9998
vn 0.0928 0.9957 0.0035
vn -0.8059 0.5918 0.0170
vn -0.0362 0.4412 -0.8967
vn 0.3943 0.4076 -0.8237
vn 0.0059 0.8398 -0.5429
vn -0.0496 0.0516 -0.9974
vn -0.9981 0.0381 -0.0488
vn -0.0017 -0.0009 1.0000
vn -0.0677 -0.9158 0.3959
vn 0.4120 -0.8174 0.4026
vn 0.0360 -0.0282 -0.9990
vn -1.0000 -0.0020 0.0004
vn -0.9764 0.1466 -0.1587
vn -0.6170 0.6105 -0.4966
vn -0.0026 0.9999 0.0155
vn -0.0650 0.0731 0.9952
vn -0.1014 0.9877 -0.1187
vn 0.0231 -0.9979 -0.0609
vn -0.9039 0.0014 0.4277
vn -0.9166 0.3995 -0.0146
vn 0.5501 -0.8349 -0.0154
vn 0.0205 0.9998 -0.0063
vn -0.0546 -0.9962 -0.0686
vn -0.9686 -0.1609 0.1895
vn -0.4104 0.4111 -0.8140
vn 0.0799 0.4108 -0.9082
vn 0.7949 0.6064 0.0218
vn -0.0303 0.9995 0.0027
vn 0.0001 -1.0000 0.0004
vn -0.9951 0.0498 0.0855
vn 0.2220 0.4329 0.8737
vn 1.0000 -0.0012 0.0003
vn -0.0598 -0.9971 -0.0464
vn -0.9998 0.0214 0.0026
vn -0.0039 0.9999 0.0118
vn -0.1736 0.9737 0.1477
vn -0.5656 -0.8245 0.0165
vn -0.2992 0.3017 -0.9053
vn -0.0734 0.3139 -0.9466
vn 0.7998 0.5995 0.0301
vn -0.9980 -0.0547 -0.0318
vn -0.4545 -0.8907 0.0012
vn -0.3599 -0.0154 0.9329
vn 0.0560 0.0288 -0.9980
vn 0.4790 -0.8764 0.0508
vn 0.0152 -0.0013 0.9999
vn 0.0036 -0.0000 1.0000
vn 0.0054 -0.0246 0.9997
vn 0.9998 -0.0038 -0.0171
vn -0.5070 0.8620 0.0041
vn 0.6076 0.0201 -0.7940
vn 0.0003 -1.0000 -0.0008
vn 0.0031 -0.0193 -0.9998
vn -0.0162 0.7709 0.6367
vn -0.0097 0.5719 0.8203
vn 0.9984 -0.0313 -0.0474
vn -0.0178 -0.9995 0.0254
vn -0.0083 0.5217 -0.8531
vn 0.0681 0.9967 0.0444
vn 0.5261 -0.8503 -0.0134
vn 0.0603 0.9953 0.0753
vn 0.9999 0.0084 0.0086
vn 0.0110 -0.0003 0.9999
vn 0.9999 -0.0109 0.0089
vn 0.0322 0.0003 -0.9995
vn 0.5180 -0.8554 -0.0009
vn -0.0697 0.0583 0.9959
vn -0.8934 0.0106 -0.4491
vn 0.9939 0.0777 0.0780
vn 0.8332 -0.0102 0.5529
vn 0.0314 -0.0000 0.9995
vn -0.0220 -0.5448 0.8383
vn 0.7809 0.6246 0.0124
vn -0.6540 0.7514 0.0874
vn -0.9999 0.0113 -0.0077
vn -0.9997 -0.0193 0.0151
vn 0.7878 0.0237 0.6154
vn -0.7884 0.0120 -0.6150
vn 0.9998 -0.0215 0.0057
vn 0.8375 0.0153 0.5462
vn -0.8966 -0.4429 -0.0004
vn 0.8900 0.0124 -0.4559
vn -0.0229 -0.0458 -0.9987
vn 0.0114 0.0557 -0.9984
vn -0.9979 -0.0405 -0.0511
vn -0.5494 -0.8348 0.0345
vn 0.0014 0.4130 0.9107
vn 0.9654 0.2602 -0.0137
vn -0.0050 1.0000 -0.0010
vn -0.0004 1.0000 0.0039
vn -0.8107 0.5854 0.0094
vn 0.9998 -0.0160 0.0140
vn -0.0801 0.4118 -0.9077
vn -0.4671 0.8842 -0.0070
vn -0.0112 0.5927 -0.8053
vn 0.9490 0.1997 0.2441
vn 1.0000 0.0019 0.0000
vn -0.9985 -0.0532 -0.0086
vn -0.3989 0.4010 -0.8247
vn 0.0256 0.4205 -0.9069
vn 0.0005 -1.0000 0.0001
vn -0.1056 -0.9922 -0.0658
vn 0.7902 0.6124 0.0221
vn -0.0013 -1.0000 0.0011
vn -0.0006 -1.0000 -0.0008
vn 0.8100 -0.5548 0.1899
vn 1.0000 0.0063 0.0037
vn -0.0289 0.6053 0.7955
vn 1.0000 0.0009 0.0007
vn 1.0000 -0.0021 0.0031
vn -0.0004 0.0004 -1.0000
vn -0.0000 -0.9999 -0.0141
vn 1.0000 0.0011 -0.0017
vn 1.0000 0.0001 -0.0023
vn 1.0000 -0.0023 0.0031
vn 0.9999 0.0018 -0.0099
vn 0.0216 -0.8462 0.5325
vn -0.0137 -0.0049 0.9999
vn -0.0030 0.0026 1.0000
vn 0.0538 0.9977 0.0403
vn -0.0535 0.0639 0.9965
vn 0.4903 -0.0018 -0.8716
vn 0.0015 0.8912 -0.4536
vn -0.0298 0.9991 0.0298
vn 0.6372 -0.0008 0.7707
vn 0.5407 0.8392 0.0580
vn 0.4274 -0.0156 -0.9039
vn 0.3999 0.3855 -0.8315
vn -0.0073 0.0068 -0.9999
vn -0.0000 -0.9995 -0.0321
vn -0.0010 -0.4986 -0.8669
vn -0.0094 0.9069 0.4212
vn -0.0155 0.3525 0.9357
vn -0.9990 0.0422 -0.0173
vn 0.5374 -0.1083 0.8364
vn -0.0074 0.9999 0.0139
vn 0.0080 -0.0000 1.0000
vn 0.0079 0.9999 -0.0069
vn 0.0001 -0.0058 1.0000
vn 0.9982 -0.0438 0.0401
vn -0.0139 -0.8950 -0.4458
vn 0.8432 -0.0010 -0.5377
vn 0.4532 -0.8913 -0.0128
vn -0.5937 -0.8041 0.0305
vn 0.0378 -0.9952 0.0902
vn 0.3439 -0.0132 -0.9389
vn -0.0000 -0.0017 -1.0000
vn -0.8869 0.0007 0.4620
vn 0.0267 0.8190 0.5731
vn -0.2904 0.1216 -0.9492
vn -0.0519 -0.0321 0.9981
vn 0.0102 0.8166 0.5771
vn -0.8959 0.4442 -0.0030
vn -0.8377 0.0277 0.5454
vn -0.5297 0.0094 0.8481
vn 0.8944 -0.4473 -0.0050
vn 0.4471 -0.8945 -0.0048
vn 0.0425 -0.0457 -0.9981
vn 0.9990 0.0217 0.0385
vn 0.0194 0.0370 -0.9991
vn 0.5077 -0.0053 0.8615
vn 0.0658 0.9964 0.0542
vn -0.0005 0.8500 0.5268
vn -0.0036 0.5231 0.8523
vn -0.0002 -0.0019 1.0000
vn -0.9995 0.0222 0.0224
vn 0.0025 1.0000 -0.0019
vn -0.0004 1.0000 -0.0002
vn -0.6028 -0.7973 0.0295
vn -0.2636 0.1261 -0.9564
vn -0.1791 0.0201 -0.9836
vn -0.7968 -0.0336 -0.6033
vn -0.8862 -0.4629 -0.0182
vn 0.9973 0.0658 0.0334
vn 0.0817 0.9933 0.0817
vn -0.0058 0.8378 0.5460
vn -0.8405 0.5418 -0.0097
vn 0.4762 -0.8790 0.0236
vn 0.0228 -0.7317 0.6812
vn 0.0017 0.8509 -0.5253
vn -0.0036 0.0043 1.0000
vn -0.0001 0.0003 1.0000
vn -0.0464 0.9988 -0.0148
vn -0.0048 -0.0035 1.0000
vn -0.9998 0.0007 -0.0181
vn -0.5280 0.4315 -0.7314
vn -0.0009 -0.9999 -0.0133
vn -0.0237 0.0318 0.9992
vn 0.0006 1.0000 0.0006
vn 0.0013 1.0000 0.0013
vn -0.4451 0.0310 0.8950
vn -0.1218 0.0309 -0.9921
vn -1.0000 -0.0000 0.0006
vn -0.3969 0.8916 -0.2179
vn -0.0034 -0.0002 -1.0000
vn -0.9972 0.0559 0.0489
vn -1.0000 0.0031 -0.0027
vn -0.9988 0.0002 -0.0483
vn 0.9998 -0.0190 -0.0014
vn 0.5497 -0.8353 0.0039
vn 0.6020 0.0196 -0.7982
vn 0.9979 -0.0472 0.0442
vn 0.4728 -0.8812 0.0032
vn 0.0038 -0.4654 0.8851
vn 0.0038 -0.8439 0.5365
vn -0.0471 0.0702 0.9964
vn -0.5305 0.0101 0.8476
vn -0.0249 0.9994 0.0244
vn -0.8700 0.4930 0.0032
vn -0.8211 0.0298 0.5701
vn -0.9968 0.0567 -0.0567
vn 0.0025 0.8547 -0.5192
vn -0.0356 0.0632 -0.9974
vn -0.7966 -0.0227 -0.6041
vn 1.0000 0.0039 -0.0023
vn -0.9997 0.0207 0.0085
vn -0.4788 0.0133 0.8778
vn 0.0000 -1.0000 0.0004
vn 1.0000 -0.0000 -0.0015
vn 0.9442 0.1976 -0.2635
vn -0.0099 -0.5754 0.8178
vn 0.0076 0.0050 -1.0000
vn -0.9985 0.0512 -0.0199
vn -0.0325 -0.9982 0.0497
vn -0.8772 -0.4796 -0.0236
vn 1.0000 0.0052 0.0036
vn 0.0000 0.9998 -0.0194
vn -0.0003 -0.4471 -0.8945
vn -0.0675 0.0678 0.9954
vn -0.8935 0.4488 -0.0157
vn -0.4353 0.0051 0.9003
vn 0.0274 0.0687 -0.9973
vn -0.8940 -0.0114 0.4479
vn 0.0039 0.9392 0.3433
vn -0.0205 0.3431 0.9391
vn 0.0001 -0.0018 1.0000
vn 0.8944 -0.4473 0.0004
vn 0.0166 0.8594 -0.5110
vn -0.0109 0.0236 -0.9997
vn -0.0184 0.0444 0.9988
vn -0.8759 -0.0033 -0.4825
vn 0.8339 0.0096 0.5518
vn -0.4944 0.8692 -0.0056
vn -0.9987 0.0481 -0.0142
vn 0.0145 -0.9990 -0.0430
vn 0.9995 0.0305 0.0066
vn -0.0018 -0.5268 0.8500
vn -0.9994 -0.0010 0.0333
vn -0.9995 -0.0043 0.0305
vn -0.0299 0.9990 -0.0339
vn 0.5208 0.0030 -0.8536
vn 0.0809 0.9934 0.0807
vn -0.0053 0.8394 0.5435
vn -0.4688 -0.8833 -0.0081
vn -0.5086 -0.8610 0.0010
vn -0.0212 -0.0203 0.9996
vn 0.0142 -0.9996 -0.0233
vn 0.0219 -0.8657 0.5000
vn 0.0672 0.0243 -0.9974
vn -0.7798 0.0196 -0.6257
vn -0.8858 -0.4640 -0.0020
vn 0.8794 -0.0004 0.4760
vn 0.0009 1.0000 0.0003
vn -0.0108 0.9999 -0.0044
vn 0.0004 1.0000 -0.0014
vn -0.8070 -0.0247 -0.5901
vn 0.4914 -0.5339 -0.6881
vn 0.9947 0.0737 -0.0710
vn 0.2967 0.9109 -0.2869
vn -0.0263 -0.0001 0.9997
vn 0.0001 -0.0157 -0.9999
vn 1.0000 0.0003 -0.0031
vn 0.6211 -0.0117 -0.7836
vn 0.0002 -0.0010 1.0000
vn -0.0310 0.1728 0.9845
vn 0.0240 0.0323 0.9992
vn -0.0005 1.0000 0.0000
vn -0.0125 0.0000 0.9999
vn 0.0009 -0.9983 0.0585
vn -0.0034 0.4678 -0.8838
vn 0.0097 0.8944 -0.4472
vn 0.0002 -1.0000 0.0036
vn -0.0000 -1.0000 0.0060
vn -0.0250 -0.0283 -0.9993
vn -0.9998 -0.0218 0.0008
vn 0.0119 -0.4472 -0.8944
vn 0.0046 -0.0056 1.0000
vn 0.0020 -0.0005 -1.0000
vn -1.0000 -0.0004 0.0000
vn 1.0000 -0.0004 0.0001
vn -0.9174 -0.3972 0.0247
vn 0.3075 0.1419 -0.9409
vn 0.2861 0.1275 0.9497
vn -0.1615 0.9763 0.1442
vn 0.0248 0.9997 -0.0002
vn -0.0533 -0.9984 -0.0190
vn 0.2528 -0.9162 0.3111
vn 0.6852 -0.3550 0.6360
vn 1.0000 0.0027 -0.0009
vn 0.9994 -0.0354 0.0022
vn 1.0000 0.0055 0.0018
vn 0.2028 -0.9515 0.2314
vn 0.6815 -0.4725 -0.5589
vn 0.0084 -0.9938 0.1108
vn 0.0002 -0.0003 1.0000
vn -0.0009 -1.0000 -0.0000
vn -0.0282 0.5997 0.7997
vn -0.0037 1.0000 0.0017
vn -0.0563 -0.9973 0.0477
vn -0.0273 0.4979 -0.8668
vn 0.9990 0.0409 -0.0207
vn 1.0000 -0.0076 0.0047
vn 0.5109 -0.0235 -0.8593
vn 0.0396 0.9974 -0.0608
vn -0.9999 -0.0138 -0.0001
vn -0.5390 -0.8423 -0.0053
vn 0.9671 -0.2467 0.0616
vn 0.9788 -0.0240 0.2032
vn 0.9992 0.0346 -0.0211
vn 0.4701 0.8826 -0.0021
vn -0.2358 -0.9290 -0.2852
vn 0.0399 0.0540 0.9977
vn 1.0000 -0.0007 0.0076
vn -0.0651 0.9971 0.0385
vn 0.0674 0.0427 0.9968
vn 0.6879 -0.2730 -0.6725
vn 0.0037 0.9977 0.0679
vn -0.0001 1.0000 -0.0002
vn -0.0026 -0.9999 0.0111
vn 0.0005 -0.4659 0.8848
vn -0.0176 -0.0018 -0.9998
vn 0.8108 0.0236 0.5848
vn -0.0666 -0.0940 0.9933
vn 1.0000 0.0006 0.0007
vn -0.9955 0.0669 -0.0671
vn -0.6486 -0.7600 -0.0412
vn 0.0067 -0.8642 0.5031
vn 0.0022 -0.0002 -1.0000
vn -0.0007 -0.0003 -1.0000
vn 0.0005 0.0106 -0.9999
vn -0.0002 0.0002 -1.0000
vn -1.0000 0.0000 -0.0010
vn -0.0091 1.0000 -0.0002
vn -0.9415 0.2472 -0.2288
vn 0.0085 0.8245 0.5659
vn -0.9144 0.2983 0.2735
vn -0.9951 -0.0602 0.0780
vn -0.0010 1.0000 0.0000
vn -0.0947 0.9517 -0.2919
vn -0.1743 0.9739 -0.1454
vn -0.9842 0.0263 0.1751
vn -0.9613 0.2117 -0.1763
vn 0.0259 0.9978 0.0610
vn 0.0040 1.0000 -0.0086
vn 0.0129 0.9999 -0.0022
vn -0.0274 -0.9817 -0.1884
vn -0.6469 0.5493 -0.5290
vn 0.3161 0.6514 -0.6897
vn 1.0000 0.0036 0.0041
vn -0.5683 0.0183 0.8226
vn 0.0193 -0.9997 0.0161
vn 0.0116 -0.0194 -0.9997
vn -0.2137 -0.9583 0.1895
vn -1.0000 -0.0065 0.0004
vn -0.0314 0.0285 -0.9991
vn 0.0015 -0.0027 -1.0000
vn -0.7268 -0.6043 -0.3265
vn -0.8248 0.3641 -0.4326
vn 1.0000 0.0025 0.0040
vn 0.6548 -0.7036 0.2762
vn 0.0526 0.9982 0.0301
vn -0.0648 0.0377 0.9972
vn 0.7053 -0.6441 -0.2962
vn -0.0002 1.0000 0.0013
vn -0.0472 -0.0352 -0.9983
vn -0.0066 1.0000 -0.0009
vn 0.8192 -0.5732 -0.0191
vn 0.0075 0.9968 -0.0797
vn -0.9998 -0.0181 0.0023
vn -0.1373 -0.1122 0.9842
vn -0.6445 -0.7645 -0.0131
vn -0.2868 0.1268 0.9496
vn -0.9999 0.0101 -0.0054
vn -0.9999 0.0132 -0.0058
vn -0.0005 1.0000 0.0006
vn -0.9413 0.0002 0.3375
vn -0.1119 -0.2305 -0.9666
vn 0.0013 -1.0000 -0.0009
vn -0.6207 0.0324 0.7834
vn 0.8857 0.0016 -0.4642
vn 0.8488 -0.0083 -0.5287
vn 0.0446 0.0184 -0.9988
vn 0.0439 -0.9987 -0.0270
vn -0.2940 0.9275 -0.2308
vn 0.0204 0.0506 0.9985
vn 0.0001 -0.0018 -1.0000
vn -0.0024 0.0306 -0.9995
vn 0.0202 0.0052 -0.9998
vn 0.0075 0.1003 0.9949
vn -1.0000 0.0000 0.0003
vn -0.0002 -1.0000 0.0001
vn -0.0063 -1.0000 0.0030
vn -0.0068 -1.0000 -0.0029
vn 0.0313 -0.0402 -0.9987
vn 0.0133 -0.9012 -0.4333
vn -0.4541 -0.8910 -0.0062
vn -0.7984 0.0154 -0.6020
vn 0.0014 -0.0038 1.0000
vn -0.8065 0.0263 0.5907
vn -0.9369 -0.0140 -0.3492
vn 0.9980 0.0564 0.0293
vn -0.8607 0.5090 0.0070
vn -0.8872 0.0168 0.4610
vn -0.9999 -0.0107 0.0036
vn 0.0070 0.0045 -1.0000
vn -0.9892 0.1387 -0.0464
vn -0.0194 0.8402 0.5419
vn 1.0000 0.0001 0.0004
vn -0.9997 -0.0238 -0.0000
vn -0.9909 0.0194 -0.1334
vn -0.0203 0.9998 0.0032
vn -0.2029 -0.1825 0.9620
vn -1.0000 -0.0012 -0.0027
vn -0.0176 0.0216 0.9996
vn -0.4398 0.8742 0.2056
vn 0.8365 -0.0106 0.5478
vn -0.0003 1.0000 0.0010
vn -0.5779 -0.0159 0.8160
vn 0.9983 -0.0442 -0.0392
vn -0.5146 -0.5619 -0.6477
vn -0.0011 0.0001 1.0000
vn -0.0113 -0.9765 0.2152
vn 0.0118 0.8218 -0.5697
vn 0.8774 0.0077 0.4798
vn -0.0017 -1.0000 -0.0003
vn 0.0212 -0.9994 -0.0263
vn -0.8806 -0.4738 0.0005
vn -0.0327 -0.9995 0.0001
vn -0.0018 -1.0000 0.0075
vn -0.0012 -0.0568 0.9984
vn -0.9984 -0.0233 -0.0514
vn -0.9037 0.0112 -0.4280
vn -0.9534 0.2915 -0.0777
vn -0.9425 0.2950 -0.1572
vn -1.0000 -0.0018 -0.0009
vn 0.9981 -0.0404 0.0475
vn 1.0000 -0.0069 -0.0009
vn 0.9951 0.0812 -0.0565
vn -0.0105 0.4183 0.9082
vn 0.0219 0.8807 0.4732
vn -0.0181 0.9994 0.0295
vn -0.0374 -0.9979 0.0520
vn -0.5518 -0.8339 -0.0086
vn -0.4267 -0.7540 0.4994
vn 0.9659 -0.2238 0.1304
vn 1.0000 -0.0001 -0.0001
vn 0.9968 0.0743 -0.0284
vn -0.0122 -0.9999 -0.0012
vn 0.0319 -0.9984 0.0469
vn -0.0140 -0.9997 -0.0205
vn 0.0386 0.0420 0.9984
vn 0.0533 0.9965 0.0650
vn -0.0225 0.9992 0.0333
vn 0.0455 0.0591 -0.9972
vn 0.0002 -0.0013 1.0000
vn -0.0030 -0.0009 -1.0000
vn 0.0018 0.0314 -0.9995
vn 0.0362 -0.9993 0.0022
vn -0.0204 0.3905 0.9204
vn 0.0020 0.0017 1.0000
vn -0.0000 -0.0024 1.0000
vn 0.0233 -0.9975 0.0662
vn -0.0003 -0.0075 -1.0000
vn 0.0141 0.5670 0.8236
vn 0.0483 -0.0314 0.9983
vn -0.0490 0.0488 0.9976
vn 0.0528 0.9981 -0.0323
vn 0.5092 -0.0149 -0.8605
vn 0.0546 0.9984 -0.0166
vn 0.0553 0.9983 -0.0166
vn 0.6190 0.7851 0.0226
vn 0.0234 0.0042 -0.9997
vn 0.0027 -1.0000 -0.0003
vn 0.0000 -0.0011 1.0000
vn -0.7765 -0.5232 0.3511
vn 0.9924 0.0001 0.1233
vn 0.0000 -0.0001 -1.0000
vn -1.0000 0.0009 0.0018
vn 0.0123 -0.0201 -0.9997
vn 0.7924 -0.5073 0.3387
vn 0.1816 0.9795 0.0868
vn 1.0000 0.0002 -0.0004
vn -0.0034 0.0308 0.9995
vn 1.0000 -0.0002 0.0005
vn -0.0143 0.8115 0.5842
vn 1.0000 0.0012 -0.0067
vn 0.2738 0.1214 -0.9541
vn -0.9993 0.0296 0.0236
vn 0.0017 -0.0013 1.0000
vn -1.0000 -0.0017 -0.0039
vn 0.6134 0.7889 0.0361
vn -0.0002 -0.0001 -1.0000
vn -0.0316 -0.7989 0.6007
vn 0.9390 0.0110 0.3437
vn 0.9969 0.0618 -0.0481
vn 0.9307 0.0912 0.3543
vn -0.8366 -0.3989 0.3754
vn -0.2279 0.9685 0.1008
vn 0.9833 -0.0851 -0.1608
vn -0.0973 0.9884 0.1169
vn 0.0001 0.0006 -1.0000
vn -0.0150 -0.8688 0.4949
vn -0.0200 -0.9982 -0.0563
vn 1.0000 -0.0003 0.0002
vn 1.0000 0.0044 -0.0004
vn -0.0082 -0.9996 -0.0265
vn -0.1039 -0.5562 0.8245
vn 0.9980 -0.0405 -0.0477
vn -0.8619 -0.4739 -0.1805
vn -0.5557 -0.8314 -0.0001
vn 0.0891 -0.9952 0.0414
vn -0.5209 -0.0074 0.8536
vn -0.2977 0.9102 -0.2881
vn -0.5236 -0.5116 -0.6813
vn -0.0065 0.0069 -1.0000
vn 0.0099 0.5422 0.8402
vn 0.0000 0.0003 -1.0000
vn -0.9999 -0.0106 -0.0000
vn -0.3737 -0.8433 0.3863
vn 0.6317 -0.7266 0.2701
vn 0.0111 -0.9999 -0.0017
vn -1.0000 0.0050 -0.0018
vn 1.0000 -0.0026 0.0040
vn -0.1168 -0.0197 0.9930
vn -0.0000 -0.0154 -0.9999
vn -0.5345 -0.8450 0.0157
vn -0.8469 -0.5313 -0.0211
vn -0.0013 0.0014 -1.0000
vn 0.8078 0.0110 0.5894
vn -0.9893 -0.1278 0.0703
vn -0.9911 -0.0826 0.1047
vn -1.0000 -0.0002 0.0007
vn -1.0000 -0.0002 -0.0010
vn 0.9961 0.0621 0.0623
vn 0.8135 -0.0158 0.5814
vn 0.0513 0.9968 0.0620
vn 0.8864 0.0016 -0.4630
vn 0.0224 0.8722 -0.4887
vn 0.0568 0.0315 -0.9979
vn 0.0003 -0.0005 -1.0000
vn -1.0000 0.0012 0.0008
vn -0.4542 0.0010 -0.8909
vn -0.9389 0.3441 -0.0120
vn -1.0000 -0.0011 -0.0001
vn 0.0094 0.4058 -0.9139
vn -0.0110 -0.4931 0.8699
vn 0.0087 -0.9998 0.0153
vn 0.0181 0.9998 -0.0117
vn 0.8167 -0.5768 -0.0179
vn -0.4216 0.9068 0.0009
vn -0.8927 0.0005 0.4507
vn -0.0655 -0.0266 -0.9975
vn 0.0144 -0.0221 0.9997
vn -0.0105 0.9177 0.3972
vn 0.0041 0.3904 0.9206
vn -0.0155 -0.9998 -0.0132
vn 0.0219 0.9998 -0.0006
vn -0.9998 -0.0095 -0.0170
vn 0.9986 -0.0214 0.0485
vn -1.0000 -0.0013 -0.0011
vn -0.0035 -0.0019 1.0000
vn -0.6056 -0.7242 -0.3298
vn 0.0008 -1.0000 0.0008
vn 0.0245 0.0050 -0.9997
vn 0.7890 0.0229 0.6139
vn -1.0000 -0.0000 0.0008
vn 0.0128 0.7943 0.6073
vn 0.6449 -0.0010 0.7643
vn 0.9096 0.4155 0.0069
vn -1.0000 -0.0004 0.0005
vn -0.9999 -0.0057 0.0120
vn -0.2899 -0.9492 0.1227
vn -0.0000 0.9998 0.0216
vn 0.0010 0.8512 -0.5249
vn -0.0012 1.0000 0.0000
vn 0.0000 1.0000 -0.0015
vn 0.0000 0.0066 -1.0000
vn 0.0000 -1.0000 -0.0041
vn 0.0021 0.0008 -1.0000
vn 0.0043 -0.0000 1.0000
vn -0.0186 -0.0445 0.9988
vn -0.0172 -0.9999 0.0000
vn -0.9977 -0.0029 -0.0681
vn -0.0000 1.0000 -0.0051
vn -0.2903 -0.6272 -0.7227
vn -0.3685 0.3879 -0.8448
vn 0.0005 0.0003 -1.0000
vn -0.0013 0.0007 1.0000
vn 0.0451 0.9981 0.0417
vn 0.0112 0.9999 0.0056
vn 0.5208 0.0058 0.8537
vn 0.0067 1.0000 0.0055
vn 0.6089 0.7930 0.0207
vn 0.0361 0.9342 0.3550
vn -0.0174 0.3063 0.9518
vn 0.8980 -0.0101 0.4399
vn -0.0275 0.5053 -0.8625
vn 0.9970 0.0466 -0.0610
vn 0.5072 0.0005 -0.8618
vn 0.0188 0.9996 -0.0193
vn -0.9995 -0.0261 -0.0157
vn -0.0325 0.5701 0.8209
vn 0.9999 0.0146 -0.0007
vn 0.0074 -0.9999 -0.0088
vn -0.0065 0.0051 -1.0000
vn 1.0000 -0.0010 0.0039
vn 0.8173 -0.5646 -0.1150
vn 0.2304 -0.9533 0.1953
vn 0.0619 0.9953 0.0751
vn -0.0048 -0.9999 -0.0133
vn 0.9954 0.0828 0.0477
vn 0.8318 -0.0106 0.5549
vn 0.8816 -0.4721 0.0016
vn 0.5130 -0.0209 0.8581
vn 0.0284 0.0344 0.9990
vn -0.0158 -0.8964 0.4429
vn -0.0970 0.3496 0.9319
vn 0.0044 0.3665 0.9304
vn 0.9998 -0.0209 0.0022
vn 0.0331 0.9988 -0.0367
vn -0.4598 0.0004 -0.8880
vn -0.9386 0.3447 -0.0138
vn 0.0195 -0.0229 0.9995
vn -0.5689 -0.8221 0.0210
vn 0.0010 -1.0000 0.0009
vn -0.4413 -0.8974 0.0010
vn -0.3597 -0.0319 0.9325
vn 0.0007 0.0007 -1.0000
vn -1.0000 0.0015 0.0016
vn -1.0000 0.0015 -0.0004
vn -1.0000 -0.0004 0.0004
vn 0.0546 -0.0764 -0.9956
vn 0.0198 -0.9994 -0.0278
vn 0.0226 0.8344 0.5506
vn -0.0000 -1.0000 0.0006
vn 0.0026 -0.0002 1.0000
vn -1.0000 0.0030 -0.0013
vn 0.0003 -0.0318 -0.9995
vn 0.0509 0.7846 0.6179
vn -0.0580 -0.0092 0.9983
vn 0.0000 -1.0000 -0.0032
vn 0.9997 0.0000 0.0259
vn 0.3446 0.6811 -0.6460
vn -1.0000 -0.0039 0.0044
vn 1.0000 0.0003 0.0000
vn 0.0000 -0.0010 1.0000
vn 0.0017 0.0003 -1.0000
vn -0.0002 -0.0002 -1.0000
vn -1.0000 -0.0000 0.0019
vn 0.0238 0.9992 0.0310
vn -0.0039 0.9998 -0.0191
vn -0.4424 0.0014 -0.8968
vn -0.2566 0.9664 0.0112
vn -0.9481 0.3164 -0.0322
vn -0.7827 -0.5557 -0.2802
vn -0.0182 0.4177 -0.9084
vn -1.0000 0.0012 -0.0003
vn -1.0000 0.0060 -0.0003
vn -0.9999 0.0000 -0.0115
vn -0.2856 -0.9582 -0.0188
vn 0.0590 -0.0346 -0.9977
vn 0.0602 0.9964 0.0601
vn 0.0004 -0.0002 -1.0000
vn -0.0018 0.0007 1.0000
vn 0.0013 0.0057 -1.0000
vn 0.0000 0.0001 -1.0000
vn 0.2339 -0.8901 -0.3912
vn -0.9977 -0.0427 -0.0520
vn -0.8387 -0.5445 0.0083
vn 0.0316 0.9571 0.2880
vn -0.0005 0.3388 0.9408
vn 0.8970 -0.0109 0.4420
vn 0.9993 0.0237 0.0286
vn 0.9165 0.3996 -0.0178
vn 0.5102 0.0146 0.8599
vn 0.5322 0.8462 0.0249
vn 0.0094 0.0021 -1.0000
vn -0.0045 0.0001 -1.0000
vn 0.9999 0.0084 0.0059
vn -0.0395 -0.0478 0.9981
vn 0.4559 -0.8899 -0.0123
vn 1.0000 -0.0009 0.0000
vn 0.0001 -0.0005 1.0000
vn 0.0018 0.0009 -1.0000
vn -0.8004 0.5992 0.0175
vn -0.0017 -0.0017 -1.0000
vn -0.0030 1.0000 0.0027
vn -0.0078 0.4553 -0.8903
vn -0.0520 0.0520 -0.9973
vn -0.4796 0.8772 -0.0208
vn 0.9339 -0.0126 0.3574
vn 0.6139 -0.7890 0.0247
vn 0.0198 -0.9552 0.2952
vn 0.8689 -0.4946 -0.0169
vn 0.9134 0.0237 0.4063
vn 0.5162 -0.0337 0.8558
vn -0.0200 0.9983 0.0551
vn 0.9066 0.2950 -0.3018
vn 0.9502 0.3087 -0.0419
vn 1.0000 -0.0051 -0.0056
vn -0.4338 0.3135 -0.8447
vn 0.1403 0.9820 -0.1264
vn -1.0000 -0.0000 -0.0096
vn -0.9999 -0.0042 -0.0138
vn -0.0032 -0.8649 0.5020
vn -0.0205 0.8452 0.5340
vn 1.0000 -0.0032 -0.0085
vn -0.0345 -0.8030 0.5950
vn 0.8140 0.0129 0.5807
vn 0.0043 -1.0000 -0.0030
vn 0.0144 -0.9998 -0.0150
vn -0.0017 0.9999 0.0139
vn 0.9871 -0.1602 0.0004
vn 0.9943 -0.0084 -0.1064
vn 0.0000 0.9999 0.0120
vn -0.0000 -0.0018 -1.0000
vn -0.6401 -0.7676 -0.0323
vn 0.9204 -0.0483 0.3879
vn 0.0281 -0.0329 0.9991
vn -0.0587 -0.9163 0.3961
vn -0.9364 -0.0076 -0.3508
vn 0.9976 0.0591 0.0358
vn 0.0081 0.8468 0.5319
vn -0.9996 -0.0212 0.0167
vn -0.6717 0.7394 0.0448
vn -0.7290 0.6832 0.0422
vn -0.8661 0.0016 0.5000
vn -0.0358 -0.9979 0.0542
vn 0.9998 -0.0223 0.0010
vn -0.0129 0.9998 -0.0170
vn -0.0104 0.0107 0.9999
vn 0.0282 0.9989 0.0369
vn -0.5974 -0.8017 -0.0165
vn -0.3116 0.1533 0.9378
vn 0.0002 1.0000 -0.0013
vn 0.8321 -0.0075 0.5546
vn -0.0006 1.0000 0.0002
vn -0.0001 1.0000 -0.0012
vn -0.0000 1.0000 0.0001
vn 0.0019 1.0000 0.0003
vn 0.0010 1.0000 -0.0007
vn -0.0007 1.0000 -0.0000
vn 0.0225 -0.8346 -0.5504
vn 0.0019 -1.0000 0.0000
vn -1.0000 0.0042 0.0046
vn -0.7940 0.0230 -0.6075
vn -0.9999 0.0072 0.0079
vn 0.0000 -1.0000 -0.0065
vn -0.5213 -0.8525 0.0379
vn -0.1108 -0.0834 0.9903
vn 0.0006 1.0000 -0.0001
vn -0.0009 1.0000 0.0058
vn -0.0001 0.0718 0.9974
vn -0.9142 -0.0082 0.4051
vn -0.8308 0.3921 0.3949
vn -1.0000 0.0034 0.0038
vn -0.0188 -0.9998 0.0000
vn 0.0635 0.0007 -0.9980
vn -0.8704 -0.0029 -0.4924
vn 0.3656 -0.8966 -0.2498
vn 0.1213 -0.0879 0.9887
vn -0.0000 -0.0206 0.9998
vn 0.9889 -0.1305 -0.0709
vn 1.0000 -0.0027 -0.0006
vn -0.0198 -0.0173 0.9997
vn 0.0146 -0.2169 0.9761
vn -0.0027 -1.0000 0.0002
vn -0.0009 0.0003 1.0000
vn -0.0579 -0.0204 0.9981
vn 0.4115 -0.8183 0.4013
vn 0.0460 -0.0455 -0.9979
vn -0.0043 -0.0004 -1.0000
vn -0.0538 -0.9982 -0.0248
vn 0.0102 -0.0482 0.9988
vn 0.0460 0.0461 0.9979
vn 0.0135 0.8183 -0.5746
vn 0.0085 -0.8644 0.5028
vn -1.0000 0.0004 0.0012
vn 0.0435 0.0649 -0.9969
vn -0.0639 -0.9959 0.0641
vn 0.5297 -0.0105 -0.8481
vn -0.0001 1.0000 -0.0001
vn -0.0152 -0.5736 -0.8190
vn 0.0105 0.9999 0.0057
vn -0.0446 0.0832 -0.9955
vn -0.0481 0.0502 -0.9976
vn 0.0213 -0.7965 0.6043
vn -0.0001 -1.0000 0.0000
vn 0.0025 -1.0000 -0.0025
vn -0.0003 -1.0000 0.0002
vn 0.5593 -0.0271 0.8285
vn 1.0000 0.0037 -0.0044
vn -0.0987 0.9775 0.1867
vn 0.0005 1.0000 0.0017
vn 0.9711 -0.0179 -0.2379
vn 0.0023 0.0059 1.0000
vn 0.9732 -0.1066 -0.2037
vn -0.0020 0.9765 0.2157
vn -0.9992 0.0402 -0.0082
vn -0.9999 -0.0118 -0.0032
vn -1.0000 0.0002 -0.0011
vn -1.0000 -0.0064 -0.0045
vn 0.0055 0.8323 0.5542
vn -0.0198 -0.9244 0.3808
vn 0.4001 -0.8175 0.4143
vn 0.0307 -0.0285 -0.9991
vn 0.0026 -0.9998 0.0205
vn 0.0275 0.5354 0.8441
vn 0.0112 -0.9999 -0.0069
vn -1.0000 0.0025 -0.0010
vn 0.0043 1.0000 0.0048
vn -0.2894 -0.6975 -0.6555
vn -0.3918 0.3808 -0.8375
vn 0.6428 -0.5858 0.4937
vn 0.6838 0.2944 -0.6677
vn 0.6671 0.2948 0.6841
vn -0.7890 0.0259 0.6138
vn 0.0046 -1.0000 0.0025
vn -0.0044 -1.0000 -0.0063
vn 0.6243 0.0303 -0.7806
vn -0.0043 -1.0000 -0.0051
vn -0.8770 0.0012 0.4804
vn 0.0258 -0.9981 -0.0550
vn 0.8408 -0.5410 -0.0162
vn 0.0216 0.0471 0.9987
vn -0.0003 -0.0313 -0.9995
vn -1.0000 0.0009 -0.0008
vn -0.0229 -0.9994 -0.0275
vn -0.4034 0.4102 -0.8179
vn 0.0835 0.4074 -0.9094
vn 0.7896 0.6133 0.0219
vn -0.0185 0.9998 0.0010
vn 0.4755 -0.8776 -0.0617
vn 1.0000 0.0018 -0.0014
vn 0.2287 -0.9269 0.2976
vn -0.0657 -0.9942 -0.0853
vn 1.0000 -0.0002 0.0020
vn -0.0204 0.6089 0.7930
vn 0.0038 -0.0229 -0.9997
vn 1.0000 0.0005 0.0089
vn 1.0000 0.0018 -0.0017
vn 0.9999 -0.0012 0.0100
vn 0.8760 -0.0136 -0.4822
vn 0.0180 -0.0170 -0.9997
vn 0.0211 0.0265 -0.9994
vn 0.9980 -0.0536 0.0348
vn 0.0651 0.9945 0.0817
vn 1.0000 0.0015 0.0001
vn -0.0004 -0.0005 -1.0000
vn 0.0000 -0.9999 -0.0104
vn 0.0137 0.0032 0.9999
vn 1.0000 0.0000 -0.0059
vn 0.8608 -0.4414 -0.2534
vn 0.9893 0.1393 0.0423
vn 1.0000 0.0013 0.0001
vn 0.6173 0.7859 -0.0355
vn 0.0025 0.0023 1.0000
vn -0.0751 0.0742 0.9944
vn 0.9953 -0.0966 -0.0081
vn -0.8041 0.5942 0.0169
vn -0.0646 0.4009 -0.9138
vn 0.0328 -0.9983 -0.0480
vn 0.4039 0.4047 -0.8204
vn 0.0007 0.0035 -1.0000
vn -0.9977 0.0455 -0.0503
vn 0.5677 -0.8231 0.0155
vn -0.5533 0.0267 0.8326
vn -0.8663 -0.0256 0.4988
vn -0.0391 -0.0266 -0.9989
vn -1.0000 -0.0003 0.0013
vn 0.0038 0.8382 0.5453
vn -0.0000 1.0000 -0.0019
vn -0.0054 0.0065 1.0000
vn 1.0000 0.0015 0.0015
vn 0.0082 0.9939 0.1101
vn -0.9176 0.3856 -0.0966
vn -0.0008 1.0000 0.0005
vn -0.0095 0.0120 0.9999
vn 1.0000 0.0003 -0.0004
vn -0.0335 0.9994 -0.0053
vn -0.0451 -0.0192 0.9988
vn -1.0000 -0.0018 0.0020
vn -0.9201 0.2064 -0.3328
vn -0.0179 -0.9954 -0.0943
vn -0.2177 -0.9521 0.2149
vn 0.5555 -0.4718 0.6847
vn -0.0087 0.0103 0.9999
vn 0.9899 0.1416 -0.0001
vn -0.0044 -0.0063 -1.0000
vn -0.9976 -0.0444 -0.0535
vn -0.0049 0.3642 0.9313
vn 0.9538 0.3000 -0.0168
vn 0.5259 0.8490 0.0507
vn 0.8462 0.5318 0.0339
vn -0.0141 -0.9993 -0.0354
vn -0.0005 -1.0000 0.0064
vn 0.0285 -0.7975 0.6026
vn -0.1163 0.9764 -0.1818
vn -0.9542 0.2050 -0.2180
vn -0.9977 0.0667 -0.0070
vn -0.0453 0.0017 0.9990
vn 0.0217 0.9986 0.0473
vn -0.0081 0.9991 -0.0421
vn -0.0242 0.0756 -0.9968
vn -0.9084 -0.0263 0.4172
vn -1.0000 0.0000 0.0034
vn -0.8252 0.4040 0.3947
vn -1.0000 -0.0003 0.0004
vn -0.0220 -0.9939 0.1079
vn -0.9953 -0.0867 0.0430
vn -0.9898 0.1053 0.0956
vn 0.1826 -0.9779 0.1015
vn 0.6881 0.6643 0.2918
vn 0.9995 0.0058 0.0326
vn 0.5894 0.4814 -0.6487
vn -0.4646 -0.8855 0.0108
vn 0.9996 0.0274 0.0108
vn 0.0476 0.9988 -0.0106
vn -0.0353 -0.9990 -0.0257
vn -0.0176 -0.9682 0.2496
vn 0.3258 -0.9428 0.0708
vn 0.8306 0.3645 0.4209
vn 1.0000 0.0003 0.0003
vn 0.0232 -0.9997 -0.0057
vn 1.0000 0.0001 0.0035
vn -0.1023 0.9945 -0.0209
vn 0.0000 0.0062 1.0000
vn 0.0060 -0.0000 1.0000
vn 0.0255 0.8504 -0.5256
vn -0.0065 0.0081 -0.9999
vn 0.0296 0.8433 0.5366
vn -0.0199 0.4143 0.9099
vn 0.0211 0.9996 -0.0191
vn -0.0331 0.5410 -0.8404
vn 0.9373 0.3279 0.1177
vn 0.9004 0.3152 0.2997
vn 0.9998 0.0187 -0.0015
vn 0.9985 -0.0526 -0.0132
vn 0.0466 0.9971 -0.0598
vn -0.0021 0.5003 0.8658
vn 0.4517 -0.8921 0.0089
vn 0.0191 -0.9998 -0.0075
vn 0.0614 0.5498 -0.8330
vn -0.0171 0.0000 -0.9999
vn 0.0326 0.9142 -0.4040
vn 0.2791 -0.9602 0.0096
vn -0.0001 -0.0001 -1.0000
vn 1.0000 0.0070 0.0036
vn 0.5476 0.8367 0.0058
vn -0.0009 0.0005 1.0000
vn 0.0005 0.0009 -1.0000
vn -0.6109 0.0212 0.7915
vn 0.0035 0.0080 -1.0000
vn 1.0000 0.0045 0.0015
vn -0.9490 -0.1628 0.2701
vn -0.2212 -0.9542 0.2012
vn 0.0487 0.0233 -0.9985
vn -1.0000 0.0000 0.0033
vn 0.0480 -0.9985 -0.0269
vn -0.0001 0.0001 1.0000
vn -0.9990 -0.0352 0.0267
vn -0.9957 0.0890 -0.0247
vn -0.8917 -0.0146 0.4523
vn 0.0078 0.9363 0.3511
vn -0.0263 0.3613 0.9321
vn -0.0004 1.0000 0.0000
vn 0.0037 1.0000 0.0080
vn 0.0050 -0.0181 0.9998
vn -0.9004 0.4186 -0.1182
vn 0.0366 0.6013 -0.7982
vn -1.0000 0.0013 -0.0006
vn -1.0000 -0.0053 0.0008
vn -0.1916 0.0060 0.9815
vn 0.0186 0.7946 0.6068
vn -1.0000 -0.0008 0.0023
vn -0.8715 -0.4509 -0.1930
vn -0.8741 -0.4844 0.0371
vn 0.9970 -0.0725 -0.0286
vn 0.0103 -0.0043 0.9999
vn 0.0362 0.9993 0.0051
vn -0.0002 1.0000 -0.0014
vn -0.0299 -0.9992 -0.0250
vn -0.0280 -0.0905 0.9955
vn -0.3007 -0.6554 -0.6928
vn -0.3753 0.3729 -0.8486
vn 0.9113 0.1680 -0.3760
vn 0.0027 -1.0000 0.0062
vn 0.9814 0.1892 0.0332
vn 1.0000 0.0002 0.0004
vn -0.4482 -0.8939 0.0007
vn -0.3915 -0.0095 0.9201
vn -0.0012 -0.4186 0.9082
vn -0.4193 -0.4158 -0.8070
vn -0.9947 0.1018 -0.0107
vn -0.0010 -0.0003 1.0000
vn -0.0076 0.0163 0.9998
vn -0.4693 0.8830 0.0002
vn -0.1305 -0.5363 0.8339
vn -0.9533 0.3020 -0.0018
vn 0.9986 -0.0473 -0.0230
vn -0.8134 -0.5737 -0.0961
vn -0.0567 0.0063 -0.9984
vn -1.0000 -0.0092 0.0009
vn -0.7101 -0.6418 -0.2896
vn -0.8404 0.3775 -0.3888
vn 0.6561 -0.7020 0.2771
vn 0.0317 0.9991 0.0271
vn -0.0482 0.0286 0.9984
vn 0.7020 -0.6604 -0.2666
vn -0.0302 0.0361 0.9989
vn -0.0422 -0.0496 0.9979
vn -0.0440 -0.9978 0.0501
vn 0.9994 0.0020 0.0351
vn 0.9345 0.3554 -0.0186
vn 0.4482 -0.0117 -0.8938
vn 0.3476 0.9376 0.0042
vn -0.0011 0.0348 -0.9994
vn -0.5414 -0.8407 -0.0098
vn -0.2917 0.3067 0.9060
vn -0.0614 0.3140 0.9474
vn 0.0256 0.9994 -0.0224
vn -1.0000 0.0031 -0.0005
vn -0.8240 0.4041 -0.3971
vn -0.6543 -0.7561 0.0138
vn -0.2644 0.0923 -0.9600
vn 0.0653 0.9968 0.0471
vn -0.9983 -0.0547 -0.0183
vn 0.0016 -0.0020 1.0000
vn 0.5092 -0.8484 0.1448
vn 0.7895 0.4234 0.4443
vn 1.0000 -0.0000 0.0044
vn 0.0341 -0.0401 0.9986
vn 0.4736 -0.8807 0.0052
vn 0.0079 -0.9999 0.0079
vn 0.0113 -0.4700 0.8826
vn 0.0113 -0.7900 0.6130
vn 1.0000 -0.0041 0.0032
vn -0.0017 -0.0020 1.0000
vn -0.4441 0.8959 -0.0129
vn -0.8641 0.5032 0.0038
vn 0.0127 0.6451 -0.7640
vn -0.4650 -0.8357 -0.2921
vn -0.9910 -0.0823 0.1054
vn -0.5732 -0.0683 0.8165
vn -0.0486 0.7624 0.6453
vn -0.8223 0.0344 -0.5680
vn -0.5169 -0.0238 -0.8557
vn 0.0013 -1.0000 0.0003
vn 0.5341 -0.0244 0.8450
vn -0.0021 -1.0000 -0.0037
vn 0.0191 -0.9998 0.0008
vn 0.8244 0.0284 0.5652
vn 0.5948 0.0157 -0.8037
vn -0.0065 -1.0000 -0.0018
vn -0.0334 0.9992 0.0217
vn 0.0053 -0.0002 1.0000
vn -0.0043 0.0050 1.0000
vn -0.0286 0.8443 0.5351
vn 1.0000 0.0029 0.0013
vn 1.0000 0.0007 0.0004
vn -0.0126 0.0132 -0.9998
vn -0.0336 0.9990 -0.0303
vn -0.0482 0.0505 0.9976
vn -0.8478 0.5302 -0.0051
vn -0.9972 0.0527 0.0528
vn -0.0781 -0.0468 0.9958
vn -0.9980 -0.0465 0.0433
vn 0.0608 0.9961 0.0644
vn -0.0001 1.0000 0.0002
vn -0.0001 1.0000 -0.0008
vn -0.0539 -0.9983 0.0231
vn -0.0342 0.9988 -0.0340
vn 0.0130 0.9008 -0.4340
vn -0.0184 0.4657 -0.8848
vn -0.9950 0.0641 -0.0761
vn -0.6067 0.0019 -0.7950
vn 0.8870 -0.4609 -0.0296
vn 0.9977 0.0594 0.0329
vn 0.0056 -1.0000 -0.0024
vn -0.5528 -0.8333 -0.0045
vn 0.0027 -1.0000 -0.0002
vn 0.7848 0.0239 0.6193
vn 0.8333 -0.0073 0.5528
vn -0.0004 1.0000 -0.0003
vn 0.0005 1.0000 -0.0026
vn 0.1712 0.2503 -0.9529
vn -0.9996 0.0150 -0.0258
vn -0.8080 0.5890 0.0169
vn 0.0029 0.8547 -0.5192
vn -0.0128 0.4996 0.8662
vn 0.9994 -0.0221 0.0260
vn -1.0000 -0.0007 0.0001
vn -0.0046 1.0000 -0.0054
vn -0.0351 0.0524 -0.9980
vn 0.0009 -1.0000 -0.0002
vn -1.0000 -0.0006 -0.0000
vn -0.9988 0.0384 0.0288
vn -1.0000 0.0039 0.0008
vn 0.5912 -0.8063 -0.0188
vn -0.2845 0.9449 0.1617
vn -0.9455 0.2715 -0.1797
vn 0.7793 0.0266 0.6261
vn -0.0004 -1.0000 0.0005
vn -0.6051 -0.7959 -0.0206
vn -0.5348 0.0251 0.8446
vn -0.8664 -0.0236 0.4989
vn -0.0739 -0.9941 -0.0798
vn -0.8699 -0.4834 -0.0980
vn -0.8621 0.0196 -0.5063
vn -0.4976 -0.0312 -0.8669
vn -0.0215 0.9994 0.0259
vn 0.6368 0.3162 -0.7032
vn 0.8745 0.4285 0.2275
vn 0.9981 -0.0403 0.0475
vn 0.4102 -0.9089 -0.0748
vn 0.4104 -0.8135 0.4121
vn 0.6008 0.0308 -0.7988
vn 0.0003 -1.0000 0.0001
vn -0.0597 -0.9979 -0.0254
vn 0.1415 -0.9751 0.1705
vn 0.0000 -1.0000 0.0002
vn -0.0003 1.0000 -0.0002
vn 0.0031 0.0105 -0.9999
vn 0.0283 0.9989 0.0369
vn 0.0239 0.0250 0.9994
vn -0.0194 -0.0459 -0.9988
vn 0.0101 0.8128 -0.5825
vn -0.0018 -0.8370 -0.5473
vn -0.0622 -0.0222 -0.9978
vn 0.0597 0.0583 -0.9965
vn -0.0280 0.0259 0.9993
vn -0.0165 0.0007 -0.9999
vn 0.0047 0.0038 -1.0000
vn 0.6830 0.0056 0.7304
vn -0.0261 -0.9989 0.0385
vn 0.0002 -0.0014 -1.0000
vn 0.0068 0.5706 0.8212
vn 0.0001 -0.0006 1.0000
vn -0.0008 0.0022 1.0000
vn 0.0090 0.9997 0.0237
vn -0.0540 0.0466 0.9975
vn 0.9991 0.0388 0.0197
vn 0.0012 -0.0035 1.0000
vn -0.0016 0.0047 1.0000
vn 0.0070 0.9595 -0.2817
vn 0.0339 0.9991 0.0260
vn 0.0018 1.0000 0.0014
vn -0.0849 -0.1954 -0.9770
vn 0.9997 -0.0012 -0.0239
vn 0.0045 0.0184 -0.9998
vn -0.0243 -0.0343 0.9991
vn 1.0000 0.0042 0.0035
vn -0.2974 -0.9547 -0.0044
vn 0.0602 -0.0601 -0.9964
vn -0.2954 -0.2296 -0.9274
vn 0.4539 0.0052 0.8910
vn 0.0288 0.9979 0.0575
vn -0.0079 -0.9996 -0.0272
vn 0.0019 0.8771 0.4804
vn 0.0023 0.4908 0.8713
vn -1.0000 0.0011 0.0000
vn 0.3000 -0.2910 0.9085
vn 0.7844 -0.5663 -0.2532
vn -0.0044 -1.0000 -0.0000
vn -0.3553 -0.8375 0.4152
vn 0.9984 0.0233 0.0508
vn -0.9977 0.0590 -0.0334
vn -0.9996 0.0068 0.0267
vn -0.4690 0.8829 0.0228
vn -0.8333 0.5524 -0.0225
vn 0.0036 -1.0000 -0.0027
vn -0.9995 -0.0113 -0.0287
vn -0.4711 -0.8821 0.0090
vn -0.0170 0.6448 0.7642
vn 0.2185 0.1819 -0.9587
vn -0.0185 -0.9994 0.0281
vn 1.0000 0.0005 0.0014
vn 0.8775 -0.4794 -0.0143
vn 0.0778 -0.9959 0.0451
vn -0.1129 -0.1599 0.9807
vn 0.0194 0.0317 0.9993
vn -0.0020 1.0000 -0.0002
vn -0.0027 1.0000 -0.0000
vn -0.0010 -0.0001 1.0000
vn 0.0017 0.0019 -1.0000
vn 0.8264 0.5629 0.0108
vn -0.6124 0.0161 0.7904
vn 0.0326 0.8079 -0.5884
vn -0.0222 0.9997 -0.0105
vn -0.0249 0.0020 0.9997
vn -1.0000 -0.0045 0.0038
vn -0.2579 -0.9588 0.1195
vn -0.0914 -0.9923 -0.0838
vn 0.9997 -0.0053 0.0237
vn 0.9997 0.0177 -0.0158
vn 0.0677 0.0353 -0.9971
vn -1.0000 0.0000 0.0012
vn -0.6133 0.0311 -0.7893
vn 0.5823 0.0284 -0.8125
vn -0.8733 0.0126 -0.4870
vn 0.5894 -0.8077 -0.0178
vn 0.0664 0.9966 0.0484
vn 0.0024 -0.0077 1.0000
vn -0.0091 0.3442 -0.9388
vn 0.7978 0.6026 0.0194
vn -0.0043 0.9969 -0.0791
vn 0.4987 -0.0007 0.8668
vn 0.0184 0.0551 -0.9983
vn 0.0029 1.0000 0.0021
vn 0.9996 -0.0267 -0.0008
vn 0.0180 -0.8337 0.5519
vn -0.9992 -0.0360 0.0170
vn -0.6457 -0.0235 0.7632
vn 0.0066 0.6230 0.7822
vn -0.4556 0.0014 -0.8902
vn -0.9387 0.3446 0.0035
vn 0.5206 -0.0218 0.8535
vn 0.0246 -0.8900 0.4553
vn 0.0611 -0.9964 0.0584
vn -0.4708 0.8822 -0.0019
vn -0.9766 -0.1865 0.1075
vn -0.9997 -0.0000 -0.0248
vn 0.5684 -0.8226 -0.0164
vn 0.4140 -0.7708 0.4843
vn 0.6151 -0.0226 -0.7882
vn 0.0002 -0.0005 1.0000
vn -0.5487 0.8360 0.0074
vn -0.9999 0.0113 -0.0087
vn -0.0239 -0.0020 0.9997
vn -0.5441 -0.0010 -0.8390
vn -0.8388 -0.5437 0.0262
vn 0.0002 0.0026 1.0000
vn -0.0001 -0.0012 -1.0000
vn 0.0052 0.0023 -1.0000
vn -0.0054 -0.0017 -1.0000
vn 0.6194 0.7846 0.0285
vn -0.0014 -1.0000 0.0031
vn 0.8478 -0.4814 0.2224
vn 1.0000 -0.0003 0.0005
vn 1.0000 -0.0002 0.0007
vn 0.0002 0.0110 0.9999
vn -0.0283 0.6040 0.7965
vn -0.0400 -0.9989 -0.0231
vn 1.0000 0.0021 0.0024
vn -0.8267 0.5625 0.0146
vn 0.9998 -0.0152 0.0128
vn -0.0830 0.4095 -0.9085
vn 0.4142 -0.0268 -0.9098
vn 0.3880 0.3856 -0.8371
vn 0.0033 0.0222 -0.9997
vn -0.0094 0.9999 -0.0057
vn -0.7952 0.0207 0.6060
vn -0.0225 -0.9109 0.4119
vn 0.4012 -0.8272 0.3933
vn 0.0105 -0.9999 0.0002
vn 0.0870 -0.0494 -0.9950
vn -0.6347 0.3005 -0.7120
vn -0.6845 -0.3099 -0.6599
vn -0.6576 0.3012 0.6905
vn 0.3923 0.3814 0.8371
vn 0.9998 -0.0007 -0.0223
vn -0.0576 -0.0943 0.9939
vn 0.9996 0.0239 -0.0117
vn 1.0000 0.0009 0.0023
vn 0.9999 -0.0038 -0.0164
vn -0.9971 -0.0697 -0.0321
vn 0.9950 -0.0919 -0.0392
vn 0.1428 0.2652 0.9536
vn -0.0516 -0.0487 0.9975
vn -0.0218 -0.8665 0.4987
vn 1.0000 0.0013 -0.0017
vn -0.9977 -0.0248 0.0633
vn -0.5018 -0.8650 0.0018
vn -0.0003 0.0003 1.0000
vn 0.2382 0.2368 0.9419
vn 0.9999 0.0130 -0.0019
vn -0.0000 0.0013 1.0000
vn 0.9992 -0.0293 0.0267
vn 0.9990 0.0356 0.0262
vn -0.9990 0.0444 -0.0090
vn 0.4721 0.0009 -0.8815
vn -0.0005 0.0003 -1.0000
vn 0.0001 -0.0009 1.0000
vn 0.8766 0.4811 -0.0138
vn 0.0008 -0.0010 1.0000
vn 0.4552 0.8900 0.0269
vn -0.0299 0.6140 0.7887
vn -0.9977 0.0420 -0.0533
vn 0.4047 -0.0689 -0.9119
vn 0.4121 0.4015 -0.8179
vn 0.0058 -0.0060 -1.0000
vn 0.0050 0.8793 -0.4762
vn -0.9971 0.0556 -0.0520
vn 0.4604 -0.8877 0.0015
vn 0.4992 -0.0004 0.8665
vn 0.9376 0.0093 0.3477
vn -0.0000 -0.0280 -0.9996
vn -0.0419 0.1157 0.9924
vn 0.0012 -0.8400 -0.5425
vn 0.2335 -0.0489 -0.9711
vn 0.0012 1.0000 0.0000
vn -0.0071 0.4499 -0.8931
vn -0.0507 0.0531 -0.9973
vn -0.4978 0.8673 -0.0009
vn 0.9994 -0.0342 -0.0086
vn -0.9990 0.0422 -0.0159
vn 0.9383 0.0154 0.3455
vn 0.4602 -0.8878 0.0010
vn 0.5372 -0.0004 0.8434
vn 1.0000 0.0048 -0.0067
vn 0.8664 -0.0222 -0.4989
vn 0.5617 0.0275 -0.8269
vn 0.0001 -1.0000 -0.0002
vn -0.5474 -0.0361 0.8361
vn 0.0000 -0.0021 1.0000
vn 1.0000 0.0000 -0.0012
vn 0.1150 -0.9673 -0.2259
vn 0.1210 -0.9926 0.0025
vn -0.0088 -1.0000 0.0012
vn -0.0207 -0.9996 0.0188
vn -1.0000 0.0025 -0.0027
vn -0.6446 0.2980 -0.7040
vn 0.0000 -0.0012 -1.0000
vn 0.3703 0.3794 -0.8479
vn -0.0040 0.0036 -1.0000
vn 1.0000 0.0069 0.0037
vn 0.6082 0.0201 -0.7935
vn 0.7813 0.6237 0.0259
vn 0.0416 0.9959 0.0808
vn 0.0587 0.0483 -0.9971
vn -0.5101 0.0009 -0.8601
vn -0.9990 0.0374 -0.0241
vn 0.0127 0.5905 -0.8070
vn -0.0032 -0.5307 0.8476
vn 0.8818 -0.4715 -0.0080
vn 0.4915 -0.8708 -0.0050
vn 0.0454 -0.0455 -0.9979
vn 0.0400 -0.9989 0.0231
vn -0.8523 -0.0227 -0.5226
vn 0.8791 0.0015 0.4766
vn -0.0221 0.9993 0.0295
vn 0.9999 -0.0000 -0.0132
vn 0.9535 0.2597 -0.1528
vn 0.5746 -0.0164 -0.8183
vn 0.3060 0.9430 0.1308
vn 0.0018 0.9418 -0.3362
vn 0.0000 -1.0000 0.0001
vn 0.0126 -0.9999 -0.0107
vn 0.0032 -1.0000 0.0033
vn 0.6137 0.0209 0.7893
vn -0.8458 -0.3909 0.3632
vn -0.0960 0.9948 0.0333
vn 0.6433 0.2923 -0.7077
vn 0.0553 0.0192 0.9983
vn 0.9990 0.0051 0.0446
vn 0.7314 -0.2873 -0.6185
vn -0.0002 0.9973 0.0740
vn -0.9935 -0.1119 -0.0231
vn -0.4102 0.4040 -0.8176
vn -0.0154 0.0046 -0.9999
vn -0.0002 1.0000 0.0023
vn 0.0783 0.3905 -0.9173
vn -0.0615 0.9950 -0.0793
vn -0.0327 -0.9989 -0.0340
vn -0.8964 -0.4433 -0.0017
vn 0.8056 0.5922 0.0176
vn 0.0073 0.9999 0.0072
vn -0.0009 -0.4576 -0.8891
vn -0.0309 0.0573 0.9979
vn -0.4468 0.8945 0.0132
vn 0.8960 -0.4441 0.0014
vn 0.0055 -0.8930 0.4501
vn -0.2940 0.9279 -0.2292
vn 0.0189 0.0481 -0.9987
vn 0.0013 -0.0002 1.0000
vn -0.0397 0.9984 -0.0396
vn 0.0262 0.8624 -0.5056
vn 0.0183 0.4034 -0.9149
vn -0.0123 -0.9997 0.0201
vn -0.9993 0.0281 -0.0261
vn -0.4517 0.0053 -0.8922
vn 1.0000 0.0017 0.0000
vn 0.0231 -0.9996 0.0176
vn 0.9996 -0.0154 0.0227
vn 0.4592 0.8884 0.0009
vn 0.4921 0.0007 0.8705
vn -0.0659 -0.0080 0.9978
vn -0.0008 -0.9122 0.4097
vn 0.3978 -0.9142 -0.0778
vn 0.3904 -0.8292 0.4000
vn 0.6187 0.0224 -0.7853
vn -1.0000 0.0001 0.0046
vn -0.6624 -0.2994 -0.6867
vn -0.6454 0.2889 0.7071
vn 0.3888 0.3804 0.8391
vn -0.0009 1.0000 -0.0005
vn -0.0007 1.0000 0.0029
vn -0.5760 -0.0212 0.8172
vn 0.2456 0.1956 -0.9494
vn -0.5046 -0.5610 -0.6562
vn 0.7960 0.6052 0.0081
vn 0.5992 0.8006 0.0003
vn 0.9095 0.0143 -0.4154
vn 1.0000 0.0028 0.0024
vn 0.9997 0.0193 -0.0161
vn 0.9993 0.0223 0.0285
vn 0.3510 0.1184 0.9289
vn -1.0000 0.0007 -0.0002
vn -0.0067 0.0690 -0.9976
vn -0.7757 -0.0097 -0.6310
vn 0.8770 0.0025 0.4805
vn 0.2475 0.0119 -0.9688
vn -1.0000 -0.0008 0.0000
vn 0.0016 -0.9999 0.0106
vn -0.6580 -0.7005 0.2764
vn -0.7049 -0.6553 -0.2714
vn 0.3153 -0.9490 0.0051
vn -0.0003 0.0012 1.0000
vn 0.0003 0.0000 -1.0000
vn -0.0128 0.0128 0.9998
vn 0.1665 -0.0017 0.9860
vn -0.0292 0.7627 -0.6460
vn -0.0572 0.9976 0.0402
vn 0.0584 0.0420 0.9974
vn -0.9265 0.1536 -0.3436
vn 0.6347 0.3071 -0.7091
vn 0.6954 0.2959 0.6548
vn 0.9996 0.0193 -0.0202
vn -0.0336 0.0546 0.9979
vn -0.9244 0.3809 0.0221
vn -0.8701 0.0007 0.4928
vn -0.0023 0.0249 -0.9997
vn -0.0499 0.7618 -0.6459
vn -0.0001 -0.0006 -1.0000
vn 0.9999 0.0003 -0.0119
vn 0.0000 0.9998 -0.0202
vn 1.0000 0.0002 0.0006
vn 1.0000 -0.0015 -0.0093
vn 0.9999 0.0023 -0.0134
vn 1.0000 -0.0001 -0.0005
vn 1.0000 -0.0009 -0.0009
vn 0.0176 0.0207 0.9996
vn 0.0251 0.1006 -0.9946
vn 0.0899 -0.0522 0.9946
vn -0.4432 0.0014 -0.8964
vn -0.9514 0.3072 -0.0200
vn -1.0000 -0.0028 0.0019
vn 0.0402 0.9981 -0.0472
vn 1.0000 0.0000 -0.0057
vn 0.0024 -1.0000 0.0004
vn -0.5490 0.0168 0.8357
vn -0.8972 -0.0207 0.4412
vn 0.1541 -0.9881 0.0009
vn -0.0023 -0.0038 -1.0000
vn -0.0252 0.9996 -0.0109
vn -0.0261 0.9754 0.2187
vn -0.9898 -0.1243 -0.0689
vn -0.9948 -0.0580 -0.0838
vn 0.6612 -0.6965 0.2788
vn 0.3653 0.9157 0.1677
vn -0.0102 0.9999 -0.0030
vn -0.0802 0.4212 -0.9034
vn -0.8053 0.5927 0.0105
vn -0.9972 0.0524 -0.0540
vn 0.0226 -0.9997 0.0043
vn 0.0060 0.8798 -0.4753
vn -0.0385 -0.0509 0.9980
vn 0.9385 0.0042 0.3454
vn -0.4677 -0.8838 0.0116
vn 1.0000 0.0010 0.0004
vn -0.0154 -0.9988 0.0465
vn -0.9087 0.4164 0.0275
vn 0.8365 -0.5479 0.0030
vn -0.9612 -0.2757 -0.0027
vn -0.0629 -0.9930 -0.0997
vn -0.2287 0.9510 -0.2079
vn 0.0004 0.0020 1.0000
vn -0.0017 -1.0000 -0.0036
vn -0.0016 -0.9981 0.0624
vn 0.4741 -0.0414 -0.8795
vn -0.1227 -0.9924 0.0078
vn 0.9999 -0.0130 0.0029
vn 0.4367 0.2055 -0.8758
vn 0.3002 0.1391 0.9437
vn -0.2253 -0.9741 0.0206
vn 0.1163 0.9930 -0.0194
vn 0.9997 -0.0239 -0.0014
vn 0.9776 0.0997 -0.1855
vn -0.0308 0.9975 -0.0642
vn -0.0201 0.6119 0.7907
vn -0.0000 -0.0065 1.0000
vn 0.0154 0.0130 -0.9998
vn -0.0002 -0.0005 -1.0000
vn 0.9997 0.0208 0.0142
vn 0.0001 -0.0007 -1.0000
vn -0.0027 -0.0002 1.0000
vn -0.0352 0.1775 0.9835
vn 0.0002 0.0001 1.0000
vn -0.0070 0.0085 -0.9999
vn 0.0093 -0.0013 -1.0000
vn 0.9432 0.0007 -0.3323
vn 0.9969 0.0314 0.0717
vn 0.0002 -0.0008 1.0000
vn -0.0190 -0.0284 -0.9994
vn -0.1512 0.9885 -0.0018
vn 0.0095 0.9999 0.0109
vn 0.0240 0.0240 -0.9994
vn 0.0109 0.9999 -0.0063
vn 0.1811 -0.9805 0.0770
vn -0.0056 0.8512 -0.5248
vn 0.6555 0.0301 -0.7546
vn 0.4218 0.8823 0.2088
vn -0.0133 0.9998 0.0179
vn -0.0275 -0.0178 0.9995
vn 0.0034 -0.0034 -1.0000
vn -0.0061 0.4566 -0.8897
vn -0.0511 0.0509 -0.9974
vn 0.6056 0.0199 -0.7955
vn -0.0001 -1.0000 -0.0003
vn 0.7211 -0.6404 -0.2645
vn -0.0804 0.0871 0.9929
vn 0.4150 -0.0278 -0.9094
vn 0.3861 0.3992 -0.8316
vn -0.0002 -1.0000 -0.0001
vn -0.0000 -1.0000 -0.0005
vn 0.4611 -0.8873 0.0012
vn 0.3479 -0.0202 0.9373
vn 0.0515 0.9981 -0.0326
vn -0.0000 0.0337 -0.9994
vn 0.0111 0.9636 0.2670
vn -0.0322 0.3500 0.9362
vn 0.0046 -1.0000 0.0000
vn -0.0055 1.0000 -0.0014
vn 0.0210 0.9602 -0.2785
vn -0.0516 0.9969 0.0594
vn 0.0001 1.0000 0.0012
vn 0.4711 -0.0019 0.8821
vn 0.3966 -0.8945 -0.2063
vn 0.2694 -0.7232 -0.6359
vn 0.3709 -0.8501 0.3738
vn -0.0115 -0.9999 -0.0035
vn -0.7897 0.0277 -0.6129
vn 1.0000 -0.0057 0.0051
vn -0.6643 -0.5780 0.4739
vn 0.9320 -0.2111 0.2946
vn 0.0039 -1.0000 0.0059
vn -0.9992 -0.0267 -0.0311
vn -0.8230 0.0135 0.5679
vn 0.8333 0.0312 -0.5520
vn -0.0045 1.0000 0.0000
vn -0.0023 1.0000 0.0043
vn -0.1685 0.0702 -0.9832
vn 0.0181 0.0988 -0.9949
vn -0.6734 0.2968 0.6771
vn -0.9981 -0.0477 -0.0391
vn 0.9997 0.0202 -0.0167
vn 0.9999 0.0126 0.0099
vn 0.4726 -0.0236 -0.8809
vn 0.4550 0.8903 0.0186
vn 0.0049 1.0000 -0.0057
vn -0.9991 0.0221 -0.0367
vn -0.4672 0.8832 -0.0407
vn -0.9347 0.3551 -0.0138
vn 0.9982 -0.0445 0.0403
vn 0.0150 0.3223 -0.9465
vn -0.0022 -0.8541 0.5200
vn -1.0000 -0.0032 0.0070
vn 0.7949 0.0201 0.6065
vn 0.0118 -0.9999 0.0021
vn 0.0046 0.0031 1.0000
vn 0.0115 -0.0406 0.9991
vn -0.2028 0.8776 0.4345
vn -0.0877 0.9960 0.0166
vn -0.9857 0.1616 -0.0479
vn -0.9445 -0.1237 0.3043
vn -0.0000 -0.0188 -0.9998
vn 1.0000 0.0002 -0.0002
vn 1.0000 -0.0018 0.0001
vn 1.0000 -0.0015 -0.0001
vn 0.0003 1.0000 0.0082
vn -0.0001 -0.0005 -1.0000
vn 0.2625 0.1124 0.9584
vn -0.0019 -0.0084 -1.0000
vn -0.9565 0.2916 -0.0088
vn 0.0237 0.6143 -0.7887
vn 0.0067 -1.0000 -0.0046
vn -0.0027 -1.0000 0.0028
vn -0.0448 -0.9985 -0.0311
vn -0.8403 0.0017 0.5421
vn 0.9989 0.0315 0.0340
vn -0.8992 0.4091 -0.1551
vn 0.0059 0.0006 1.0000
vn -1.0000 -0.0008 0.0071
vn -0.5334 0.8432 0.0674
vn -0.9995 0.0320 0.0048
vn 0.9969 0.0144 0.0777
vn 0.0121 0.1356 0.9907
vn -0.0130 0.0038 0.9999
vn -1.0000 0.0075 -0.0007
vn -0.9991 -0.0066 -0.0414
vn -0.0006 0.9999 0.0149
vn -0.0004 0.0007 -1.0000
vn -0.7752 0.0231 -0.6312
vn 0.9969 0.0561 0.0549
vn 0.0529 0.9980 0.0349
vn 0.0003 -0.0014 1.0000
vn 0.0080 -0.0033 1.0000
vn -0.9983 -0.0352 -0.0475
vn 0.0043 1.0000 0.0002
vn 0.0043 -0.0246 0.9997
vn 1.0000 -0.0033 0.0028
vn 0.0098 -1.0000 0.0018
vn -0.6227 0.0288 0.7819
vn 0.0416 -0.9991 0.0018
vn 0.6112 0.0284 -0.7910
vn -0.0050 -0.0077 -1.0000
vn 0.3645 -0.0110 -0.9311
vn -0.0316 -0.0229 0.9992
vn -0.8801 -0.0128 0.4746
vn 0.0105 0.0171 0.9998
vn 0.8717 -0.0194 -0.4897
vn 0.4563 -0.8893 -0.0297
vn 0.0299 -0.9992 0.0266
vn -0.0033 1.0000 0.0004
vn -1.0000 0.0001 0.0021
vn -1.0000 -0.0002 -0.0014
vn -1.0000 -0.0081 0.0016
vn -0.4608 0.2172 -0.8605
vn -0.2704 0.1229 0.9549
vn 0.0477 0.9970 0.0612
vn 0.9658 -0.1734 -0.1926
vn 0.9370 0.3491 -0.0152
vn 0.4547 0.0007 -0.8907
vn 0.3548 0.9348 -0.0148
vn -0.0009 0.0008 -1.0000
vn -0.6191 0.0187 0.7851
vn -0.9997 -0.0262 -0.0022
vn -0.2728 -0.9607 -0.0516
vn 0.0007 -0.9998 -0.0193
vn 0.0338 -0.9840 0.1747
vn -0.0207 -0.0165 0.9996
vn 0.9991 0.0328 -0.0269
vn -0.0256 -0.8462 0.5323
vn -0.8915 -0.0170 0.4528
vn -0.5597 -0.8285 0.0186
vn 0.8337 -0.5518 -0.0227
vn 0.8473 -0.0060 -0.5310
vn 0.0342 0.0277 -0.9990
vn -0.0331 -0.9994 -0.0039
vn 0.0000 -0.8695 -0.4939
vn -0.9999 -0.0159 -0.0064
vn -0.3668 -0.9148 0.1693
vn -0.0120 0.0009 -0.9999
vn -0.8426 0.0250 -0.5380
vn 0.8349 0.0090 0.5503
vn 0.9977 -0.0517 0.0436
vn -0.0022 -0.5451 0.8384
vn 0.0500 -0.9975 0.0505
vn 1.0000 -0.0022 0.0004
vn 1.0000 0.0000 -0.0007
vn 0.0170 0.1647 0.9862
vn -0.0040 0.0031 1.0000
vn -0.2153 0.9724 0.0896
vn -0.1870 -0.0162 0.9822
vn -0.0832 0.9899 0.1146
vn -0.0178 0.0232 -0.9996
vn -0.9970 -0.0463 -0.0625
vn 0.0455 0.9970 -0.0630
vn 0.0035 0.0237 -0.9997
vn 0.0296 0.2142 0.9763
vn 0.0365 0.2147 0.9760
vn 0.0531 0.9980 0.0332
vn -0.9999 -0.0102 0.0017
vn 0.8594 -0.0089 0.5112
vn -0.1974 0.1193 -0.9730
vn -0.1492 0.2120 0.9658
vn -0.1326 0.1397 -0.9813
vn -0.9994 -0.0223 -0.0267
vn -0.9995 0.0236 0.0206
vn -0.0818 -0.4605 -0.8839
vn -0.8800 0.4746 -0.0189
vn -0.0038 -0.0001 1.0000
vn -0.0207 -0.0465 -0.9987
vn -0.2812 -0.9590 -0.0342
vn 0.0605 -0.0672 -0.9959
vn 0.0574 0.9977 0.0359
vn 1.0000 0.0012 -0.0014
vn 0.9534 0.0060 -0.3016
vn 0.9986 0.0459 0.0280
vn 0.2075 -0.4453 -0.8710
vn -0.9995 -0.0244 0.0191
vn -0.5119 -0.8590 0.0120
vn -0.9953 0.0179 0.0955
vn 0.0782 0.1132 0.9905
vn 0.9983 0.0512 0.0276
vn 0.4284 0.9027 0.0403
vn 0.0368 0.9992 -0.0146
vn 0.0000 0.9997 0.0227
vn -0.9998 -0.0206 -0.0071
vn -0.0043 -0.0035 -1.0000
vn -0.0014 -0.0010 -1.0000
vn 0.0032 -1.0000 0.0003
vn 0.0000 -0.9994 -0.0347
vn -0.5199 -0.8539 0.0246
vn -0.0060 0.3766 0.9264
vn 0.9987 -0.0185 0.0470
vn 0.9582 0.2857 -0.0123
vn 0.5056 0.0024 0.8627
vn 0.5347 0.8435 0.0505
vn -0.0107 -0.9674 0.2528
vn -0.0041 -0.0044 1.0000
vn 0.9068 -0.0061 0.4215
vn 0.9993 -0.0264 0.0263
vn -0.0222 -0.9997 0.0035
vn 0.9937 -0.0204 -0.1102
vn 0.1135 -0.9523 -0.2832
vn 0.0000 1.0000 0.0014
vn 0.0256 -0.9645 0.2628
vn -0.0084 -0.8344 0.5512
vn 0.0125 -0.9999 -0.0000
vn 0.0156 -0.9998 0.0124
vn 0.1302 -0.9915 0.0042
vn -0.0336 -0.9990 -0.0287
vn 0.0876 -0.9843 0.1531
vn 0.0016 -1.0000 0.0068
vn 0.0228 0.9997 0.0000
vn 0.0054 0.8407 0.5414
vn -0.0167 0.0156 0.9997
vn 0.0037 -1.0000 0.0000
vn 0.0046 0.0000 -1.0000
vn 0.0052 0.0041 -1.0000
vn -1.0000 0.0000 -0.0072
vn 0.9989 0.0290 0.0358
vn -0.4323 -0.9017 -0.0074
vn 0.0035 -0.0002 1.0000
vn 0.0328 0.0010 0.9995
vn 0.0345 0.0045 0.9994
vn 0.0475 0.9969 0.0632
vn -0.0193 0.6113 0.7912
vn -0.0212 0.9995 -0.0219
vn 1.0000 0.0014 0.0003
vn -0.0205 0.6027 -0.7977
vn 0.9583 0.2418 0.1526
vn 0.9961 0.0872 0.0144
vn -0.0238 0.5530 0.8328
vn 1.0000 0.0022 0.0034
vn -0.0016 1.0000 0.0032
vn -0.0217 0.0259 -0.9994
vn 0.9083 -0.2997 -0.2919
vn 0.1133 -0.9875 -0.1092
vn -0.3057 -0.7335 -0.6071
vn -0.0000 -0.3394 -0.9406
vn -0.0275 0.0420 0.9987
vn 0.9512 -0.3075 0.0257
vn 0.0971 -0.2903 0.9520
vn -0.0127 0.9999 0.0033
vn -0.0212 0.9994 0.0259
vn -0.5746 0.4932 -0.6531
vn -0.6786 0.6729 0.2944
vn -0.9995 -0.0001 0.0310
vn -0.1819 -0.9786 0.0963
vn -0.0929 -0.9908 0.0980
vn 0.9884 0.0770 0.1309
vn 0.4836 -0.0023 -0.8753
vn 0.0003 0.0023 -1.0000
vn -0.0110 -0.0030 0.9999
vn 0.9172 0.3841 0.1064
vn -0.9997 0.0252 -0.0056
vn -0.0014 -0.9457 0.3252
vn 0.0178 -0.9998 0.0107
vn -0.9455 0.1281 -0.2994
vn 0.9230 0.3849 -0.0021
vn -0.9022 0.3122 -0.2975
vn -0.0027 0.5059 0.8626
vn 0.0236 0.8800 -0.4744
vn 0.0626 -0.9939 0.0907
vn -0.0203 0.5295 -0.8481
vn 0.9120 0.4064 0.0562
vn 0.8308 0.3931 0.3941
vn 1.0000 0.0027 0.0053
vn -0.0043 -1.0000 -0.0046
vn 0.0027 -0.9967 0.0809
vn 0.0012 0.0008 1.0000
vn -0.8142 -0.4600 0.3542
vn -0.0683 0.9967 0.0438
vn 0.0084 0.0175 0.9998
vn 0.7053 -0.2718 -0.6547
vn -1.0000 -0.0001 0.0002
vn -0.8945 0.4469 -0.0146
vn -0.0221 0.9995 -0.0222
vn 0.4112 -0.8948 -0.1740
vn -0.0204 0.3563 0.9342
vn -1.0000 0.0001 -0.0009
vn -0.8893 0.0017 0.4572
vn -0.0221 0.9331 0.3590
vn -0.9996 -0.0139 -0.0231
vn -0.1028 -0.0218 -0.9945
vn -0.0465 0.0195 0.9987
vn -0.9987 -0.0184 0.0479
vn -0.0357 -0.9980 0.0526
vn 0.3759 0.9247 -0.0598
vn 0.0100 -0.0012 -0.9999
vn 0.3600 0.7631 -0.5367
vn -1.0000 0.0000 0.0005
vn -0.0008 -0.8938 -0.4484
vn 0.0000 0.0003 1.0000
vn 0.0032 -0.0030 1.0000
vn -0.9163 0.4001 0.0175
vn -0.6132 0.0239 0.7895
vn -0.8052 0.0151 0.5928
vn -0.0046 0.0035 1.0000
vn -1.0000 -0.0017 0.0016
vn -0.0205 0.9991 0.0363
vn 0.9999 -0.0162 0.0027
vn -0.0342 0.0241 0.9991
vn -0.9841 -0.1609 -0.0759
vn -0.9807 -0.1947 -0.0158
vn 0.5375 0.0967 0.8377
vn 0.6809 -0.6529 -0.3318
vn 0.2958 0.1386 0.9452
vn -0.9998 0.0067 0.0188
vn -0.2498 -0.2617 -0.9323
vn -0.0008 1.0000 0.0045
vn -0.9936 -0.0882 -0.0701
vn -0.0351 -0.9990 -0.0267
vn -0.1319 -0.9247 0.3572
vn 0.4993 -0.1715 0.8493
vn 0.5079 -0.8614 -0.0091
vn -0.0359 -0.9991 -0.0213
vn 1.0000 0.0020 -0.0026
vn -0.9997 0.0029 0.0227
vn -0.0573 0.0699 0.9959
vn -0.9996 0.0257 0.0113
vn 1.0000 0.0005 -0.0002
vn -0.0093 0.9964 0.0844
vn -0.0018 0.5023 -0.8647
vn -0.7439 -0.5974 -0.2995
vn 0.0032 0.0059 -1.0000
vn -0.0115 0.9976 0.0680
vn 0.0025 0.9891 0.1469
vn -0.5747 0.2795 -0.7691
vn -0.9990 0.0444 -0.0102
vn -0.0099 0.9997 -0.0227
vn -0.4558 0.8901 -0.0055
vn 0.0104 -0.0129 0.9999
vn -0.0298 -0.5233 0.8517
vn -0.0520 -0.9974 0.0506
vn 0.0054 0.8412 -0.5408
vn -0.5263 -0.0111 0.8502
vn -0.0034 -1.0000 0.0077
vn -0.0466 0.2434 0.9688
vn -1.0000 0.0005 -0.0001
vn 0.5649 0.0476 -0.8238
vn 0.0051 -0.0065 -1.0000
vn -0.0000 -0.0022 -1.0000
vn 1.0000 0.0025 0.0007
vn 0.6568 -0.6983 0.2847
vn -0.0526 0.0512 0.9973
vn 0.0459 -0.9986 -0.0280
vn 0.0010 0.0023 -1.0000
vn -0.0482 0.0471 -0.9977
vn -0.8046 -0.0186 -0.5936
vn -0.0008 0.0007 1.0000
vn -0.0008 -1.0000 0.0021
vn -0.0036 -0.0008 1.0000
vn 0.0002 -1.0000 -0.0007
vn 0.0022 -1.0000 -0.0011
vn -0.0003 -0.0003 1.0000
vn 0.0127 0.2848 0.9585
vn 0.0141 0.9998 0.0166
vn -0.0412 0.9979 0.0506
vn 0.0101 0.9999 -0.0009
vn 0.0246 0.0694 -0.9973
vn 0.0147 -0.9988 -0.0471
vn -0.0190 0.9997 0.0168
vn -0.1073 -0.9822 0.1544
vn -0.0216 -0.9998 -0.0012
vn -0.0381 0.9871 0.1553
vn -0.0478 0.0568 0.9972
vn -0.0489 0.9975 0.0514
vn -0.0486 0.0488 0.9976
vn -0.0262 0.0292 0.9992
vn -0.0028 -0.0389 -0.9992
vn -0.0540 0.9982 0.0252
vn -0.0261 0.2421 0.9699
vn -0.0512 0.9974 0.0511
vn 0.6870 -0.6728 -0.2745
vn -0.9993 -0.0345 -0.0132
vn -0.9999 -0.0152 0.0000
vn -0.5276 -0.8494 -0.0086
vn -0.4210 -0.7661 0.4856
vn -0.0020 -0.0015 1.0000
vn -0.4055 -0.8240 -0.3957
vn -0.0373 -0.0345 -0.9987
vn -0.0014 -0.0124 0.9999
vn 0.0067 -1.0000 0.0000
vn -0.0046 -1.0000 -0.0082
vn 0.7540 -0.5942 0.2799
vn 0.8367 0.3587 0.4139
vn -0.0452 -0.0680 0.9967
vn 1.0000 0.0013 0.0011
vn 1.0000 -0.0001 0.0008
vn -0.7791 0.0266 -0.6264
vn 0.0051 1.0000 0.0001
vn -0.0004 1.0000 -0.0001
vn -1.0000 -0.0099 0.0004
vn -1.0000 -0.0068 0.0041
vn 0.0029 -1.0000 0.0039
vn -0.0023 1.0000 0.0001
vn -0.0127 0.4767 -0.8790
vn -0.8031 0.3334 -0.4939
vn -0.1463 0.0885 0.9853
vn -1.0000 0.0015 -0.0018
vn -0.0291 -0.9992 -0.0269
vn 0.7755 0.3535 -0.5231
vn -0.0128 -0.9998 0.0143
vn 0.0110 0.0771 -0.9970
vn -0.0017 -1.0000 0.0045
vn -0.0025 0.5553 -0.8316
vn -1.0000 -0.0005 0.0001
vn -0.7914 0.0127 -0.6111
vn 0.0103 0.0229 -0.9997
vn 0.0018 -1.0000 -0.0058
vn 0.7555 0.0161 0.6549
vn 0.1037 -0.9946 0.0010
vn -0.0002 -1.0000 -0.0032
vn -0.0014 -0.5080 -0.8614
vn 0.0031 -1.0000 0.0000
vn 0.0144 -0.9999 -0.0093
vn -0.0003 0.0004 -1.0000
vn -0.4109 -0.0058 -0.9117
vn -0.3084 0.0760 -0.9482
vn -0.9973 -0.0528 -0.0507
vn -0.6014 -0.7983 0.0305
vn -0.9909 0.1268 0.0443
vn -0.5916 -0.0172 0.8061
vn -1.0000 0.0011 0.0002
vn 0.0019 -1.0000 0.0049
vn -0.1880 -0.1430 -0.9717
vn -0.9995 -0.0242 0.0222
vn 0.9999 -0.0172 -0.0009
vn 0.0123 -0.5256 0.8506
vn -0.5546 -0.0120 0.8321
vn 0.5076 -0.8616 -0.0003
vn -1.0000 0.0013 -0.0072
vn -0.9998 -0.0198 0.0000
vn -0.8043 0.0290 0.5935
vn 0.6680 0.0604 0.7417
vn -0.8322 0.0575 -0.5515
vn 0.0044 -0.0092 0.9999
vn -0.0639 -0.9967 0.0492
vn 0.8351 0.0290 -0.5493
vn -0.1198 0.0001 0.9928
vn -0.0001 1.0000 0.0003
vn 0.0477 -0.0366 -0.9982
vn -0.0091 1.0000 -0.0011
vn 0.5534 0.2200 -0.8033
vn 0.0448 0.9976 -0.0526
vn -0.0105 0.9953 -0.0961
vn 0.0106 0.9997 0.0202
vn 0.9993 0.0315 -0.0192
vn 0.9995 0.0254 0.0165
vn 0.4394 -0.0207 -0.8980
vn -0.0007 0.0057 -1.0000
vn 0.0006 0.0004 1.0000
vn 0.4864 0.8737 -0.0083
vn 0.2854 -0.2877 -0.9142
vn -0.0022 0.0000 -1.0000
vn -1.0000 -0.0006 0.0028
vn 0.0136 -0.0023 0.9999
vn 0.0032 -0.0023 -1.0000
vn 0.2652 0.9579 0.1098
vn 0.2452 0.1793 0.9527
vn -0.6763 -0.5219 0.5199
vn 0.0501 -0.9987 0.0068
vn 0.2265 -0.0435 -0.9730
vn 0.3148 -0.6866 0.6553
vn 0.9989 0.0075 0.0454
vn 0.4762 -0.6166 0.6269
vn 0.0008 -0.0004 1.0000
vn -1.0000 0.0038 0.0018
vn -0.0096 0.0001 1.0000
vn 0.5113 0.8594 -0.0043
vn -0.9835 -0.1595 -0.0851
vn 0.0805 0.9899 0.1169
vn 0.6542 -0.7029 0.2791
vn 0.2045 0.9736 0.1014
vn 0.7055 -0.6551 -0.2702
vn -0.9989 -0.0219 -0.0416
vn -0.4512 -0.8924 0.0011
vn -0.0579 0.0828 0.9949
vn 0.0002 -1.0000 -0.0002
vn 0.0168 -0.9907 0.1348
vn 1.0000 0.0001 -0.0008
vn 0.4514 -0.2673 -0.8513
vn 0.0959 -0.9791 -0.1793
vn 0.0012 -1.0000 -0.0038
vn -0.0000 0.0002 -1.0000
vn 1.0000 -0.0060 -0.0069
vn 0.0061 0.0002 -1.0000
vn 0.0026 0.0021 -1.0000
vn 0.0000 -0.0009 1.0000
vn 1.0000 -0.0002 0.0000
vn 1.0000 -0.0017 0.0017
vn 0.2500 -0.1549 0.9558
vn -0.0019 0.0066 -1.0000
vn -0.0568 -0.5892 -0.8060
vn 0.0104 -0.0127 0.9999
vn 0.0269 -0.8385 0.5442
vn 0.0022 -1.0000 -0.0022
vn 0.0141 -0.9999 0.0001
vn -0.0004 -0.9999 -0.0113
vn -0.3939 0.1852 -0.9003
vn -0.6376 0.2975 0.7105
vn 0.3852 0.3834 0.8394
vn 0.0004 1.0000 0.0019
vn -0.9935 0.0966 -0.0595
vn 0.0142 0.1724 -0.9849
vn -0.8635 0.5031 -0.0367
vn -0.8982 -0.0747 0.4332
vn -0.8262 0.3415 0.4480
vn -1.0000 0.0043 -0.0050
vn -1.0000 -0.0010 0.0017
vn -0.7809 0.0233 -0.6242
vn 0.7919 0.0207 0.6103
vn -0.0746 -0.9952 -0.0634
vn 0.0002 -0.0001 1.0000
vn 0.0067 0.0017 1.0000
vn -0.0650 -0.9972 -0.0373
vn 0.0001 -0.0002 1.0000
vn -0.0000 -0.0002 -1.0000
vn 0.0003 0.0002 -1.0000
vn 0.0006 0.0002 -1.0000
vn 0.5705 0.8209 0.0253
vn -0.0011 0.0020 -1.0000
vn -1.0000 -0.0014 0.0009
vn -0.9998 0.0047 -0.0171
vn 0.1057 0.4230 0.8999
vn 0.0432 0.9989 -0.0185
vn -1.0000 -0.0004 -0.0005
vn 0.0617 0.9955 -0.0713
vn -0.8028 0.5339 0.2654
vn 0.8926 -0.0044 0.4508
vn 0.2195 0.8748 0.4320
vn -0.4387 -0.0050 0.8986
vn 0.0715 0.0338 0.9969
vn 0.0000 1.0000 0.0003
vn 0.0007 0.0006 -1.0000
vn 0.0052 0.0010 -1.0000
vn -0.6467 -0.0008 -0.7628
vn -0.0003 -0.0002 -1.0000
vn -1.0000 -0.0000 0.0015
vn 0.0000 0.9998 -0.0183
vn -0.0000 0.0004 1.0000
vn 0.0016 0.0006 1.0000
vn 0.0049 0.0047 1.0000
vn 0.0007 -1.0000 -0.0044
vn 0.0487 -0.9980 0.0398
vn 0.0019 -1.0000 0.0032
vn -0.0018 -1.0000 0.0018
vn 0.0029 -1.0000 0.0000
vn 0.0009 -1.0000 0.0000
vn -0.0246 -0.5078 0.8611
vn 0.0008 0.0000 1.0000
vn -0.0165 -0.9997 0.0187
vn 0.0098 0.0145 -0.9998
vn 0.0020 -1.0000 0.0000
vn -0.0301 0.8429 0.5372
vn -0.0214 -0.0371 0.9991
vn -0.7764 0.0919 -0.6235
vn -0.0505 0.9987 0.0000
vn 0.0529 0.0023 -0.9986
vn -0.0004 0.0039 1.0000
vn 0.0029 -0.9999 -0.0157
vn -1.0000 0.0009 0.0010
vn -1.0000 -0.0019 -0.0002
vn -0.9995 -0.0266 -0.0192
vn -1.0000 0.0002 -0.0003
vn 0.0156 0.7649 0.6439
vn -1.0000 0.0008 0.0001
vn -1.0000 -0.0010 0.0013
vn -0.9999 -0.0123 0.0104
vn -0.9999 -0.0136 0.0017
vn -0.4602 0.2183 -0.8606
vn 0.9586 -0.1764 -0.2233
vn -0.1684 0.0747 0.9829
vn -0.0830 0.0846 0.9929
vn -0.0005 0.0000 -1.0000
vn -1.0000 0.0016 -0.0007
vn 0.5978 0.8010 0.0334
vn 0.0013 0.0007 1.0000
vn -0.0220 -0.9997 -0.0068
vn -0.9998 -0.0138 -0.0131
vn 1.0000 0.0049 -0.0011
vn -0.0421 -0.9986 -0.0308
vn 1.0000 0.0040 0.0040
vn -0.5402 -0.6663 -0.5140
vn -0.0242 -0.9972 0.0704
vn 0.0008 -1.0000 -0.0007
vn 0.9998 0.0058 -0.0175
vn 0.5403 0.8410 0.0285
vn 0.0501 0.9976 -0.0479
vn -0.0214 0.8402 0.5419
vn -0.0312 -0.0015 -0.9995
vn -0.6261 0.0266 0.7793
vn -0.0021 1.0000 -0.0006
vn -0.0293 0.5513 0.8338
vn 0.0004 0.0022 -1.0000
vn -1.0000 0.0001 0.0008
vn 0.0076 0.4018 -0.9157
vn -0.0054 1.0000 -0.0035
vn 0.0460 0.9976 -0.0512
vn -0.7283 -0.6295 0.2708
vn -0.8419 0.3916 0.3714
vn -1.0000 0.0005 -0.0003
vn 0.9989 0.0228 -0.0407
vn 0.8290 0.5588 0.0220
vn -0.4968 -0.8676 -0.0232
vn -0.1150 -0.0591 0.9916
vn -0.0061 -0.0100 0.9999
vn -0.9993 0.0342 -0.0139
vn -0.7968 0.0198 -0.6039
vn 0.0253 -0.8484 -0.5287
vn 0.9955 0.0851 0.0414
vn 0.8380 -0.0076 0.5457
vn -0.4997 0.0010 0.8662
vn 0.0127 0.9999 0.0003
vn -0.9998 -0.0180 0.0000
vn -0.8783 0.0003 -0.4781
vn 0.8885 -0.4583 0.0218
vn 0.0016 -0.9999 0.0149
vn -0.0032 -0.9944 0.1059
vn -1.0000 -0.0030 -0.0033
vn -0.6127 0.0215 0.7901
vn 0.0000 0.0014 -1.0000
vn -0.0039 0.0041 -1.0000
vn -0.4808 0.8768 0.0004
vn 0.0000 -0.0016 1.0000
vn 0.0091 -1.0000 0.0000
vn -0.9999 -0.0105 0.0097
vn 0.2057 -0.4289 -0.8796
vn -0.9998 0.0192 -0.0031
vn -1.0000 0.0054 -0.0009
vn -0.5007 -0.8654 0.0203
vn 0.0249 0.0426 0.9988
vn -0.4167 -0.4135 -0.8095
vn -0.0342 0.9992 -0.0221
vn -0.9889 0.1473 -0.0169
vn -0.9998 0.0168 -0.0112
vn 0.0046 0.5300 -0.8480
vn -0.0517 0.0541 -0.9972
vn 0.0338 -0.0251 0.9991
vn -0.0374 -0.0411 0.9985
vn -0.0001 -0.0003 1.0000
vn -0.0058 -0.1397 -0.9902
vn 0.0044 0.9994 -0.0342
vn 0.0319 0.0596 -0.9977
vn 0.0484 0.9959 0.0767
vn -0.0172 -0.5939 -0.8043
vn 0.0005 -0.0006 -1.0000
vn 0.4806 -0.0130 -0.8769
vn 0.0023 0.8524 -0.5228
vn 0.0481 0.0588 -0.9971
vn -0.0271 -0.9979 0.0590
vn 0.5557 -0.0018 -0.8314
vn 0.7625 0.6452 0.0469
vn -0.0256 -0.8538 0.5200
vn 0.0297 -0.9989 0.0360
vn -0.0176 0.9998 -0.0000
vn -0.0037 0.8952 -0.4456
vn -0.0031 0.4427 -0.8967
vn -0.0246 0.0512 -0.9984
vn 0.0000 1.0000 -0.0093
vn 0.0005 0.0012 1.0000
vn -0.0011 -0.0011 -1.0000
vn -0.0007 0.0004 -1.0000
vn -0.0064 -0.0411 -0.9991
vn 0.0016 -0.9999 -0.0158
vn 0.0040 1.0000 -0.0044
vn -0.0026 -0.0016 -1.0000
vn 0.0005 -1.0000 0.0003
vn -0.0437 -0.9990 0.0030
vn 0.5812 -0.8138 0.0024
vn 0.0037 -1.0000 0.0012
vn -0.0482 -0.9987 -0.0161
vn -0.0157 -0.9606 0.2773
vn -0.6139 0.0203 0.7891
vn -1.0000 0.0030 -0.0006
vn -1.0000 0.0010 -0.0001
vn 0.0118 0.7904 0.6125
vn -0.8514 -0.3651 -0.3766
vn -0.8271 0.5620 -0.0041
vn 0.0004 -0.8657 0.5005
vn -0.9967 0.0471 -0.0662
vn 0.9718 -0.0351 0.2331
vn 0.5353 -0.8442 -0.0257
vn -0.0187 0.5045 0.8632
vn 0.8867 0.2422 -0.3938
vn 0.9997 0.0034 0.0257
vn 0.0008 0.9867 -0.1628
vn -0.5306 -0.8476 -0.0025
vn 1.0000 0.0000 0.0029
vn 0.6021 0.7980 0.0263
vn -0.9998 -0.0217 0.0043
vn 0.0011 -0.0031 1.0000
vn -0.0049 0.0023 1.0000
vn -0.0044 0.0022 1.0000
vn 1.0000 0.0020 0.0010
vn 0.5426 0.8399 0.0058
vn -0.0035 1.0000 0.0003
vn -0.0001 -0.0218 0.9998
vn -0.0141 0.4704 -0.8823
vn 0.9999 -0.0129 -0.0003
vn 0.0009 -1.0000 0.0011
vn 0.0011 -0.8959 -0.4442
vn 0.3435 0.0003 -0.9392
vn -0.8722 0.4892 0.0028
vn -0.9972 0.0490 -0.0569
vn -0.0139 -0.9989 0.0445
vn 0.1010 -0.9940 0.0427
vn 1.0000 -0.0060 -0.0057
vn 0.6037 0.0177 0.7970
vn -0.0017 -1.0000 -0.0006
vn -0.3006 -0.2961 -0.9066
vn 0.0235 -0.0424 0.9988
vn -0.5798 0.0149 0.8146
vn -0.9611 0.2763 0.0002
vn 0.8385 -0.5448 -0.0117
vn -0.0154 0.4216 0.9067
vn 0.0000 -0.0323 -0.9995
vn 0.0037 -0.9995 -0.0311
vn 0.0176 0.9998 0.0106
vn -0.4018 0.5326 -0.7449
vn 0.9993 0.0197 -0.0306
vn 0.0345 0.9976 -0.0602
vn -1.0000 -0.0006 -0.0055
vn -0.0009 -0.8541 0.5202
vn -0.9988 0.0456 0.0194
vn -1.0000 -0.0027 -0.0002
vn 0.9995 -0.0000 -0.0324
vn 0.8420 -0.5395 0.0049
vn 0.4806 0.0055 -0.8769
vn 0.0656 0.0799 -0.9946
vn 0.0014 -0.4542 -0.8909
vn 0.0000 1.0000 -0.0009
vn -0.0074 1.0000 -0.0018
vn -0.9996 0.0290 -0.0000
vn 0.0095 0.9999 -0.0099
vn -0.6628 0.7476 -0.0428
vn -0.9995 0.0305 -0.0000
vn -0.0150 -0.0182 0.9997
vn 0.0144 0.5804 0.8142
vn -0.8345 0.0074 -0.5509
vn 0.0118 -0.9999 0.0001
vn 0.0050 -1.0000 -0.0052
vn 0.7985 0.0365 0.6009
vn 0.9999 -0.0016 -0.0114
vn 0.0112 0.0093 -0.9999
vn -1.0000 -0.0003 0.0001
vn -0.4568 -0.8896 0.0036
vn 0.9999 0.0102 0.0031
vn 0.0155 0.9998 -0.0107
vn 0.4348 -0.8983 0.0634
vn 0.8371 0.3586 0.4132
vn -0.0213 0.0390 -0.9990
vn 0.0163 0.9998 -0.0107
vn 0.5174 -0.0186 0.8555
vn -0.0109 0.0178 -0.9998
vn -0.0202 0.9437 -0.3303
vn 0.0073 0.0255 -0.9996
vn -0.0536 0.0520 0.9972
vn -0.4548 0.8906 -0.0058
vn 0.0012 0.8535 -0.5210
vn -0.9993 0.0368 -0.0119
vn -0.0188 0.9997 -0.0164
vn 0.0009 -1.0000 0.0010
vn -0.0044 -1.0000 0.0057
vn -0.6219 0.0261 0.7826
vn -0.7944 0.3677 -0.4834
vn -0.9313 0.3641 -0.0110
vn -0.9991 -0.0241 0.0335
vn -0.4090 0.9124 0.0173
vn -0.3827 0.8388 0.3871
vn 0.8089 -0.0305 0.5872
vn -0.0721 0.9083 0.4120
vn 0.0412 0.9990 0.0155
vn 0.0164 0.9996 -0.0216
vn -0.0002 1.0000 0.0000
vn -0.6452 -0.7639 0.0136
vn 0.9973 0.0688 0.0259
vn -0.0331 0.9991 0.0260
vn 0.0002 -0.0019 1.0000
vn -0.8868 -0.4622 -0.0041
vn 0.0071 0.0025 1.0000
vn 0.0092 -0.0044 0.9999
vn -0.0072 0.0016 1.0000
vn 0.0147 -0.0169 0.9997
vn -0.5308 -0.8471 0.0266
vn 0.4984 -0.0102 0.8669
vn 0.5569 -0.0010 0.8306
vn -0.0008 -0.5323 0.8465
vn -0.8632 0.5042 -0.0261
vn 0.8535 -0.0076 0.5210
vn 1.0000 0.0003 0.0002
vn 0.1280 0.9890 0.0738
vn 0.2586 0.2107 0.9427
vn 0.0069 0.9996 -0.0256
vn 0.9999 0.0022 0.0152
vn 0.9999 -0.0166 -0.0039
vn 0.0012 -0.0029 -1.0000
vn -0.0574 0.0699 0.9959
vn -0.0332 -0.9991 0.0273
vn -0.5053 -0.0075 0.8629
vn -0.9991 -0.0106 0.0421
vn -0.0170 0.5912 -0.8063
vn 0.0007 0.0007 1.0000
vn -0.8100 0.5856 0.0315
vn 0.0223 0.3256 -0.9452
vn 0.0135 0.0061 -0.9999
vn 0.0336 0.9992 0.0208
vn 0.9959 0.0642 0.0644
vn 0.8322 -0.0085 0.5544
vn -0.0236 0.9997 0.0064
vn 0.8309 0.0278 -0.5557
vn 0.4926 0.0133 -0.8701
vn 0.0565 0.0680 -0.9961
vn 0.0369 -0.9991 -0.0193
vn -0.4776 -0.0026 0.8786
vn 0.5707 0.0121 -0.8211
vn -0.0001 -1.0000 -0.0002
vn -0.1513 -0.1081 0.9826
vn -0.1117 -0.1732 0.9785
vn 0.0244 -0.0000 0.9997
vn -1.0000 -0.0020 0.0016
vn -0.8446 -0.0158 -0.5352
vn -0.0003 0.9933 -0.1157
vn 0.0043 0.2336 -0.9723
vn -0.0166 0.9998 0.0108
vn -0.8845 0.4662 0.0201
vn -0.9998 0.0160 -0.0130
vn 0.9987 -0.0354 -0.0356
vn 0.8830 -0.4687 0.0240
vn -0.0284 -0.8405 0.5411
vn -0.7968 0.6040 0.0160
vn -0.6053 0.7959 -0.0156
vn 0.0017 -0.5415 -0.8407
vn -0.9998 -0.0000 0.0206
vn 0.0019 1.0000 -0.0021
vn 0.0532 -0.0404 -0.9978
vn 0.0003 0.5115 0.8593
vn 0.9379 0.1584 -0.3087
vn 0.9010 0.3076 -0.3059
vn 0.1637 0.9863 0.0178
vn 0.0013 1.0000 -0.0009
vn -0.0005 -0.5495 -0.8355
vn 1.0000 0.0023 -0.0035
vn 0.4907 0.0069 -0.8713
vn 0.9971 0.0671 0.0347
vn 0.8896 0.0049 0.4568
vn 0.0507 0.9973 0.0531
vn 0.9999 -0.0088 0.0129
vn 0.4857 -0.0080 0.8741
vn 1.0000 -0.0022 -0.0051
vn -0.0292 0.9996 0.0027
vn 0.0365 0.0000 0.9993
vn 0.0411 0.2380 -0.9704
vn 0.8416 -0.0311 -0.5393
vn 0.8941 0.4477 0.0125
vn 0.4819 0.0062 -0.8762
vn 0.0592 0.0822 -0.9949
vn -0.0106 0.8368 0.5475
vn -0.6845 0.7279 0.0409
vn 0.9990 -0.0232 -0.0377
vn -0.0069 -0.8476 0.5305
vn 0.0351 0.9993 -0.0146
vn -0.0019 0.9985 -0.0550
vn 0.2632 0.2612 0.9287
vn -0.0006 -0.0018 1.0000
vn -0.6791 0.2703 -0.6825
vn 0.1029 -0.9735 -0.2044
vn 0.1071 -0.9897 -0.0947
vn 0.3691 0.3771 -0.8494
vn -0.0036 0.0036 -1.0000
vn 0.0004 -0.0000 -1.0000
vn -0.7907 0.0246 -0.6117
vn -0.0076 -0.9998 0.0208
vn -0.0015 -0.4419 0.8971
vn -0.5404 -0.0316 0.8408
vn 1.0000 -0.0017 0.0008
vn 0.5205 -0.8539 0.0010
vn 0.0015 -0.4779 -0.8784
vn -0.8204 -0.0010 0.5717
vn 0.0029 -0.9994 0.0339
vn -0.4458 -0.8950 -0.0107
vn -0.2852 -0.0248 0.9581
vn 0.0196 -0.9126 0.4083
vn 0.0687 -0.0967 -0.9929
vn -1.0000 0.0008 0.0005
vn -0.8993 0.0888 0.4282
vn -0.0212 -0.8833 0.4684
vn -0.0084 -0.0039 -1.0000
vn -0.9991 -0.0376 -0.0216
vn 0.0051 0.3261 -0.9453
vn 0.7935 0.6082 0.0221
vn -0.0000 -0.0079 1.0000
vn -0.0099 0.5456 0.8380
vn 0.0370 0.9991 0.0188
vn 0.6390 0.7691 0.0114
vn -0.0048 1.0000 -0.0007
vn -0.0222 0.5466 0.8371
vn -0.0377 -0.9982 -0.0475
vn -0.4952 0.8688 0.0006
vn 1.0000 0.0005 0.0005
vn 1.0000 -0.0043 0.0009
vn 1.0000 -0.0075 0.0007
vn 0.0000 0.0019 -1.0000
vn 0.0085 0.0128 0.9999
vn -0.0011 0.8532 0.5217
vn 0.9997 0.0010 -0.0252
vn 1.0000 0.0006 0.0004
vn -0.0072 0.5558 0.8313
vn -0.0001 -0.0222 0.9998
vn 0.0055 -0.9998 0.0186
vn -0.0100 -0.9999 0.0040
vn -0.0064 -1.0000 -0.0028
vn -0.0075 -1.0000 -0.0041
vn 0.9999 0.0104 0.0063
vn 0.1135 0.9824 -0.1485
vn 0.8767 0.4810 0.0071
vn 0.0015 0.0006 1.0000
vn 1.0000 0.0020 0.0012
vn 0.0074 0.9999 0.0123
vn 0.0027 -0.0013 1.0000
vn -0.0245 0.0489 0.9985
vn -0.9997 0.0215 0.0139
vn 0.0018 -1.0000 -0.0016
vn -0.3031 -0.2862 0.9089
vn 0.8810 -0.4730 -0.0024
vn -0.9865 -0.0724 0.1470
vn -0.7109 -0.6192 -0.3335
vn -0.1021 -0.9840 0.1458
vn -0.9976 -0.0120 -0.0681
vn -0.9273 0.0623 0.3692
vn -0.1120 0.9936 0.0179
vn -0.5061 0.2786 0.8162
vn 0.0000 0.9989 0.0469
vn -0.5282 -0.0100 0.8491
vn -0.1153 0.8418 -0.5274
vn -0.9945 0.0897 -0.0544
vn -0.0020 1.0000 0.0021
vn -0.9133 -0.2067 -0.3510
vn 0.0884 -0.0293 -0.9957
vn -0.1838 0.1865 -0.9651
vn -0.9113 0.0073 -0.4117
vn -0.0007 0.0005 -1.0000
vn 0.0005 -0.0003 -1.0000
vn -0.0016 0.4818 -0.8763
vn 0.0089 -0.0020 -1.0000
vn 0.7892 0.6137 0.0231
vn 0.0271 0.5569 -0.8301
vn -1.0000 0.0033 -0.0005
vn 0.0246 0.7926 0.6092
vn -1.0000 0.0002 0.0018
vn -0.0028 -0.0029 -1.0000
vn 0.0021 0.0561 -0.9984
vn -0.0140 0.9998 0.0116
vn -0.0290 -0.0210 0.9994
vn 0.1623 0.9867 -0.0011
vn 0.9998 0.0034 -0.0217
vn 0.6576 -0.7011 0.2756
vn 0.0624 0.9971 0.0432
vn -0.0636 0.0443 0.9970
vn 0.7107 -0.6495 -0.2704
vn 0.9997 -0.0000 -0.0239
vn 0.5553 0.0139 -0.8315
vn -1.0000 -0.0005 0.0007
vn -0.0020 -0.0012 1.0000
vn 0.0114 0.0754 0.9971
vn -0.0000 1.0000 -0.0061
vn -0.0008 1.0000 0.0003
vn 0.0283 -0.9996 0.0013
vn -0.0019 -1.0000 0.0014
vn 0.0009 1.0000 -0.0010
vn 1.0000 0.0031 0.0035
vn 0.0087 -0.9999 -0.0061
vn -0.5672 0.0280 0.8231
vn -0.8664 -0.0228 0.4989
vn -0.0000 -1.0000 0.0008
vn 0.5705 0.0121 -0.8212
vn -0.8324 0.0267 -0.5535
vn -0.4986 -0.0256 -0.8664
vn 0.0060 -1.0000 0.0011
vn 0.0030 -1.0000 -0.0022
vn 0.8231 0.0178 0.5676
vn 0.4545 -0.0205 0.8905
vn -0.0388 0.9990 0.0207
vn -1.0000 -0.0037 0.0051
vn -0.9788 -0.1733 -0.1094
vn 0.5269 0.8474 0.0650
vn 0.2452 0.9624 0.1167
vn -0.0007 0.0037 1.0000
vn 0.0026 -0.9996 0.0271
vn -0.1683 0.2406 -0.9559
vn 0.8027 0.5961 0.0206
vn -0.8306 -0.5460 -0.1097
vn -0.1970 -0.9650 0.1731
vn 0.7592 0.0144 0.6507
vn 0.0034 -1.0000 0.0002
vn -0.0000 -1.0000 -0.0012
vn 0.1599 -0.9871 0.0017
vn -0.0076 -0.0111 -0.9999
vn 0.9760 -0.0442 0.2131
vn 0.5222 -0.6214 -0.5842
vn 0.9751 -0.0046 0.2218
vn -0.4718 -0.0125 -0.8816
vn 0.9996 0.0265 -0.0023
vn 0.9990 -0.0177 0.0411
vn 0.9995 0.0306 0.0007
vn 0.0004 -0.0009 -1.0000
vn -0.0914 0.9052 0.4151
vn -0.9954 0.0381 -0.0879
vn 0.2251 0.0605 0.9724
vn -0.0035 1.0000 0.0052
vn -0.6048 0.7950 0.0473
vn 0.0256 0.8455 -0.5333
vn -0.0004 -0.9660 0.2584
vn 0.8630 -0.5051 -0.0052
vn 0.9124 -0.0154 0.4090
vn -0.9984 0.0526 -0.0224
vn -0.6760 -0.6827 0.2774
vn -0.6844 -0.6734 -0.2795
vn 0.9847 -0.1543 -0.0809
vn -0.1559 0.9817 0.1093
vn 0.2540 0.0256 0.9669
vn -0.0022 0.0031 1.0000
vn -0.0177 0.0111 -0.9998
vn -0.8781 0.0128 -0.4784
vn 0.9020 -0.4313 0.0192
vn 0.9999 0.0049 -0.0147
vn -0.3385 -0.0218 0.9407
vn 0.0047 1.0000 0.0065
vn -0.8954 0.0005 0.4452
vn -0.9145 0.4042 -0.0203
vn -0.4513 -0.0121 -0.8923
vn -0.9428 0.3333 -0.0062
vn -0.9996 -0.0236 0.0155
vn -0.0058 -0.0047 1.0000
vn -0.9334 -0.3380 0.1201
vn 0.0132 0.9999 -0.0068
vn -0.9695 -0.1565 0.1887
vn -1.0000 0.0004 -0.0001
vn 0.0007 -1.0000 -0.0007
vn 0.0000 -1.0000 -0.0030
vn 0.0307 0.0357 0.9989
vn -0.4908 -0.8706 0.0339
vn -0.2158 0.9729 0.0832
vn -0.2741 0.1805 0.9446
vn 1.0000 0.0028 0.0023
vn -0.0193 0.0215 0.9996
vn -0.0027 1.0000 0.0021
vn 0.0003 0.9998 -0.0196
vn 0.0230 -0.9997 -0.0105
vn 0.6204 0.0222 -0.7840
vn -0.0039 -1.0000 -0.0035
vn -0.0009 -0.9983 0.0587
vn -0.0249 0.2614 0.9649
vn -0.0150 -0.9998 -0.0126
vn 0.0008 -0.0001 1.0000
vn 0.4883 0.0003 -0.8727
vn 0.4301 0.9028 -0.0076
vn -0.0001 -0.0050 1.0000
vn 0.0000 1.0000 0.0015
vn 0.0920 -0.0914 0.9916
vn 0.2160 0.0665 -0.9741
vn -0.0329 0.9992 0.0233
vn 0.0250 0.9913 0.1289
vn 0.0443 0.0381 -0.9983
vn 0.0620 -0.1179 -0.9911
vn -0.0022 -0.0325 0.9995
vn -0.0253 -0.9993 0.0280
vn 0.4222 -0.7645 0.4871
vn -0.0064 0.9612 0.2759
vn -0.0192 0.3383 0.9409
vn -0.0583 0.0583 0.9966
vn -0.0302 0.9989 0.0367
vn -0.0078 0.4548 -0.8906
vn -0.0023 0.0004 -1.0000
vn 0.5506 0.8345 0.0227
vn -0.0118 0.0021 -0.9999
vn 0.0002 1.0000 -0.0002
vn -0.3417 0.9398 0.0009
vn 0.0238 0.9995 -0.0226
vn -0.6164 0.7872 0.0181
vn 0.2397 -0.0420 -0.9699
vn -0.4934 0.8698 -0.0002
vn -0.9995 0.0300 -0.0118
vn -0.9999 -0.0008 0.0171
vn -1.0000 0.0016 -0.0035
vn -0.9989 -0.0015 0.0463
vn -0.0227 0.0084 0.9997
vn 0.0181 0.7957 0.6054
vn -0.0003 1.0000 0.0003
vn -1.0000 -0.0039 0.0020
vn 0.1240 0.2451 0.9615
vn -0.2842 -0.6511 0.7037
vn -0.2969 -0.6396 -0.7091
vn -0.3723 0.3773 -0.8480
vn 0.0079 -0.0005 -1.0000
vn 0.3078 -0.6911 0.6539
vn 0.9983 0.0271 -0.0520
vn 0.0026 1.0000 -0.0012
vn 0.0022 0.9988 0.0480
vn 0.0000 -1.0000 0.0037
vn 0.0002 0.0001 -1.0000
vn 0.0255 0.0001 -0.9997
vn -0.9849 -0.1204 0.1241
vn -0.9999 0.0097 0.0118
vn -0.9979 0.0615 -0.0202
vn 0.9969 -0.0609 -0.0501
vn -0.3033 -0.8770 0.3727
vn -0.0104 -0.9999 -0.0104
vn -0.7857 0.0286 -0.6179
vn -0.0444 -0.0088 -0.9990
vn 0.9922 -0.1022 0.0716
vn 0.0012 0.0000 1.0000
vn 0.0187 -0.9998 -0.0000
vn 0.0001 -0.0097 1.0000
vn -0.0004 0.0003 -1.0000
vn -0.4476 -0.8942 0.0109
vn -0.9993 -0.0232 -0.0281
vn -0.4745 -0.0125 -0.8802
vn -0.4635 0.8858 0.0215
vn -0.8364 0.5477 -0.0219
vn -0.9996 -0.0064 0.0259
vn -0.5613 -0.8276 -0.0026
vn -0.8220 0.0314 0.5686
vn -0.5396 0.0075 0.8419
vn -0.4841 0.8749 -0.0166
vn -0.9973 0.0462 -0.0564
vn -0.8387 -0.0113 -0.5445
vn 0.8480 -0.0038 0.5299
vn 0.0540 0.9965 0.0640
vn 0.5470 -0.0136 -0.8370
vn 0.0363 0.7807 -0.6239
vn 0.0623 0.0623 -0.9961
vn -0.0003 -1.0000 0.0003
vn -0.0012 1.0000 0.0012
vn 0.0009 1.0000 0.0005
vn 0.0006 1.0000 -0.0012
vn 0.0188 -0.0000 0.9998
vn -0.3462 0.0088 0.9381
vn 0.0505 0.0414 -0.9979
vn -0.6061 0.2838 0.7430
vn -0.0162 -0.0025 0.9999
vn 0.3868 0.3781 0.8411
vn 0.0098 0.9998 0.0179
vn 0.6119 -0.7900 0.0386
vn -0.0064 0.0039 -1.0000
vn 0.0125 0.0211 -0.9997
vn -0.9996 0.0180 0.0220
vn -0.0465 0.0498 0.9977
vn -0.8460 0.5332 -0.0066
vn -0.9974 0.0510 0.0510
vn 0.0008 1.0000 0.0004
vn 0.9998 -0.0129 -0.0172
vn -0.0030 1.0000 -0.0001
vn -0.0109 -0.9958 0.0913
vn 0.0030 -1.0000 0.0037
vn 0.0030 -1.0000 0.0006
vn 0.0020 -1.0000 -0.0002
vn 0.7796 0.0234 0.6258
vn 0.8094 0.0215 0.5869
vn 0.5046 -0.0202 -0.8631
vn 0.4805 0.8770 0.0085
vn 1.0000 -0.0000 0.0001
vn 0.0461 0.9983 -0.0364
vn 0.0005 0.0004 1.0000
vn -0.0003 0.0023 1.0000
vn 0.9987 -0.0188 0.0474
vn 1.0000 0.0015 0.0009
vn 1.0000 0.0001 -0.0002
vn 0.7916 0.6105 0.0276
vn 0.9985 0.0498 -0.0212
vn 0.4760 0.8794 -0.0124
vn 0.4740 -0.0200 0.8803
vn -0.0210 0.6135 0.7894
vn -0.0183 0.5907 -0.8067
vn 0.9258 0.3778 -0.0161
vn 0.8193 0.4113 0.3995
vn 1.0000 0.0080 -0.0055
vn -0.6251 0.0222 0.7802
vn 0.9912 -0.1019 0.0850
vn -0.0027 0.0045 -1.0000
vn 0.0007 0.0079 -1.0000
vn -0.9505 0.3103 -0.0129
vn -1.0000 0.0002 0.0055
vn 0.8778 -0.0207 -0.4787
vn -0.0341 0.3775 0.9254
vn -0.5159 0.0010 -0.8567
vn -0.9994 0.0340 -0.0037
vn -1.0000 0.0044 -0.0055
vn -1.0000 -0.0001 -0.0013
vn -0.0057 0.5092 -0.8606
vn -1.0000 0.0014 -0.0019
vn -0.1447 -0.9893 -0.0170
vn 0.0425 0.9980 -0.0471
vn 0.0236 0.0524 -0.9983
vn 0.0005 -1.0000 0.0004
vn -0.6114 0.0359 0.7905
vn -0.0016 -1.0000 0.0006
vn -0.2999 -0.9421 0.1499
vn 0.0025 -1.0000 0.0024
vn -0.2915 -0.9112 0.2912
vn -0.0069 -1.0000 0.0038
vn 0.8302 0.0183 0.5572
vn 0.0014 -0.0261 0.9997
vn -0.9332 0.3561 0.0481
vn -0.9995 -0.0119 -0.0288
vn 0.0308 0.5538 -0.8321
vn -0.0004 -1.0000 -0.0012
vn -1.0000 0.0002 -0.0001
vn -0.4619 -0.8869 0.0104
vn -0.4790 -0.0003 -0.8778
vn 0.8581 0.0740 -0.5082
vn 0.0018 -0.0000 1.0000
vn -0.7992 0.0336 0.6001
vn 0.5297 -0.0025 -0.8482
vn 0.0560 0.9982 -0.0223
vn 0.0502 0.0579 -0.9971
vn -0.4567 0.8604 -0.2261
vn -0.9459 0.2288 0.2301
vn -1.0000 -0.0008 0.0018
vn 0.0038 -0.0000 1.0000
vn -0.2870 0.4989 0.8178
vn 0.9986 -0.0347 0.0409
vn 0.9999 0.0024 -0.0098
vn 0.0143 0.9999 0.0000
vn -0.0001 1.0000 -0.0014
vn 0.0000 0.0039 1.0000
vn -1.0000 0.0001 0.0002
vn 0.0325 0.5579 0.8293
vn 0.0022 1.0000 0.0000
vn 0.0040 -1.0000 -0.0027
vn 0.0080 0.9999 0.0089
vn -0.0115 0.9998 -0.0137
vn -0.0235 0.8537 -0.5203
vn 0.0015 1.0000 0.0000
vn -0.0028 -0.0000 1.0000
vn 0.0000 0.0030 1.0000
vn -0.0045 -0.4749 0.8800
vn -1.0000 -0.0011 0.0061
vn -1.0000 0.0062 0.0000
vn -0.0236 -0.0172 0.9996
vn 0.9968 -0.0377 -0.0699
vn -0.0056 -0.8762 -0.4818
vn 0.0003 -1.0000 -0.0000
vn -0.9954 -0.0836 -0.0462
vn 0.0236 -0.0172 -0.9996
vn 0.8545 -0.5194 0.0002
vn 0.0034 -0.0065 1.0000
vn 0.8527 -0.5222 -0.0161
vn 0.5122 -0.0002 -0.8588
vn -0.0275 -0.9991 0.0312
vn 0.0003 1.0000 -0.0002
vn -0.0007 1.0000 0.0001
vn 0.5191 0.0002 -0.8547
vn -0.9996 -0.0172 -0.0236
vn -0.0002 0.0001 1.0000
vn -0.0002 0.0010 1.0000
vn -0.0001 -0.0002 1.0000
vn -0.0003 0.0002 1.0000
vn 0.0051 -1.0000 -0.0060
vn -0.6192 0.0000 0.7852
vn 1.0000 0.0000 0.0009
vn -0.0248 0.0281 0.9993
vn -1.0000 -0.0003 0.0042
vn -0.0000 0.0143 -0.9999
usemtl None
s off
f 5/1/1 61/2/1 8/3/1
f 51/4/2 2975/5/2 6/6/2
f 2980/7/3 88/8/3 11/9/3
f 2982/10/4 11/9/4 80/11/4
f 2918/12/5 2917/13/5 101/14/5
f 2922/15/6 103/16/6 2921/17/6
f 2923/18/7 2920/19/7 16/20/7
f 15/21/8 105/22/8 2920/19/8
f 19/23/9 3015/24/9 3014/25/9
f 1/26/10 21/27/10 3023/28/10
f 3019/29/11 20/30/11 21/27/11
f 20/30/12 25/31/12 21/27/12
f 19/23/13 3014/25/13 23/32/13
f 25/31/14 35/33/14 33/34/14
f 3012/35/15 3017/36/15 27/37/15
f 27/37/16 3021/38/16 28/39/16
f 30/40/17 29/41/17 34/42/17
f 3022/43/18 22/44/18 2/45/18
f 30/40/19 33/34/19 35/33/19
f 34/42/20 42/46/20 2/45/20
f 27/37/21 28/39/21 38/47/21
f 3011/48/22 38/47/22 37/49/22
f 38/47/23 40/50/23 37/49/23
f 34/42/24 39/51/24 42/46/24
f 39/51/25 2/45/25 42/46/25
f 43/52/26 44/53/26 431/54/26
f 45/55/27 43/52/27 4/56/27
f 45/55/28 4/56/28 47/57/28
f 26/58/29 48/59/29 49/60/29
f 54/61/30 37/49/30 51/4/30
f 54/61/31 51/4/31 68/62/31
f 53/63/32 54/61/32 56/64/32
f 56/64/33 57/65/33 5/1/33
f 5/1/34 57/65/34 58/66/34
f 58/66/35 59/67/35 5/1/35
f 5/1/36 60/68/36 61/2/36
f 62/69/37 60/68/37 66/70/37
f 62/69/38 66/70/38 63/71/38
f 60/68/39 64/72/39 66/70/39
f 45/55/40 47/57/40 65/73/40
f 6/6/41 2975/5/41 70/74/41
f 54/61/42 68/62/42 70/74/42
f 70/74/43 68/62/43 71/75/43
f 56/64/44 54/61/44 70/74/44
f 57/65/45 70/74/45 72/76/45
f 58/66/46 167/77/46 74/78/46
f 73/79/47 2978/80/47 7/81/47
f 7/81/48 2979/82/48 75/83/48
f 73/79/49 7/81/49 75/83/49
f 77/84/50 169/85/50 76/86/50
f 61/2/51 79/87/51 8/3/51
f 8/3/52 79/87/52 2980/7/52
f 75/83/53 2923/18/53 16/20/53
f 79/87/54 62/69/54 80/11/54
f 82/88/55 81/89/55 83/90/55
f 81/89/56 82/88/56 84/91/56
f 64/72/57 76/86/57 86/92/57
f 4/56/58 2982/10/58 80/11/58
f 88/8/59 79/87/59 80/11/59
f 9/93/60 10/94/60 410/95/60
f 65/73/61 91/96/61 90/97/61
f 91/96/62 513/98/62 460/99/62
f 82/88/63 92/100/63 95/101/63
f 69/102/64 100/103/64 98/104/64
f 13/105/65 101/14/65 2917/13/65
f 2921/17/66 104/106/66 14/107/66
f 14/107/67 105/22/67 15/21/67
f 107/108/68 105/22/68 104/106/68
f 16/20/69 2920/19/69 105/22/69
f 75/83/70 16/20/70 105/22/70
f 83/90/71 81/89/71 108/109/71
f 81/89/72 85/110/72 739/111/72
f 9/93/73 109/112/73 18/113/73
f 3029/114/74 110/115/74 111/116/74
f 3029/114/75 111/116/75 112/117/75
f 24/118/76 23/32/76 113/119/76
f 3010/120/77 24/118/77 113/119/77
f 3008/121/78 113/119/78 3007/122/78
f 3029/114/79 31/123/79 110/115/79
f 111/116/80 110/115/80 471/124/80
f 110/115/81 115/125/81 471/124/81
f 32/126/82 125/127/82 122/128/82
f 31/123/83 35/33/83 36/129/83
f 204/130/84 115/125/84 118/131/84
f 36/129/85 35/33/85 119/132/85
f 122/128/86 123/133/86 124/134/86
f 123/133/87 213/135/87 127/136/87
f 125/127/88 121/137/88 139/138/88
f 126/139/89 213/135/89 123/133/89
f 123/133/90 127/136/90 142/140/90
f 129/141/91 128/142/91 130/143/91
f 127/136/92 130/143/92 128/142/92
f 49/60/93 48/59/93 131/144/93
f 119/132/94 49/60/94 120/145/94
f 120/145/95 132/146/95 128/142/95
f 134/147/96 135/148/96 163/149/96
f 50/150/97 54/61/97 124/134/97
f 134/147/98 50/150/98 124/134/98
f 123/133/99 143/151/99 137/152/99
f 121/137/100 3004/153/100 139/138/100
f 140/154/101 57/65/101 72/76/101
f 140/154/102 72/76/102 141/155/102
f 142/140/103 146/156/103 143/151/103
f 140/154/104 146/156/104 58/66/104
f 58/66/105 146/156/105 148/157/105
f 127/136/106 146/156/106 142/140/106
f 145/158/107 141/155/107 148/157/107
f 127/136/108 147/159/108 146/156/108
f 127/136/109 153/160/109 147/159/109
f 150/161/110 149/162/110 155/163/110
f 151/164/111 64/72/111 152/165/111
f 155/163/112 149/162/112 153/160/112
f 151/164/113 157/166/113 66/70/113
f 154/167/114 158/168/114 172/169/114
f 128/142/115 159/170/115 154/167/115
f 155/163/116 156/171/116 160/172/116
f 163/149/117 138/173/117 162/174/117
f 135/148/118 138/173/118 163/149/118
f 165/175/119 2911/176/119 164/177/119
f 165/175/120 164/177/120 217/178/120
f 135/148/1 217/178/1 164/177/1
f 87/179/121 84/91/121 94/180/121
f 169/85/122 86/92/122 76/86/122
f 94/180/123 82/88/123 170/181/123
f 157/166/124 172/169/124 93/182/124
f 172/169/125 158/168/125 514/183/125
f 170/181/126 173/184/126 171/185/126
f 175/186/127 178/187/127 176/188/127
f 178/187/128 175/186/128 177/189/128
f 161/190/129 174/191/129 179/192/129
f 169/85/130 180/193/130 174/191/130
f 2910/194/131 2909/195/131 183/196/131
f 164/177/132 2910/194/132 183/196/132
f 2909/195/133 263/197/133 183/196/133
f 166/198/134 185/199/134 188/200/134
f 168/201/135 188/200/135 189/202/135
f 186/203/136 234/204/136 188/200/136
f 171/185/137 173/184/137 191/205/137
f 171/185/138 191/205/138 190/206/138
f 170/181/139 95/101/139 192/207/139
f 178/187/140 195/208/140 194/209/140
f 199/210/141 202/211/141 200/212/141
f 199/210/90 203/213/90 202/211/90
f 238/214/142 205/215/142 115/125/142
f 3003/216/143 3006/217/143 198/218/143
f 198/218/144 202/211/144 206/219/144
f 3003/216/145 206/219/145 2973/220/145
f 126/139/146 208/221/146 213/135/146
f 206/219/147 209/222/147 208/221/147
f 208/221/148 209/222/148 213/135/148
f 212/223/149 211/224/149 223/225/149
f 212/223/150 223/225/150 254/226/150
f 132/146/151 159/170/151 128/142/151
f 133/227/152 249/228/152 132/146/152
f 132/146/153 249/228/153 159/170/153
f 124/134/154 137/152/154 251/229/154
f 124/134/155 216/230/155 135/148/155
f 211/224/156 251/229/156 219/231/156
f 251/229/157 218/232/157 219/231/157
f 221/233/158 222/234/158 252/235/158
f 220/236/159 224/237/159 221/233/159
f 150/161/160 155/163/160 160/172/160
f 154/167/161 227/238/161 158/168/161
f 159/170/162 227/238/162 154/167/162
f 2971/239/121 165/175/121 217/178/121
f 216/230/1 217/178/1 135/148/1
f 230/240/163 168/201/163 233/241/163
f 222/234/164 228/242/164 229/243/164
f 225/244/165 224/237/165 226/245/165
f 225/244/166 226/245/166 228/242/166
f 230/240/167 226/245/167 231/246/167
f 232/247/168 233/241/168 231/246/168
f 180/193/169 179/192/169 174/191/169
f 181/248/170 177/189/170 511/249/170
f 161/190/171 181/248/171 511/249/171
f 189/202/172 188/200/172 234/204/172
f 182/250/173 180/193/173 195/208/173
f 195/208/174 808/251/174 196/252/174
f 114/253/175 264/254/175 197/255/175
f 200/212/176 201/256/176 236/257/176
f 204/130/177 274/258/177 238/214/177
f 204/130/178 118/131/178 239/259/178
f 239/259/179 118/131/179 240/260/179
f 241/261/180 242/262/180 210/263/180
f 243/264/181 241/261/181 246/265/181
f 246/265/182 210/263/182 247/266/182
f 250/267/183 251/229/183 244/268/183
f 242/262/184 244/268/184 251/229/184
f 223/225/185 252/235/185 254/226/185
f 253/269/186 252/235/186 261/270/186
f 252/235/187 255/271/187 254/226/187
f 245/272/188 254/226/188 255/271/188
f 224/237/189 257/273/189 226/245/189
f 256/274/190 257/273/190 224/237/190
f 258/275/191 160/172/191 227/238/191
f 249/228/192 259/276/192 258/275/192
f 252/235/193 222/234/193 260/277/193
f 260/277/194 222/234/194 229/243/194
f 226/245/195 257/273/195 232/247/195
f 229/243/196 232/247/196 316/278/196
f 2909/195/197 2908/279/197 263/197/197
f 3031/280/198 275/281/198 265/282/198
f 264/254/199 3002/283/199 235/284/199
f 264/254/200 235/284/200 197/255/200
f 3028/285/201 200/212/201 236/257/201
f 235/284/202 266/286/202 198/218/202
f 198/218/203 266/286/203 201/256/203
f 3026/287/204 3025/288/204 270/289/204
f 267/290/205 236/257/205 270/289/205
f 3026/287/206 270/289/206 271/291/206
f 268/292/207 1473/293/207 270/289/207
f 265/282/208 273/294/208 272/295/208
f 3027/296/209 265/282/209 237/297/209
f 273/294/210 265/282/210 275/281/210
f 236/257/211 266/286/211 282/298/211
f 237/297/212 354/299/212 202/211/212
f 265/282/213 272/295/213 277/300/213
f 272/295/214 273/294/214 239/259/214
f 274/258/215 275/281/215 278/301/215
f 278/301/216 345/302/216 249/228/216
f 243/264/217 246/265/217 247/266/217
f 280/303/218 294/304/218 281/305/218
f 266/286/219 3001/306/219 282/298/219
f 3059/307/220 283/308/220 282/298/220
f 285/309/221 286/310/221 289/311/221
f 127/136/222 356/312/222 130/143/222
f 129/141/223 130/143/223 356/312/223
f 293/313/224 294/304/224 295/314/224
f 247/266/225 248/315/225 255/271/225
f 298/316/226 315/317/226 262/318/226
f 296/319/227 298/316/227 299/320/227
f 256/274/228 302/321/228 303/322/228
f 288/323/229 290/324/229 304/325/229
f 304/325/230 306/326/230 288/323/230
f 305/327/231 377/328/231 309/329/231
f 287/330/232 288/323/232 309/329/232
f 302/321/233 309/329/233 319/331/233
f 309/329/234 383/332/234 319/331/234
f 261/270/235 260/277/235 312/333/235
f 260/277/236 229/243/236 314/334/236
f 261/270/237 312/333/237 391/335/237
f 392/336/238 260/277/238 314/334/238
f 296/319/239 297/337/239 315/317/239
f 314/334/240 297/337/240 393/338/240
f 315/317/241 229/243/241 262/318/241
f 256/274/242 303/322/242 316/278/242
f 318/339/243 316/278/243 303/322/243
f 298/316/244 262/318/244 317/340/244
f 308/341/245 317/340/245 318/339/245
f 2908/279/246 320/342/246 263/197/246
f 310/343/247 322/344/247 321/345/247
f 321/345/248 322/344/248 320/342/248
f 263/197/249 320/342/249 322/344/249
f 313/346/250 323/347/250 322/344/250
f 325/348/251 400/349/251 326/350/251
f 328/351/252 330/352/252 329/353/252
f 269/354/253 1473/293/253 268/292/253
f 3062/355/254 3026/287/254 271/291/254
f 1473/293/255 271/291/255 270/289/255
f 327/356/256 271/291/256 331/357/256
f 1473/293/257 1567/358/257 331/357/257
f 3063/359/258 331/357/258 332/360/258
f 3064/361/259 3096/362/259 334/363/259
f 3096/362/260 337/364/260 334/363/260
f 335/365/261 1852/366/261 336/367/261
f 3060/368/262 329/353/262 338/369/262
f 342/370/263 343/371/263 340/372/263
f 341/373/264 240/260/264 356/312/264
f 347/374/265 345/302/265 278/301/265
f 347/374/266 344/375/266 346/376/266
f 283/308/267 276/377/267 282/298/267
f 352/378/268 276/377/268 350/379/268
f 352/378/269 350/379/269 351/380/269
f 350/379/270 366/381/270 355/382/270
f 209/222/271 340/372/271 213/135/271
f 213/135/272 356/312/272 127/136/272
f 351/380/273 350/379/273 357/383/273
f 358/384/274 291/385/274 348/386/274
f 291/385/275 289/311/275 348/386/275
f 345/302/276 348/386/276 289/311/276
f 347/374/277 669/387/277 362/388/277
f 364/389/278 1500/390/278 359/391/278
f 365/392/279 292/393/279 367/394/279
f 292/393/280 293/313/280 367/394/280
f 366/381/281 3057/395/281 369/396/281
f 3057/395/282 3077/397/282 369/396/282
f 3077/397/283 1509/398/283 369/396/283
f 1509/398/284 1531/399/284 369/396/284
f 371/400/285 355/382/285 394/401/285
f 300/402/121 299/320/121 301/403/121
f 357/383/286 355/382/286 374/404/286
f 355/382/287 371/400/287 374/404/287
f 306/326/288 377/328/288 305/327/288
f 301/403/289 298/316/289 307/405/289
f 351/380/290 357/383/290 374/404/290
f 380/406/291 378/407/291 379/408/291
f 360/409/292 374/404/292 375/410/292
f 377/328/293 383/332/293 309/329/293
f 384/411/90 385/412/90 703/413/90
f 363/414/294 384/411/294 386/415/294
f 1525/416/295 387/417/295 363/414/295
f 390/418/296 391/335/296 311/419/296
f 367/394/297 261/270/297 391/335/297
f 311/419/298 391/335/298 312/333/298
f 369/396/299 1531/399/299 392/336/299
f 355/382/300 314/334/300 394/401/300
f 371/400/301 394/401/301 395/420/301
f 370/421/302 372/422/302 393/338/302
f 308/341/303 318/339/303 396/423/303
f 397/424/304 373/425/304 308/341/304
f 380/406/305 381/426/305 397/424/305
f 390/418/306 1016/427/306 398/428/306
f 392/336/307 1531/399/307 323/347/307
f 399/429/308 400/349/308 325/348/308
f 396/423/309 326/350/309 400/349/309
f 386/415/310 384/411/310 401/430/310
f 403/431/311 402/432/311 3034/433/311
f 3033/434/312 433/435/312 3034/433/312
f 2991/436/313 2992/437/313 405/438/313
f 411/439/314 2956/440/314 2955/441/314
f 411/439/314 2955/441/314 2954/442/314
f 418/443/315 468/444/315 2962/445/315
f 403/431/316 420/446/316 425/447/316
f 3039/448/317 420/446/317 427/449/317
f 3038/450/318 474/451/318 430/452/318
f 3044/453/319 421/454/319 422/455/319
f 3044/453/90 423/456/90 421/454/90
f 420/446/320 403/431/320 426/457/320
f 426/457/321 424/458/321 435/459/321
f 3/460/322 43/52/322 3033/434/322
f 3030/461/323 46/462/323 44/53/323
f 44/53/324 432/463/324 431/54/324
f 46/462/325 45/55/325 432/463/325
f 403/431/326 3034/433/326 433/435/326
f 432/463/327 433/435/327 3033/434/327
f 407/464/328 434/465/328 65/73/328
f 424/458/329 433/435/329 434/465/329
f 435/459/330 436/466/330 446/467/330
f 435/459/331 424/458/331 438/468/331
f 438/468/332 434/465/332 407/464/332
f 436/466/333 496/469/333 437/470/333
f 442/471/334 455/472/334 441/473/334
f 442/471/335 441/473/335 443/474/335
f 442/471/336 444/475/336 455/472/336
f 65/73/337 405/438/337 407/464/337
f 406/476/338 405/438/338 65/73/338
f 409/477/339 2993/478/339 445/479/339
f 435/459/340 446/467/340 2995/480/340
f 2995/480/341 446/467/341 408/481/341
f 436/466/342 451/482/342 446/467/342
f 2994/483/343 2993/478/343 407/464/343
f 438/468/344 449/484/344 450/485/344
f 408/481/345 447/486/345 2996/487/345
f 437/470/346 440/488/346 451/482/346
f 451/482/347 452/489/347 447/486/347
f 447/486/348 452/489/348 2996/487/348
f 448/490/349 461/491/349 1085/492/349
f 451/482/350 440/488/350 448/490/350
f 2996/487/351 452/489/351 453/493/351
f 453/493/352 1085/492/352 456/494/352
f 457/495/353 453/493/353 456/494/353
f 444/475/354 459/496/354 455/472/354
f 412/497/355 460/99/355 2990/498/355
f 406/476/356 90/97/356 412/497/356
f 90/97/357 91/96/357 460/99/357
f 462/499/358 445/479/358 419/500/358
f 461/491/359 445/479/359 463/501/359
f 445/479/360 462/499/360 463/501/360
f 462/499/361 526/502/361 463/501/361
f 2998/503/362 464/504/362 2999/505/362
f 456/494/363 1085/492/363 464/504/363
f 466/506/364 410/95/364 415/507/364
f 410/95/365 411/439/365 415/507/365
f 466/506/366 415/507/366 18/113/366
f 2962/445/367 468/444/367 2963/508/367
f 419/500/368 2963/508/368 468/444/368
f 469/509/369 419/500/369 468/444/369
f 1085/492/370 461/491/370 1083/510/370
f 3036/511/371 427/449/371 470/512/371
f 3043/513/314 3044/453/314 476/514/314
f 112/117/372 111/116/372 471/124/372
f 473/515/373 538/516/373 470/512/373
f 476/514/374 422/455/374 477/517/374
f 476/514/375 477/517/375 541/518/375
f 471/124/376 552/519/376 46/462/376
f 472/520/377 473/515/377 478/521/377
f 470/512/378 429/522/378 481/523/378
f 481/523/379 429/522/379 480/524/379
f 480/524/380 428/525/380 479/526/380
f 481/523/381 493/527/381 473/515/381
f 473/515/382 493/527/382 478/521/382
f 481/523/383 549/528/383 493/527/383
f 493/527/384 549/528/384 492/529/384
f 474/451/385 428/525/385 430/452/385
f 479/526/386 428/525/386 483/530/386
f 428/525/387 474/451/387 483/530/387
f 483/530/388 484/531/388 485/532/388
f 483/530/389 485/532/389 486/533/389
f 479/526/390 483/530/390 487/534/390
f 475/535/391 477/517/391 484/531/391
f 484/531/392 489/536/392 499/537/392
f 439/538/393 493/527/393 436/466/393
f 439/538/394 438/468/394 494/539/394
f 436/466/395 493/527/395 496/469/395
f 493/527/396 492/529/396 494/539/396
f 485/532/397 484/531/397 497/540/397
f 486/533/398 485/532/398 497/540/398
f 486/533/399 495/541/399 508/542/399
f 442/471/400 443/474/400 500/543/400
f 484/531/401 499/537/401 500/543/401
f 484/531/402 443/474/402 510/544/402
f 450/485/403 449/484/403 505/545/403
f 494/539/404 503/546/404 505/545/404
f 506/547/405 572/548/405 504/549/405
f 505/545/406 440/488/406 507/550/406
f 496/469/407 507/550/407 440/488/407
f 495/541/408 505/545/408 508/542/408
f 508/542/409 507/550/409 510/544/409
f 484/531/410 510/544/410 507/550/410
f 177/189/411 175/186/411 511/249/411
f 511/249/412 175/186/412 512/551/412
f 413/552/413 513/98/413 467/553/413
f 158/168/414 504/549/414 518/554/414
f 514/183/415 517/555/415 515/556/415
f 518/554/416 520/557/416 462/499/416
f 518/554/417 419/500/417 524/558/417
f 518/554/418 521/559/418 520/557/418
f 520/557/419 522/560/419 462/499/419
f 523/561/420 580/562/420 527/563/420
f 523/561/421 1131/564/421 1128/565/421
f 115/125/422 533/566/422 471/124/422
f 533/566/423 207/567/423 535/568/423
f 534/569/424 535/568/424 545/570/424
f 3032/571/425 539/572/425 536/573/425
f 544/574/426 538/516/426 473/515/426
f 539/572/427 538/516/427 536/573/427
f 3036/511/428 470/512/428 538/516/428
f 3035/575/429 538/516/429 539/572/429
f 474/451/430 540/576/430 475/535/430
f 589/577/431 540/576/431 474/451/431
f 3043/513/432 476/514/432 541/518/432
f 540/576/433 541/518/433 475/535/433
f 475/535/434 541/518/434 477/517/434
f 532/578/75 3043/513/75 542/579/75
f 471/124/435 533/566/435 552/519/435
f 533/566/436 543/580/436 552/519/436
f 535/568/437 207/567/437 131/144/437
f 536/573/438 544/574/438 554/581/438
f 547/582/439 558/583/439 557/584/439
f 480/524/440 479/526/440 548/585/440
f 482/586/441 480/524/441 548/585/441
f 482/586/442 549/528/442 481/523/442
f 482/586/443 548/585/443 487/534/443
f 549/528/444 482/586/444 559/587/444
f 548/585/445 479/526/445 487/534/445
f 487/534/446 483/530/446 498/588/446
f 488/589/447 551/590/447 489/536/447
f 551/590/448 541/518/448 540/576/448
f 3043/513/449 490/591/449 542/579/449
f 490/591/121 423/456/121 542/579/121
f 131/144/450 46/462/450 552/519/450
f 543/580/451 545/570/451 567/592/451
f 131/144/452 552/519/452 553/593/452
f 553/593/453 552/519/453 569/594/453
f 544/574/454 491/595/454 554/581/454
f 545/570/455 554/581/455 556/596/455
f 554/581/456 492/529/456 558/583/456
f 549/528/457 559/587/457 492/529/457
f 557/584/458 492/529/458 559/587/458
f 562/597/459 560/598/459 563/599/459
f 547/582/460 557/584/460 561/600/460
f 540/576/461 595/601/461 564/602/461
f 501/603/462 565/604/462 500/543/462
f 499/537/463 597/605/463 500/543/463
f 551/590/464 597/605/464 499/537/464
f 564/602/465 595/601/465 597/605/465
f 565/604/75 501/603/75 2997/606/75
f 227/238/466 568/607/466 566/608/466
f 566/608/467 567/592/467 570/609/467
f 569/594/468 552/519/468 567/592/468
f 566/608/469 568/607/469 569/594/469
f 569/594/470 567/592/470 566/608/470
f 227/238/471 161/190/471 568/607/471
f 569/594/472 568/607/472 511/249/472
f 556/596/473 571/610/473 567/592/473
f 562/597/474 574/611/474 573/612/474
f 572/548/475 502/613/475 573/612/475
f 573/612/476 574/611/476 578/614/476
f 509/615/477 510/544/477 575/616/477
f 487/534/478 498/588/478 509/615/478
f 575/616/479 510/544/479 458/617/479
f 577/618/480 512/551/480 516/619/480
f 577/618/481 519/620/481 634/621/481
f 504/549/482 572/548/482 521/559/482
f 572/548/483 578/614/483 521/559/483
f 521/559/484 578/614/484 520/557/484
f 574/611/485 581/622/485 578/614/485
f 519/620/486 524/558/486 525/623/486
f 576/624/487 579/625/487 581/622/487
f 584/626/488 580/562/488 579/625/488
f 580/562/253 582/627/253 527/563/253
f 531/628/489 530/629/489 583/630/489
f 1214/631/490 531/628/490 583/630/490
f 516/619/491 1215/632/491 467/553/491
f 516/619/199 512/551/199 531/628/199
f 584/626/492 525/623/492 1082/633/492
f 584/626/493 585/634/493 606/635/493
f 3038/450/1 3037/636/1 589/577/1
f 537/637/494 536/573/494 588/638/494
f 535/568/495 131/144/495 553/593/495
f 587/639/496 535/568/496 553/593/496
f 587/639/497 553/593/497 279/640/497
f 616/641/498 615/642/498 555/643/498
f 546/644/499 547/582/499 590/645/499
f 591/646/500 590/645/500 592/647/500
f 593/648/501 561/600/501 594/649/501
f 540/576/502 589/577/502 595/601/502
f 589/577/503 622/650/503 595/601/503
f 595/601/504 598/651/504 597/605/504
f 502/613/505 627/652/505 573/612/505
f 576/624/506 600/653/506 579/625/506
f 569/594/507 603/654/507 604/655/507
f 585/634/508 647/656/508 606/635/508
f 3037/636/509 586/657/509 610/658/509
f 275/281/510 3031/280/510 609/659/510
f 616/641/511 537/637/511 588/638/511
f 610/658/512 586/657/512 592/647/512
f 610/658/513 611/660/513 612/661/513
f 3037/636/514 610/658/514 612/661/514
f 3041/662/515 3042/663/515 613/664/515
f 275/281/516 279/640/516 614/665/516
f 616/641/517 588/638/517 615/642/517
f 586/657/518 591/646/518 592/647/518
f 610/658/519 592/647/519 593/648/519
f 622/650/520 682/666/520 618/667/520
f 612/661/521 653/668/521 682/666/521
f 3042/663/522 3040/669/522 624/670/522
f 596/671/523 623/672/523 598/651/523
f 623/672/524 596/671/524 619/673/524
f 613/664/525 598/651/525 623/672/525
f 623/672/526 619/673/526 625/674/526
f 571/610/527 615/642/527 570/609/527
f 634/621/75 615/642/75 604/655/75
f 599/675/528 615/642/528 634/621/528
f 594/649/529 573/612/529 627/652/529
f 619/673/530 627/652/530 634/621/530
f 601/676/531 602/677/531 630/678/531
f 619/673/532 634/621/532 628/679/532
f 619/673/533 629/680/533 633/681/533
f 629/680/534 619/673/534 628/679/534
f 691/682/535 629/680/535 628/679/535
f 630/678/536 631/683/536 637/684/536
f 629/680/537 691/682/537 633/681/537
f 635/685/538 637/684/538 636/686/538
f 634/621/539 635/685/539 628/679/539
f 631/683/90 638/687/90 637/684/90
f 637/684/540 639/688/540 636/686/540
f 636/686/541 645/689/541 643/690/541
f 636/686/542 644/691/542 645/689/542
f 3067/692/543 648/693/543 652/694/543
f 3065/695/544 344/375/544 609/659/544
f 649/696/545 333/697/545 336/367/545
f 334/363/546 336/367/546 333/697/546
f 3067/692/547 652/694/547 650/698/547
f 651/699/548 1854/700/548 650/698/548
f 654/701/549 607/702/549 686/703/549
f 344/375/550 333/697/550 346/376/550
f 346/376/551 671/704/551 669/387/551
f 651/699/552 650/698/552 671/704/552
f 652/694/553 617/705/553 655/706/553
f 657/707/554 656/708/554 658/709/554
f 656/708/555 657/707/555 660/710/555
f 656/708/556 661/711/556 679/712/556
f 656/708/557 663/713/557 661/711/557
f 653/668/558 648/693/558 676/714/558
f 653/668/559 676/714/559 682/666/559
f 657/707/560 664/715/560 665/716/560
f 666/717/561 657/707/561 667/718/561
f 670/719/562 669/387/562 671/704/562
f 362/388/563 669/387/563 672/720/563
f 669/387/564 670/719/564 673/721/564
f 671/704/565 1863/722/565 689/723/565
f 652/694/566 655/706/566 674/724/566
f 674/724/567 655/706/567 675/725/567
f 617/705/568 620/726/568 621/727/568
f 655/706/569 621/727/569 676/714/569
f 676/714/570 678/728/570 677/729/570
f 677/729/571 692/730/571 690/731/571
f 675/725/572 655/706/572 680/732/572
f 661/711/573 1865/733/573 679/712/573
f 648/693/574 686/703/574 683/734/574
f 667/718/575 665/716/575 684/735/575
f 679/712/576 1870/736/576 665/716/576
f 1869/737/577 683/734/577 685/738/577
f 687/739/578 686/703/578 626/740/578
f 683/734/579 687/739/579 668/741/579
f 3085/742/580 668/741/580 687/739/580
f 670/719/581 671/704/581 688/743/581
f 691/682/582 628/679/582 694/744/582
f 692/730/583 693/745/583 690/731/583
f 693/745/584 691/682/584 694/744/584
f 694/744/585 628/679/585 695/746/585
f 692/730/586 696/747/586 691/682/586
f 699/748/587 700/749/587 632/750/587
f 385/412/588 689/723/588 702/751/588
f 695/746/589 628/679/589 1301/752/589
f 640/753/590 705/754/590 639/688/590
f 704/755/591 700/749/591 640/753/591
f 699/748/592 1910/756/592 705/754/592
f 640/753/593 637/684/593 704/755/593
f 701/757/75 700/749/75 704/755/75
f 708/758/594 707/759/594 706/760/594
f 706/760/595 1916/761/595 642/762/595
f 695/746/319 1301/752/319 709/763/319
f 639/688/596 705/754/596 644/691/596
f 97/764/597 12/765/597 2913/766/597
f 2914/767/598 737/768/598 711/769/598
f 2919/770/599 2925/771/599 713/772/599
f 714/773/600 2926/774/600 715/775/600
f 2913/766/601 720/776/601 746/777/601
f 2894/778/602 2897/779/602 719/780/602
f 2919/770/603 745/781/603 2898/782/603
f 2894/778/604 747/783/604 2893/784/604
f 745/781/605 725/785/605 2898/782/605
f 2898/782/606 754/786/606 2886/787/606
f 728/788/121 2888/789/121 729/790/121
f 2885/791/607 2874/792/607 794/793/607
f 730/794/1 797/795/1 732/796/1
f 69/102/608 733/797/608 96/798/608
f 99/799/609 735/800/609 736/801/609
f 737/768/610 2914/767/610 102/802/610
f 101/14/611 99/799/611 736/801/611
f 102/802/612 101/14/612 737/768/612
f 710/803/613 2916/804/613 712/805/613
f 745/781/614 739/111/614 712/805/614
f 108/109/615 81/89/615 713/772/615
f 710/803/616 739/111/616 190/206/616
f 85/110/617 190/206/617 739/111/617
f 2927/806/618 2926/774/618 108/109/618
f 740/807/619 714/773/619 741/808/619
f 743/809/620 742/810/620 744/811/620
f 745/781/621 712/805/621 748/812/621
f 735/800/622 2913/766/622 746/777/622
f 736/801/623 735/800/623 746/777/623
f 717/813/624 746/777/624 720/776/624
f 719/780/625 746/777/625 717/813/625
f 718/814/626 719/780/626 717/813/626
f 718/814/627 717/813/627 747/783/627
f 719/780/628 716/815/628 736/801/628
f 722/816/314 721/817/314 749/818/314
f 717/813/75 2891/819/75 747/783/75
f 2891/819/121 2893/784/121 747/783/121
f 723/820/629 751/821/629 724/822/629
f 2899/823/630 724/822/630 751/821/630
f 712/805/631 2899/823/631 751/821/631
f 723/820/632 753/824/632 751/821/632
f 751/821/633 753/824/633 752/825/633
f 752/825/634 753/824/634 765/826/634
f 748/812/635 751/821/635 752/825/635
f 754/786/636 755/827/636 727/828/636
f 754/786/637 725/785/637 756/829/637
f 756/829/638 748/812/638 775/830/638
f 756/829/639 828/831/639 755/827/639
f 757/832/640 721/817/640 758/833/640
f 721/817/641 757/832/641 833/834/641
f 761/835/642 759/836/642 760/837/642
f 753/824/643 997/838/643 765/826/643
f 768/839/644 840/840/644 769/841/644
f 2881/842/645 771/843/645 2880/844/645
f 764/845/646 726/846/646 773/847/646
f 726/846/647 727/828/647 773/847/647
f 773/847/648 774/848/648 764/845/648
f 764/845/649 774/848/649 795/849/649
f 773/847/650 727/828/650 765/826/650
f 748/812/651 765/826/651 775/830/651
f 765/826/652 727/828/652 775/830/652
f 754/786/653 727/828/653 2886/787/653
f 756/829/654 775/830/654 776/850/654
f 721/817/655 2888/789/655 728/788/655
f 758/833/656 728/788/656 1098/851/656
f 1098/851/657 778/852/657 777/853/657
f 771/843/658 782/854/658 2880/844/658
f 782/854/659 784/855/659 786/856/659
f 782/854/660 788/857/660 784/855/660
f 785/858/661 790/859/661 784/855/661
f 789/860/662 764/845/662 794/793/662
f 792/861/663 851/862/663 790/859/663
f 793/863/664 2885/791/664 794/793/664
f 789/860/665 794/793/665 798/864/665
f 793/863/666 796/865/666 2887/866/666
f 790/859/667 850/867/667 2866/868/667
f 794/793/668 2874/792/668 799/869/668
f 2912/870/669 800/871/669 801/872/669
f 734/873/670 100/103/670 800/871/670
f 164/177/671 800/871/671 100/103/671
f 2912/870/672 734/873/672 800/871/672
f 800/871/673 183/196/673 918/874/673
f 141/155/674 102/802/674 738/875/674
f 184/876/675 738/875/675 803/877/675
f 185/199/676 184/876/676 810/878/676
f 186/203/677 185/199/677 810/878/677
f 738/875/678 710/803/678 803/877/678
f 803/877/679 804/879/679 184/876/679
f 803/877/680 710/803/680 190/206/680
f 190/206/121 191/205/121 805/880/121
f 173/184/681 192/207/681 191/205/681
f 806/881/682 744/811/682 807/882/682
f 800/871/683 918/874/683 809/883/683
f 184/876/684 802/884/684 810/878/684
f 811/885/685 812/886/685 801/872/685
f 812/886/686 813/887/686 801/872/686
f 801/872/687 813/887/687 815/888/687
f 806/881/688 1148/889/688 817/890/688
f 817/890/689 1148/889/689 818/891/689
f 817/890/690 749/818/690 833/834/690
f 816/892/691 883/893/691 817/890/691
f 820/894/692 819/895/692 821/896/692
f 819/895/693 820/894/693 822/897/693
f 819/895/694 882/898/694 823/899/694
f 750/900/695 825/901/695 723/820/695
f 825/901/696 894/902/696 723/820/696
f 801/872/697 815/888/697 826/903/697
f 826/903/698 750/900/698 893/904/698
f 893/904/699 750/900/699 827/905/699
f 723/820/700 894/902/700 753/824/700
f 749/818/701 721/817/701 833/834/701
f 828/831/702 833/834/702 757/832/702
f 832/906/703 834/907/703 888/908/703
f 823/899/704 888/908/704 834/907/704
f 835/909/253 836/910/253 771/843/253
f 726/846/705 764/845/705 837/911/705
f 837/911/706 764/845/706 772/912/706
f 750/900/707 726/846/707 837/911/707
f 838/913/708 776/850/708 839/914/708
f 838/913/709 839/914/709 840/840/709
f 763/915/710 838/913/710 840/840/710
f 839/914/711 842/916/711 843/917/711
f 997/838/712 907/918/712 795/849/712
f 839/914/713 844/919/713 845/920/713
f 780/921/714 758/833/714 846/922/714
f 844/919/715 846/922/715 847/923/715
f 840/840/716 843/917/716 856/924/716
f 787/925/717 849/926/717 782/854/717
f 836/910/718 2879/927/718 787/925/718
f 2878/928/719 904/929/719 849/926/719
f 791/930/720 772/912/720 785/858/720
f 791/930/721 788/857/721 848/931/721
f 851/862/722 848/931/722 850/867/722
f 798/864/723 796/865/723 853/932/723
f 795/849/724 853/932/724 796/865/724
f 854/933/121 779/934/121 1113/935/121
f 846/922/725 854/933/725 847/923/725
f 847/923/726 854/933/726 1194/936/726
f 770/937/727 856/924/727 855/938/727
f 843/917/728 857/939/728 856/924/728
f 856/924/729 858/940/729 1195/941/729
f 803/877/730 859/942/730 804/879/730
f 804/879/731 859/942/731 860/943/731
f 859/942/732 234/204/732 187/944/732
f 859/942/733 187/944/733 860/943/733
f 805/880/734 234/204/734 859/942/734
f 808/251/735 806/881/735 861/945/735
f 180/193/736 805/880/736 808/251/736
f 861/945/737 862/946/737 864/947/737
f 863/948/738 861/945/738 864/947/738
f 810/878/739 811/885/739 869/949/739
f 812/886/740 868/950/740 813/887/740
f 187/944/741 810/878/741 869/949/741
f 868/950/742 869/949/742 876/951/742
f 868/950/743 876/951/743 813/887/743
f 806/881/744 814/952/744 862/946/744
f 871/953/745 862/946/745 814/952/745
f 863/948/746 864/947/746 872/954/746
f 870/955/747 922/956/747 871/953/747
f 874/957/748 875/958/748 892/959/748
f 876/951/749 867/960/749 893/904/749
f 816/892/253 830/961/253 883/893/253
f 870/955/750 885/962/750 877/963/750
f 877/963/751 830/961/751 898/964/751
f 870/955/752 877/963/752 878/965/752
f 883/893/753 814/952/753 817/890/753
f 882/898/754 888/908/754 823/899/754
f 871/953/755 814/952/755 885/962/755
f 877/963/756 885/962/756 814/952/756
f 886/966/757 1227/967/757 887/968/757
f 882/898/758 887/968/758 888/908/758
f 880/969/759 881/970/759 889/971/759
f 866/972/760 890/973/760 801/872/760
f 874/957/761 892/959/761 815/888/761
f 815/888/762 892/959/762 825/901/762
f 925/974/763 897/975/763 895/976/763
f 895/976/764 897/975/764 896/977/764
f 925/974/765 898/964/765 897/975/765
f 830/961/766 832/906/766 898/964/766
f 889/971/767 887/968/767 1236/978/767
f 2875/979/768 942/980/768 899/981/768
f 2875/979/769 899/981/769 2877/982/769
f 772/912/770 852/983/770 837/911/770
f 2873/984/771 2872/985/771 905/986/771
f 905/986/772 2872/985/772 2865/987/772
f 904/929/773 902/988/773 849/926/773
f 901/989/774 904/929/774 2877/982/774
f 901/989/775 903/990/775 904/929/775
f 904/929/776 903/990/776 905/986/776
f 905/986/777 2865/987/777 902/988/777
f 837/911/778 852/983/778 906/991/778
f 903/990/779 899/981/779 906/991/779
f 909/992/780 910/993/780 908/994/780
f 841/995/781 845/920/781 911/996/781
f 911/996/782 845/920/782 917/997/782
f 912/998/783 900/999/783 911/996/783
f 900/999/784 913/1000/784 857/939/784
f 842/916/785 900/999/785 857/939/785
f 858/940/786 857/939/786 913/1000/786
f 920/1001/787 870/955/787 921/1002/787
f 864/947/788 922/956/788 873/1003/788
f 967/1004/789 969/1005/789 922/956/789
f 866/972/790 918/874/790 890/973/790
f 924/1006/791 925/974/791 875/958/791
f 924/1006/792 926/1007/792 925/974/792
f 926/1007/793 827/905/793 927/1008/793
f 879/1009/794 880/969/794 929/1010/794
f 925/974/795 878/965/795 877/963/795
f 932/1011/796 939/1012/796 940/1013/796
f 972/1014/797 934/1015/797 941/1016/797
f 891/1017/121 890/973/121 937/1018/121
f 924/1006/798 893/904/798 827/905/798
f 827/905/799 837/911/799 938/1019/799
f 896/977/800 897/975/800 990/1020/800
f 990/1020/121 897/975/121 939/1012/121
f 897/975/801 940/1013/801 939/1012/801
f 934/1015/802 889/971/802 1236/978/802
f 2873/984/803 905/986/803 903/990/803
f 944/1021/804 903/990/804 946/1022/804
f 944/1021/805 946/1022/805 945/1023/805
f 946/1022/806 906/991/806 798/864/806
f 798/864/807 853/932/807 947/1024/807
f 908/994/808 916/1025/808 949/1026/808
f 946/1022/809 798/864/809 947/1024/809
f 948/1027/810 950/1028/810 912/998/810
f 952/1029/811 951/1030/811 960/1031/811
f 318/339/812 319/331/812 954/1032/812
f 958/1033/813 954/1032/813 957/1034/813
f 956/1035/814 955/1036/814 968/1037/814
f 919/1038/815 959/1039/815 923/1040/815
f 960/1031/816 951/1030/816 977/1041/816
f 963/1042/817 964/1043/817 959/1039/817
f 964/1043/818 965/1044/818 959/1039/818
f 959/1039/90 965/1044/90 980/1045/90
f 962/1046/819 963/1042/819 1029/1047/819
f 962/1046/820 953/1048/820 964/1043/820
f 1028/1049/821 964/1043/821 966/1050/821
f 956/1035/822 967/1004/822 920/1001/822
f 920/1001/823 967/1004/823 922/956/823
f 967/1004/824 921/1002/824 971/1051/824
f 953/1048/825 968/1037/825 1020/1052/825
f 971/1051/826 973/1053/826 970/1054/826
f 974/1055/827 973/1053/827 975/1056/827
f 951/1030/828 2907/1057/828 977/1041/828
f 980/1045/829 928/1058/829 981/1059/829
f 976/1060/830 982/1061/830 984/1062/830
f 965/1044/831 928/1058/831 980/1045/831
f 965/1044/832 983/1063/832 928/1058/832
f 983/1063/833 927/1008/833 985/1064/833
f 982/1061/834 983/1063/834 984/1062/834
f 921/1002/835 930/1065/835 931/1066/835
f 932/1011/836 878/965/836 939/1012/836
f 970/1054/837 986/1067/837 935/1068/837
f 927/1008/838 827/905/838 938/1019/838
f 988/1069/839 938/1019/839 943/1070/839
f 987/1071/840 938/1019/840 989/1072/840
f 938/1019/841 988/1069/841 989/1072/841
f 985/1064/842 987/1071/842 990/1020/842
f 990/1020/843 987/1071/843 989/1072/843
f 991/1073/844 941/1016/844 1284/1074/844
f 994/1075/845 943/1070/845 942/980/845
f 943/1070/846 994/1075/846 996/1076/846
f 1284/1074/847 1341/1077/847 991/1073/847
f 996/1076/848 994/1075/848 995/1078/848
f 989/1072/849 998/1079/849 995/1078/849
f 993/1080/850 945/1023/850 1000/1081/850
f 1053/1082/851 1001/1083/851 1014/1084/851
f 997/838/852 993/1080/852 1000/1081/852
f 997/838/853 1000/1081/853 907/918/853
f 1001/1083/197 1059/1085/197 1003/1086/197
f 1000/1081/854 1003/1086/854 909/992/854
f 991/1073/855 1339/1087/855 1007/1088/855
f 1008/1089/856 1010/1090/856 1004/1091/856
f 1339/1087/857 1293/1092/857 1009/1093/857
f 1007/1088/858 1008/1089/858 1067/1094/858
f 1013/1095/813 1009/1093/813 1012/1096/813
f 1013/1095/859 1068/1097/859 1011/1098/859
f 999/1099/860 1015/1100/860 1014/1084/860
f 947/1024/861 949/1026/861 1015/1100/861
f 1004/1091/697 1011/1098/697 1006/1101/697
f 398/428/862 1026/1102/862 1024/1103/862
f 1018/1104/863 1017/1105/863 1019/1106/863
f 399/429/314 324/1107/314 962/1046/314
f 957/1034/864 319/331/864 386/415/864
f 955/1036/865 1020/1052/865 968/1037/865
f 958/1033/866 400/349/866 399/429/866
f 1021/1108/867 396/423/867 957/1034/867
f 958/1033/733 399/429/733 1020/1052/733
f 401/430/868 708/758/868 1030/1109/868
f 1021/1108/869 401/430/869 388/1110/869
f 388/1110/870 401/430/870 1022/1111/870
f 1024/1103/871 1026/1102/871 1025/1112/871
f 1024/1103/872 1023/1113/872 979/1114/872
f 1025/1112/873 1029/1047/873 959/1039/873
f 1025/1112/874 1027/1115/874 1032/1116/874
f 399/429/875 962/1046/875 1029/1047/875
f 1028/1049/876 1029/1047/876 984/1062/876
f 966/1050/877 953/1048/877 1020/1052/877
f 966/1050/878 1029/1047/878 1028/1049/878
f 1022/1111/879 1030/1109/879 974/1055/879
f 923/1040/880 976/1060/880 1032/1116/880
f 1023/1113/881 977/1041/881 979/1114/881
f 3055/1117/882 979/1114/882 2889/1118/882
f 1025/1112/883 1032/1116/883 984/1062/883
f 1031/1119/884 1032/1116/884 1033/1120/884
f 1027/1115/885 1033/1120/885 1032/1116/885
f 1032/1116/886 976/1060/886 984/1062/886
f 1029/1047/887 1025/1112/887 984/1062/887
f 965/1044/888 984/1062/888 983/1063/888
f 975/1056/889 1034/1121/889 1036/1122/889
f 1037/1123/890 975/1056/890 1036/1122/890
f 890/973/891 978/1124/891 937/1018/891
f 1034/1121/892 1035/1125/892 1038/1126/892
f 943/1070/893 996/1076/893 2195/1127/893
f 943/1070/894 2195/1127/894 2204/1128/894
f 996/1076/895 995/1078/895 1043/1129/895
f 1044/1130/896 1053/1082/896 1039/1131/896
f 1044/1130/897 2205/1132/897 1056/1133/897
f 1046/1134/898 998/1079/898 1048/1135/898
f 1041/1136/899 1049/1137/899 1047/1138/899
f 1042/1139/900 2201/1140/900 1066/1141/900
f 1039/1131/90 1051/1142/90 3046/1143/90
f 1050/1144/901 1039/1131/901 1054/1145/901
f 1053/1082/902 1014/1084/902 1057/1146/902
f 1057/1146/903 1014/1084/903 1002/1147/903
f 1055/1148/904 1058/1149/904 1059/1085/904
f 1047/1138/905 1049/1137/905 1060/1150/905
f 1059/1085/906 1058/1149/906 1060/1150/906
f 1058/1149/907 1055/1148/907 1002/1147/907
f 1061/1151/908 1060/1150/908 1058/1149/908
f 1060/1150/909 1061/1151/909 1062/1152/909
f 1003/1086/910 1059/1085/910 1004/1091/910
f 1049/1137/911 1064/1153/911 1060/1150/911
f 1066/1141/912 1058/1149/912 1063/1154/912
f 1042/1139/913 1066/1141/913 1049/1137/913
f 1049/1137/914 1066/1141/914 1064/1153/914
f 1063/1154/915 1002/1147/915 1067/1094/915
f 1035/1125/916 1007/1088/916 1067/1094/916
f 1035/1125/917 1013/1095/917 1012/1096/917
f 1013/1095/918 1067/1094/918 1068/1097/918
f 1051/1142/919 1052/1155/919 1069/1156/919
f 2924/1157/121 2942/1158/121 1080/1159/121
f 2946/1160/589 2960/1161/589 1084/1162/589
f 2964/1163/920 2966/1164/920 1088/1165/920
f 2960/1161/921 2902/1166/921 1074/1167/921
f 2902/1166/922 2901/1168/922 1076/1169/922
f 1077/1170/923 2905/1171/923 2906/1172/923
f 740/807/924 2944/1173/924 1072/1174/924
f 744/811/925 740/807/925 1072/1174/925
f 1081/1175/926 1072/1174/926 467/553/926
f 1083/510/927 1071/1176/927 1085/492/927
f 469/509/928 1083/510/928 528/1177/928
f 463/501/929 528/1177/929 1083/510/929
f 1080/1159/75 741/808/75 715/775/75
f 1071/1176/930 2946/1160/930 1084/1162/930
f 1071/1176/931 1084/1162/931 1085/492/931
f 1086/1178/932 1084/1162/932 1087/1179/932
f 1085/492/933 1084/1162/933 1089/1180/933
f 1088/1165/934 1085/492/934 1089/1180/934
f 1073/1181/935 1088/1165/935 1089/1180/935
f 1089/1180/936 1134/1182/936 1073/1181/936
f 1091/1183/937 1085/492/937 1088/1165/937
f 1085/492/938 1091/1183/938 1092/1184/938
f 1088/1165/939 2966/1164/939 1091/1183/939
f 1090/1185/940 2905/1171/940 1141/1186/940
f 1074/1167/941 2902/1166/941 1076/1169/941
f 1074/1167/942 1093/1187/942 1095/1188/942
f 1073/1181/943 1095/1188/943 1093/1187/943
f 1078/1189/944 1163/1190/944 1097/1191/944
f 760/837/945 759/836/945 1099/1192/945
f 1099/1192/946 759/836/946 1100/1193/946
f 1075/1194/947 2903/1195/947 1079/1196/947
f 1102/1197/948 1079/1196/948 1107/1198/948
f 1103/1199/949 1075/1194/949 1104/1200/949
f 1075/1194/950 1102/1197/950 1117/1201/950
f 1075/1194/951 1105/1202/951 1104/1200/951
f 1105/1202/952 1075/1194/952 1117/1201/952
f 1073/1181/953 1107/1198/953 2904/1203/953
f 1079/1196/954 2904/1203/954 1107/1198/954
f 1106/1204/955 1119/1205/955 1107/1198/955
f 1073/1181/956 1103/1199/956 1107/1198/956
f 1106/1204/957 1103/1199/957 1104/1200/957
f 1106/1204/958 1179/1206/958 1108/1207/958
f 759/836/959 766/1208/959 767/1209/959
f 759/836/960 767/1209/960 1110/1210/960
f 767/1209/961 769/841/961 1110/1210/961
f 1097/1191/962 1101/1211/962 1109/1212/962
f 1102/1197/963 1119/1205/963 1117/1201/963
f 728/788/964 729/790/964 1098/851/964
f 1078/1189/965 1098/851/965 729/790/965
f 1097/1191/966 1109/1212/966 1112/1213/966
f 778/852/90 1113/935/90 779/934/90
f 1114/1214/967 1115/1215/967 778/852/967
f 1112/1213/121 1109/1212/121 1116/1216/121
f 1118/1217/968 1119/1205/968 1188/1218/968
f 1122/1219/969 1120/1220/969 1123/1221/969
f 1120/1220/253 1121/1222/253 1205/1223/253
f 1121/1222/970 1206/1224/970 1205/1223/970
f 1205/1223/90 1124/1225/90 1120/1220/90
f 744/811/971 1072/1174/971 1081/1175/971
f 467/553/972 1215/632/972 1081/1175/972
f 1082/633/973 469/509/973 1126/1226/973
f 1126/1226/974 469/509/974 528/1177/974
f 1128/565/975 1136/1227/975 1139/1228/975
f 523/561/976 1130/1229/976 1129/1230/976
f 1131/564/977 1220/1231/977 1144/1232/977
f 1135/1233/978 1133/1234/978 1087/1179/978
f 1135/1233/979 1087/1179/979 1138/1235/979
f 1134/1182/980 1138/1235/980 1157/1236/980
f 1139/1228/981 1136/1227/981 1138/1235/981
f 1141/1186/982 1092/1184/982 1090/1185/982
f 1128/565/983 1142/1237/983 1137/1238/983
f 1143/1239/984 1141/1186/984 1158/1240/984
f 1143/1239/985 1158/1240/985 1145/1241/985
f 2900/1242/1 1147/1243/1 1078/1189/1
f 749/818/986 1147/1243/986 2900/1242/986
f 818/891/987 1149/1244/987 1163/1190/987
f 807/882/988 1132/1245/988 1148/889/988
f 820/894/989 821/896/989 1099/1192/989
f 1150/1246/990 820/894/990 1166/1247/990
f 1087/1179/991 2960/1161/991 1094/1248/991
f 1151/1249/992 1152/1250/992 1149/1244/992
f 1087/1179/993 1151/1249/993 1153/1251/993
f 1149/1244/994 1153/1251/994 1151/1249/994
f 1151/1249/995 1094/1248/995 1155/1252/995
f 1087/1179/996 1153/1251/996 1157/1236/996
f 1152/1250/997 1160/1253/997 1154/1254/997
f 1156/1255/998 1160/1253/998 1155/1252/998
f 1153/1251/999 1225/1256/999 1157/1236/999
f 1157/1236/1000 1225/1256/1000 1156/1255/1000
f 1156/1255/1001 1225/1256/1001 1159/1257/1001
f 1077/1170/1002 2906/1172/1002 1145/1241/1002
f 1097/1191/1003 1162/1258/1003 1101/1211/1003
f 821/896/1004 762/1259/1004 1099/1192/1004
f 762/1259/1005 760/837/1005 1099/1192/1005
f 1101/1211/1006 1162/1258/1006 1168/1260/1006
f 1164/1261/1007 1100/1193/1007 1168/1260/1007
f 1169/1262/1008 1164/1261/1008 1170/1263/1008
f 1152/1250/1009 1170/1263/1009 1167/1264/1009
f 1173/1265/1010 1117/1201/1010 1172/1266/1010
f 1171/1267/1011 1154/1254/1011 1172/1266/1011
f 1175/1268/1012 1176/1269/1012 1174/1270/1012
f 1173/1265/1013 1178/1271/1013 1179/1206/1013
f 1235/1272/1014 1175/1268/1014 1241/1273/1014
f 1178/1271/1015 1241/1273/1015 1175/1268/1015
f 1180/1274/1016 1179/1206/1016 1183/1275/1016
f 1111/1276/1017 1110/1210/1017 1181/1277/1017
f 1114/1214/1018 1111/1276/1018 1181/1277/1018
f 1168/1260/1019 1100/1193/1019 1116/1216/1019
f 1172/1266/1020 1117/1201/1020 1182/1278/1020
f 1183/1275/1021 1184/1279/1021 1187/1280/1021
f 1114/1214/1022 1112/1213/1022 1116/1216/1022
f 1114/1214/1023 1181/1277/1023 770/937/1023
f 1100/1193/1024 1114/1214/1024 1116/1216/1024
f 1115/1215/732 1114/1214/732 770/937/732
f 1115/1215/1019 770/937/1019 855/938/1019
f 1115/1215/1025 855/938/1025 1194/936/1025
f 1189/1281/1026 1193/1282/1026 1190/1283/1026
f 1190/1283/1027 1208/1284/1027 1191/1285/1027
f 854/933/1028 1113/935/1028 1194/936/1028
f 1194/936/1029 1198/1286/1029 845/920/1029
f 855/938/1030 856/924/1030 1195/941/1030
f 1196/1287/1031 1197/1288/1031 1198/1286/1031
f 1197/1288/1032 1200/1289/1032 1122/1219/1032
f 1122/1219/1033 1202/1290/1033 1121/1222/1033
f 1203/1291/1034 1204/1292/1034 1121/1222/1034
f 1206/1224/1035 1121/1222/1035 1191/1285/1035
f 1206/1224/1036 1191/1285/1036 1207/1293/1036
f 1207/1293/1037 1191/1285/1037 1208/1284/1037
f 1206/1224/1038 1267/1294/1038 1205/1223/1038
f 1190/1283/1039 1191/1285/1039 1209/1295/1039
f 1121/1222/1040 1263/1296/1040 1191/1285/1040
f 1209/1295/1041 1191/1285/1041 1263/1296/1041
f 1207/1293/1042 1208/1284/1042 1211/1297/1042
f 1203/1291/1043 1202/1290/1043 1212/1298/1043
f 1202/1290/1044 1199/1299/1044 1212/1298/1044
f 744/811/1045 1214/631/1045 807/882/1045
f 1214/631/1046 583/630/1046 861/945/1046
f 1215/632/1047 531/628/1047 1125/1300/1047
f 1214/631/1048 861/945/1048 1222/1301/1048
f 1214/631/1049 1222/1301/1049 1213/1302/1049
f 861/945/1050 863/948/1050 1222/1301/1050
f 1128/565/1051 1139/1228/1051 1140/1303/1051
f 584/626/1052 1082/633/1052 1127/1304/1052
f 1082/633/1053 1126/1226/1053 1127/1304/1053
f 584/626/1054 1127/1304/1054 1140/1303/1054
f 1217/1305/1055 1219/1306/1055 1220/1231/1055
f 585/634/1056 584/626/1056 1223/1307/1056
f 807/882/1 1213/1302/1 1132/1245/1
f 1270/1308/1057 1232/1309/1057 1221/1310/1057
f 1140/1303/1058 1144/1232/1058 1220/1231/1058
f 584/626/1059 1140/1303/1059 1223/1307/1059
f 1223/1307/1060 1219/1306/1060 2970/1311/1060
f 1132/1245/1061 1226/1312/1061 818/891/1061
f 818/891/1062 1226/1312/1062 1149/1244/1062
f 1213/1302/1063 1226/1312/1063 1132/1245/1063
f 1221/1310/1064 1232/1309/1064 1226/1312/1064
f 884/1313/1065 1166/1247/1065 1227/967/1065
f 863/948/1066 872/954/1066 1228/1314/1066
f 1230/1315/1067 1231/1316/1067 1237/1317/1067
f 1270/1308/1068 1274/1318/1068 1232/1309/1068
f 1282/1319/1069 1233/1320/1069 1225/1256/1069
f 1225/1256/910 1234/1321/910 1159/1257/910
f 1159/1257/1070 1234/1321/1070 1161/1322/1070
f 1161/1322/1071 1234/1321/1071 1241/1273/1071
f 1166/1247/1072 1165/1323/1072 1231/1316/1072
f 1227/967/1073 1166/1247/1073 1231/1316/1073
f 1231/1316/1074 1169/1262/1074 1237/1317/1074
f 1230/1315/1075 1237/1317/1075 1239/1324/1075
f 1237/1317/1076 1169/1262/1076 1239/1324/1076
f 1238/1325/1077 1256/1326/1077 1243/1327/1077
f 1240/1328/1078 1182/1278/1078 1244/1329/1078
f 1186/1330/1079 1286/1331/1079 1187/1280/1079
f 1286/1331/1080 1245/1332/1080 1187/1280/1080
f 1248/1333/1081 1251/1334/1081 1250/1335/1081
f 1242/1336/1082 1256/1326/1082 1253/1337/1082
f 858/940/1083 914/1338/1083 1253/1337/1083
f 1253/1337/1084 914/1338/1084 1254/1339/1084
f 1254/1339/1085 914/1338/1085 915/1340/1085
f 1200/1289/1086 1255/1341/1086 1201/1342/1086
f 858/940/1087 1253/1337/1087 1255/1341/1087
f 1256/1326/1088 1250/1335/1088 1258/1343/1088
f 1260/1344/1089 1204/1292/1089 1259/1345/1089
f 1260/1344/1090 1251/1334/1090 1261/1346/1090
f 1261/1346/1091 1263/1296/1091 1121/1222/1091
f 1263/1296/1092 1261/1346/1092 1264/1347/1092
f 1261/1346/1093 1297/1348/1093 1264/1347/1093
f 1263/1296/1094 1264/1347/1094 1266/1349/1094
f 1266/1349/1095 1264/1347/1095 1267/1294/1095
f 1211/1297/121 1208/1284/121 1252/1350/121
f 605/1351/1096 585/634/1096 1223/1307/1096
f 605/1351/1097 1223/1307/1097 645/689/1097
f 1268/1352/1098 1269/1353/1098 1221/1310/1098
f 1273/1354/1 1274/1318/1 1270/1308/1
f 1275/1355/1099 2970/1311/1099 1224/1356/1099
f 1229/1357/1100 1230/1315/1100 1278/1358/1100
f 1277/1359/1101 986/1067/1101 1228/1314/1101
f 1225/1256/261 1319/1360/261 1283/1361/261
f 1225/1256/1102 1283/1361/1102 1282/1319/1102
f 1283/1361/1103 1323/1362/1103 1282/1319/1103
f 941/1016/1104 1236/978/1104 1284/1074/1104
f 1282/1319/1105 1285/1363/1105 1177/1364/1105
f 1242/1336/1106 1287/1365/1106 1247/1366/1106
f 1186/1330/1107 1352/1367/1107 1286/1331/1107
f 1242/1336/1108 1253/1337/1108 1254/1339/1108
f 1289/1368/1109 1249/1369/1109 1288/1370/1109
f 1209/1295/1110 1265/1371/1110 1291/1372/1110
f 1288/1370/1111 1118/1217/1111 1192/1373/1111
f 1192/1373/1112 1190/1283/1112 1291/1372/1112
f 1254/1339/1113 915/1340/1113 1292/1374/1113
f 1293/1092/1114 1292/1374/1114 1294/1375/1114
f 1251/1334/1115 1295/1376/1115 1261/1346/1115
f 1261/1346/1116 1295/1376/1116 1297/1348/1116
f 1265/1371/1117 1209/1295/1117 1263/1296/1117
f 1291/1372/1118 1265/1371/1118 1296/1377/1118
f 1286/1331/1119 1362/1378/1119 1211/1297/1119
f 643/690/1120 645/689/1120 1300/1379/1120
f 1300/1379/1121 645/689/1121 646/1380/1121
f 641/1381/1122 1302/1382/1122 1303/1383/1122
f 1303/1383/1123 1302/1382/1123 1271/1384/1123
f 1303/1383/1124 1269/1353/1124 986/1067/1124
f 970/1054/1125 1394/1385/1125 1303/1383/1125
f 1304/1386/1126 1310/1387/1126 1306/1388/1126
f 1298/1389/1127 1303/1383/1127 1394/1385/1127
f 1302/1382/1128 1310/1387/1128 1271/1384/1128
f 1310/1387/1129 1305/1390/1129 1272/1391/1129
f 1315/1392/1130 1313/1393/1130 1311/1394/1130
f 1311/1394/1131 1324/1395/1131 1322/1396/1131
f 1276/1397/1132 1312/1398/1132 1316/1399/1132
f 1315/1392/1133 1401/1400/1133 1312/1398/1133
f 1224/1356/1134 2967/1401/1134 1314/1402/1134
f 1304/1386/1135 1308/1403/1135 1279/1404/1135
f 1305/1390/1136 1279/1404/1136 1280/1405/1136
f 1305/1390/1137 1280/1405/1137 1281/1406/1137
f 1318/1407/1138 1317/1408/1138 1281/1406/1138
f 1305/1390/1139 1317/1408/1139 1320/1409/1139
f 1274/1318/1140 1320/1409/1140 1232/1309/1140
f 1232/1309/1141 1320/1409/1141 1225/1256/1141
f 1317/1408/1142 1318/1407/1142 1320/1409/1142
f 1311/1394/1143 1322/1396/1143 1321/1410/1143
f 1283/1361/1144 1319/1360/1144 1321/1410/1144
f 1321/1410/1145 1322/1396/1145 1323/1362/1145
f 1319/1360/1146 1405/1411/1146 1321/1410/1146
f 1323/1362/1147 1322/1396/1147 1326/1412/1147
f 1326/1412/1148 1324/1395/1148 1327/1413/1148
f 1331/1414/1149 1330/1415/1149 1243/1327/1149
f 1281/1406/1150 1330/1415/1150 1332/1416/1150
f 1332/1416/1151 1330/1415/1151 1334/1417/1151
f 1330/1415/1152 1333/1418/1152 1334/1417/1152
f 1285/1363/1153 1418/1419/1153 1335/1420/1153
f 1337/1421/1154 1333/1418/1154 1338/1422/1154
f 1335/1420/1155 1419/1423/1155 1336/1424/1155
f 1419/1423/1156 1421/1425/1156 1336/1424/1156
f 1339/1087/1157 1341/1077/1157 1340/1426/1157
f 1284/1074/1158 1410/1427/1158 1341/1077/1158
f 1340/1426/1159 1426/1428/1159 1247/1366/1159
f 1243/1327/1160 1247/1366/1160 1342/1429/1160
f 1331/1414/1161 1243/1327/1161 1342/1429/1161
f 1247/1366/1162 1426/1428/1162 1342/1429/1162
f 1342/1429/1163 1344/1430/1163 1343/1431/1163
f 1426/1428/1164 1344/1430/1164 1342/1429/1164
f 1331/1414/1165 1343/1431/1165 1345/1432/1165
f 1345/1432/1166 1346/1433/1166 1350/1434/1166
f 1285/1363/1167 1348/1435/1167 1185/1436/1167
f 1335/1420/1168 1349/1437/1168 1348/1435/1168
f 1333/1418/1169 1345/1432/1169 1350/1434/1169
f 1338/1422/1170 1350/1434/1170 1351/1438/1170
f 1346/1433/1171 1430/1439/1171 1350/1434/1171
f 1349/1437/1172 1352/1367/1172 1348/1435/1172
f 1336/1424/1158 1356/1440/1158 1349/1437/1158
f 1349/1437/1173 1356/1440/1173 1352/1367/1173
f 1343/1431/1174 1344/1430/1174 1353/1441/1174
f 1289/1368/1175 1288/1370/1175 1192/1373/1175
f 1289/1368/1176 1354/1442/1176 1376/1443/1176
f 1192/1373/1177 1354/1442/1177 1289/1368/1177
f 1192/1373/1178 1291/1372/1178 1355/1444/1178
f 1356/1440/1179 1359/1445/1179 1357/1446/1179
f 1352/1367/1180 1356/1440/1180 1286/1331/1180
f 1356/1440/1181 1357/1446/1181 1286/1331/1181
f 1286/1331/1182 1358/1447/1182 1362/1378/1182
f 1360/1448/1183 1356/1440/1183 1363/1449/1183
f 1294/1375/668 1292/1374/668 2867/1450/668
f 1012/1096/1184 1293/1092/1184 1366/1451/1184
f 1365/1452/1185 1294/1375/1185 1388/1453/1185
f 1364/1454/1186 1365/1452/1186 1368/1455/1186
f 1367/1456/1187 1437/1457/1187 1353/1441/1187
f 1370/1458/1188 1369/1459/1188 1371/1460/1188
f 1345/1432/1189 1353/1441/1189 1372/1461/1189
f 1376/1443/1190 1354/1442/1190 1355/1444/1190
f 1355/1444/1191 1296/1377/1191 1386/1462/1191
f 1376/1443/1192 1355/1444/1192 1379/1463/1192
f 1380/1464/1193 1449/1465/1193 1381/1466/1193
f 1362/1378/1194 1358/1447/1194 1386/1462/1194
f 1384/1467/1195 1385/1468/1195 1386/1462/1195
f 1386/1462/1196 1385/1468/1196 1378/1469/1196
f 1382/1470/1197 1387/1471/1197 1384/1467/1197
f 1382/1470/261 1453/1472/261 1387/1471/261
f 1294/1375/1198 2867/1450/1198 1388/1453/1198
f 708/758/1199 1299/1473/1199 1394/1385/1199
f 1301/752/1200 1300/1379/1200 1392/1474/1200
f 705/754/1201 1392/1474/1201 1300/1379/1201
f 1392/1474/1202 705/754/1202 1393/1475/1202
f 1030/1109/1203 708/758/1203 1394/1385/1203
f 1307/1476/1204 1036/1122/1204 1308/1403/1204
f 1309/1477/121 1306/1388/121 1395/1478/121
f 709/763/1205 1393/1475/1205 1396/1479/1205
f 1397/1480/1206 1396/1479/1206 1321/1410/1206
f 695/746/1207 1399/1481/1207 1400/1482/1207
f 1396/1479/1208 1393/1475/1208 1401/1400/1208
f 1402/1483/1209 1397/1480/1209 1401/1400/1209
f 1399/1481/1210 1402/1483/1210 1910/756/1210
f 1401/1400/1211 2968/1484/1211 1316/1399/1211
f 1036/1122/1212 1034/1121/1212 1308/1403/1212
f 1318/1407/1213 1281/1406/1213 1404/1485/1213
f 1397/1480/1214 1321/1410/1214 1405/1411/1214
f 1326/1412/1215 1405/1411/1215 1318/1407/1215
f 1397/1480/1216 1326/1412/1216 1406/1486/1216
f 1325/1487/1217 1326/1412/1217 1318/1407/1217
f 1326/1412/1218 1327/1413/1218 1406/1486/1218
f 1425/1488/1219 1420/1489/1219 1408/1490/1219
f 1398/1491/1220 1407/1492/1220 1409/1493/1220
f 1329/1494/1221 3054/1495/1221 1425/1488/1221
f 1034/1121/1222 1038/1126/1222 1412/1496/1222
f 1308/1403/1223 1412/1496/1223 1410/1427/1223
f 1412/1496/1224 1038/1126/1224 1428/1497/1224
f 1413/1498/1225 2567/1499/1225 1414/1500/1225
f 1404/1485/1226 1281/1406/1226 1332/1416/1226
f 1416/1501/1227 1404/1485/1227 1414/1500/1227
f 1414/1500/1228 1417/1502/1228 1416/1501/1228
f 1417/1502/1229 2572/1503/1229 1415/1504/1229
f 1414/1500/1230 2567/1499/1230 1417/1502/1230
f 1332/1416/1231 1334/1417/1231 1416/1501/1231
f 1325/1487/1232 1318/1407/1232 1418/1419/1232
f 1318/1407/1233 1416/1501/1233 1337/1421/1233
f 1418/1419/1234 1338/1422/1234 1351/1438/1234
f 1335/1420/1235 1418/1419/1235 1419/1423/1235
f 1408/1490/1236 1420/1489/1236 1422/1505/1236
f 1419/1423/1237 1351/1438/1237 1423/1506/1237
f 1422/1505/1238 1420/1489/1238 1423/1506/1238
f 1425/1488/1239 1421/1425/1239 1420/1489/1239
f 1421/1425/1240 1425/1488/1240 3053/1507/1240
f 1341/1077/1241 1427/1508/1241 1340/1426/1241
f 1426/1428/1242 1429/1509/1242 1344/1430/1242
f 1351/1438/1243 1350/1434/1243 1430/1439/1243
f 1360/1448/1244 1351/1438/1244 1430/1439/1244
f 1428/1497/1245 1035/1125/1245 1432/1510/1245
f 1360/1448/1246 1430/1439/1246 1347/1511/1246
f 1351/1438/1247 1360/1448/1247 1363/1449/1247
f 1361/1512/1248 1360/1448/1248 1347/1511/1248
f 1435/1513/1249 1366/1451/1249 1370/1458/1249
f 1436/1514/1250 3047/1515/1250 1439/1516/1250
f 1432/1510/1251 1438/1517/1251 1437/1457/1251
f 1438/1517/1252 1439/1516/1252 1440/1518/1252
f 1366/1451/1253 1368/1455/1253 1370/1458/1253
f 1431/1519/1254 1432/1510/1254 1437/1457/1254
f 1431/1519/1255 1437/1457/1255 1367/1456/1255
f 1437/1457/1256 1442/1520/1256 1441/1521/1256
f 1438/1517/1257 1444/1522/1257 1442/1520/1257
f 1375/1523/1258 1445/1524/1258 1374/1525/1258
f 1374/1525/1259 1446/1526/1259 1372/1461/1259
f 1448/1527/1260 1376/1443/1260 1447/1528/1260
f 1448/1527/1261 1447/1528/1261 1452/1529/1261
f 1347/1511/1262 1372/1461/1262 1446/1526/1262
f 1446/1526/1263 1445/1524/1263 1461/1530/1263
f 1446/1526/1264 1450/1531/1264 1449/1465/1264
f 1379/1463/1265 1355/1444/1265 1452/1529/1265
f 1449/1465/1266 1455/1532/1266 1454/1533/1266
f 1450/1531/1267 2602/1534/1267 1455/1532/1267
f 1383/1535/1268 1453/1472/1268 1382/1470/1268
f 1383/1535/1269 1454/1533/1269 1457/1536/1269
f 1453/1472/1270 1458/1537/1270 1387/1471/1270
f 1370/1458/1271 1371/1460/1271 1460/1538/1271
f 1445/1524/1272 1375/1523/1272 1461/1530/1272
f 1452/1529/1273 1390/1539/1273 1463/1540/1273
f 1459/1541/1274 1458/1537/1274 1464/1542/1274
f 3079/1543/1275 1465/1544/1275 1466/1545/1275
f 1466/1545/1276 1465/1544/1276 330/352/1276
f 269/354/1268 1471/1546/1268 1473/293/1268
f 269/354/1277 1469/1547/1277 1471/1546/1277
f 330/352/1278 1467/1548/1278 1469/1547/1278
f 1469/1547/1279 1470/1549/1279 1471/1546/1279
f 1471/1546/1280 1472/1550/1280 1567/358/1280
f 1471/1546/1281 1567/358/1281 1473/293/1281
f 335/365/253 1974/1551/253 1852/366/253
f 3078/1552/1282 3060/368/1282 338/369/1282
f 3078/1552/1283 338/369/1283 1465/1544/1283
f 330/352/1284 338/369/1284 329/353/1284
f 338/369/1285 330/352/1285 1474/1553/1285
f 330/352/1286 1477/1554/1286 1474/1553/1286
f 330/352/1287 1469/1547/1287 1477/1554/1287
f 1469/1547/1288 269/354/1288 1477/1554/1288
f 1470/1549/1289 1467/1548/1289 1492/1555/1289
f 1480/1556/1290 1483/1557/1290 1481/1558/1290
f 1483/1557/1291 1479/1559/1291 1482/1560/1291
f 1483/1557/1292 1584/1561/1292 1499/1562/1292
f 1479/1559/1293 1480/1556/1293 1485/1563/1293
f 269/354/1294 352/378/1294 353/1564/1294
f 1477/1554/1295 353/1564/1295 361/1565/1295
f 1488/1566/1296 1510/1567/1296 1489/1568/1296
f 1470/1549/1297 1492/1555/1297 1490/1569/1297
f 1475/1570/1298 1477/1554/1298 1491/1571/1298
f 1467/1548/1299 1494/1572/1299 1492/1555/1299
f 1492/1555/1300 1495/1573/1300 1493/1574/1300
f 1488/1566/1301 1515/1575/1301 1510/1567/1301
f 1471/1546/1302 1490/1569/1302 1496/1576/1302
f 1493/1574/1303 1583/1577/1303 1496/1576/1303
f 353/1564/1304 351/380/1304 361/1565/1304
f 361/1565/1305 360/409/1305 1498/1578/1305
f 361/1565/1306 1498/1578/1306 375/410/1306
f 1483/1557/1307 1499/1562/1307 1526/1579/1307
f 1485/1563/1308 1481/1558/1308 1500/390/1308
f 364/389/1309 672/720/1309 1501/1580/1309
f 1502/1581/1310 1508/1582/1310 1507/1583/1310
f 1509/398/1311 1511/1584/1311 1531/399/1311
f 1489/1568/1312 1509/398/1312 1504/1585/1312
f 3077/397/1313 1504/1585/1313 1509/398/1313
f 1504/1585/1314 1503/1586/1314 1506/1587/1314
f 1513/1588/1315 371/400/1315 1514/1589/1315
f 1515/1575/1316 375/410/1316 1516/1590/1316
f 1519/1591/1317 1517/1592/1317 1541/1593/1317
f 1518/1594/1318 1519/1591/1318 1520/1595/1318
f 380/406/1319 1542/1596/1319 381/426/1319
f 1523/1597/1320 1524/1598/1320 1543/1599/1320
f 1499/1562/1321 1600/1600/1321 1526/1579/1321
f 389/1601/1322 388/1110/1322 1528/1602/1322
f 1525/416/1323 1526/1579/1323 387/417/1323
f 1529/1603/1324 3076/1604/1324 1505/1605/1324
f 1531/399/1325 1532/1606/1325 1533/1607/1325
f 1511/1584/1326 1506/1587/1326 1534/1608/1326
f 1535/1609/1327 1536/1610/1327 1532/1606/1327
f 1514/1589/1328 371/400/1328 395/420/1328
f 2164/1611/1329 1537/1612/1329 1538/1613/1329
f 1537/1612/1330 395/420/1330 1538/1613/1330
f 1539/1614/1331 1514/1589/1331 1537/1612/1331
f 1537/1612/1332 1540/1615/1332 1539/1614/1332
f 1539/1614/1333 373/425/1333 1541/1593/1333
f 395/420/1334 372/422/1334 1539/1614/1334
f 1517/1592/1335 1514/1589/1335 1539/1614/1335
f 1541/1593/1336 1517/1592/1336 1539/1614/1336
f 1541/1593/1337 381/426/1337 1542/1596/1337
f 1543/1599/1338 1524/1598/1338 1545/1616/1338
f 1519/1591/1339 1541/1593/1339 1544/1617/1339
f 1546/1618/1340 1549/1619/1340 1552/1620/1340
f 1549/1619/1341 1547/1621/1341 1553/1622/1341
f 1546/1618/1342 1554/1623/1342 1550/1624/1342
f 1506/1587/1343 2163/1625/1343 1018/1104/1343
f 1535/1609/1344 1019/1106/1344 2164/1611/1344
f 1548/1626/1345 1546/1618/1345 1556/1627/1345
f 1547/1621/1346 1548/1626/1346 1557/1628/1346
f 1548/1626/1347 1556/1627/1347 1557/1628/1347
f 1551/1629/1348 1547/1621/1348 1558/1630/1348
f 1546/1618/1349 1550/1624/1349 2167/1631/1349
f 3080/1632/314 3063/359/314 332/360/314
f 1468/1633/1350 1559/1634/1350 1467/1548/1350
f 1559/1634/1351 1560/1635/1351 1467/1548/1351
f 1561/1636/1352 1562/1637/1352 1563/1638/1352
f 1561/1636/1353 1565/1639/1353 1562/1637/1353
f 3105/1640/1354 1564/1641/1354 1565/1639/1354
f 332/360/1355 331/357/1355 1567/358/1355
f 1560/1635/1356 1559/1634/1356 1568/1642/1356
f 1559/1634/1357 1476/1643/1357 1568/1642/1357
f 1564/1641/1358 1472/1550/1358 1571/1644/1358
f 1566/1645/1359 1573/1646/1359 1567/358/1359
f 1484/1647/1360 1482/1560/1360 1574/1648/1360
f 1484/1647/1361 1574/1648/1361 1578/1649/1361
f 1575/1650/1362 1578/1649/1362 1576/1651/1362
f 1578/1649/1363 1487/1652/1363 1579/1653/1363
f 1491/1571/1364 1488/1566/1364 1580/1654/1364
f 1495/1573/1365 1583/1577/1365 1493/1574/1365
f 1494/1572/1366 1491/1571/1366 1495/1573/1366
f 1568/1642/1367 1476/1643/1367 1491/1571/1367
f 1495/1573/1368 1580/1654/1368 1582/1655/1368
f 1478/1656/1369 1496/1576/1369 1583/1577/1369
f 1573/1646/1370 1583/1577/1370 1597/1657/1370
f 1484/1647/1371 1576/1651/1371 1584/1561/1371
f 1487/1652/1372 1486/1658/1372 1501/1580/1372
f 1578/1649/1373 1579/1653/1373 1576/1651/1373
f 1579/1653/1374 1501/1580/1374 1928/1659/1374
f 1589/1660/1375 1588/1661/1375 1593/1662/1375
f 1593/1662/1376 1591/1663/1376 1589/1660/1376
f 1582/1655/1377 1518/1594/1377 1521/1664/1377
f 1597/1657/1378 1582/1655/1378 1595/1665/1378
f 1521/1664/1379 1520/1595/1379 1527/1666/1379
f 1527/1666/1380 1544/1617/1380 1598/1667/1380
f 1573/1646/1381 1597/1657/1381 1600/1600/1381
f 1603/1668/1382 1602/1669/1382 1587/1670/1382
f 1587/1670/1383 1941/1671/1383 1939/1672/1383
f 1604/1673/1384 1602/1669/1384 1605/1674/1384
f 3094/1675/1385 1606/1676/1385 3093/1677/1385
f 1508/1582/1386 1590/1678/1386 1530/1679/1386
f 1588/1661/1387 3095/1680/1387 1607/1681/1387
f 1536/1610/1388 1535/1609/1388 2164/1611/1388
f 1591/1663/1389 1592/1682/1389 1609/1683/1389
f 1592/1682/1390 1610/1684/1390 1609/1683/1390
f 1536/1610/1391 1611/1685/1391 1537/1612/1391
f 1611/1685/1392 1613/1686/1392 1540/1615/1392
f 1596/1687/1393 1615/1688/1393 1611/1685/1393
f 1527/1666/1394 1598/1667/1394 1615/1688/1394
f 1616/1689/1395 1615/1688/1395 1598/1667/1395
f 1606/1676/1396 1618/1690/1396 1619/1691/1396
f 1609/1683/1397 1610/1684/1397 1621/1692/1397
f 1610/1684/1398 2216/1693/1398 1622/1694/1398
f 1622/1694/1399 1620/1695/1399 1650/1696/1399
f 1621/1692/1400 1622/1694/1400 1650/1696/1400
f 1598/1667/1401 1544/1617/1401 1623/1697/1401
f 1602/1669/1402 1623/1697/1402 1624/1698/1402
f 1554/1623/1403 1602/1669/1403 1624/1698/1403
f 1554/1623/1404 1624/1698/1404 1550/1624/1404
f 1550/1624/1405 1624/1698/1405 1625/1699/1405
f 3105/1640/596 3104/1700/596 1628/1701/596
f 1561/1636/1406 1563/1638/1406 1627/1702/1406
f 3104/1700/1407 1657/1703/1407 1628/1701/1407
f 3080/1632/314 332/360/314 1629/1704/314
f 1627/1702/1408 1570/1705/1408 1631/1706/1408
f 1665/1707/1409 1565/1639/1409 1572/1708/1409
f 1564/1641/1410 1628/1701/1410 1572/1708/1410
f 1665/1707/1411 1572/1708/1411 1632/1709/1411
f 1577/1710/1412 1585/1711/1412 1633/1712/1412
f 1585/1711/1413 1579/1653/1413 1635/1713/1413
f 1588/1661/1414 1636/1714/1414 1593/1662/1414
f 1593/1662/1415 1638/1715/1415 1594/1716/1415
f 1594/1716/1416 1638/1715/1416 1685/1717/1416
f 1640/1718/1417 1639/1719/1417 1596/1687/1417
f 1597/1657/1418 1639/1719/1418 1600/1600/1418
f 1639/1719/1419 1641/1720/1419 1642/1721/1419
f 1643/1722/1420 1587/1670/1420 1602/1669/1420
f 1634/1723/1421 1643/1722/1421 1644/1724/1421
f 1636/1714/1422 1607/1681/1422 1646/1725/1422
f 3100/1726/1423 1647/1727/1423 1607/1681/1423
f 1645/1728/1424 1648/1729/1424 1606/1676/1424
f 1647/1727/1425 1646/1725/1425 1607/1681/1425
f 1645/1728/1426 1608/1730/1426 1685/1717/1426
f 1640/1718/1427 1596/1687/1427 1612/1731/1427
f 1649/1732/1428 1614/1733/1428 1688/1734/1428
f 1614/1733/1429 1615/1688/1429 1601/1735/1429
f 1620/1695/1430 2265/1736/1430 1650/1696/1430
f 1651/1737/1431 1969/1738/1431 1626/1739/1431
f 1652/1740/1432 1653/1741/1432 1969/1738/1432
f 3102/1742/90 1654/1743/90 1655/1744/90
f 3103/1745/1433 3121/1746/1433 1665/1707/1433
f 3104/1700/1434 3103/1745/1434 1657/1703/1434
f 1632/1709/1435 1668/1747/1435 1656/1748/1435
f 3106/1749/1436 3080/1632/1436 1660/1750/1436
f 3080/1632/1437 1629/1704/1437 1659/1751/1437
f 3080/1632/1438 1659/1751/1438 1660/1750/1438
f 3108/1752/1439 1662/1753/1439 337/364/1439
f 1662/1753/1440 3109/1754/1440 1663/1755/1440
f 3106/1749/1441 1660/1750/1441 1664/1756/1441
f 3118/1757/121 1655/1744/121 1665/1707/121
f 1654/1743/1442 1631/1706/1442 1655/1744/1442
f 3121/1746/1443 1706/1758/1443 1665/1707/1443
f 1657/1703/1444 1665/1707/1444 1632/1709/1444
f 1656/1748/1445 1658/1759/1445 1667/1760/1445
f 1659/1751/1446 1629/1704/1446 1633/1712/1446
f 1660/1750/1447 1661/1761/1447 1678/1762/1447
f 1670/1763/1448 1664/1756/1448 1671/1764/1448
f 3107/1765/1449 1672/1766/1449 1673/1767/1449
f 1676/1768/1450 1633/1712/1450 1679/1769/1450
f 1661/1761/1451 1680/1770/1451 1678/1762/1451
f 1678/1762/1452 1681/1771/1452 1683/1772/1452
f 1669/1773/1453 1678/1762/1453 1683/1772/1453
f 1671/1764/75 1669/1773/75 1979/1774/75
f 1677/1775/1454 1687/1776/1454 1686/1777/1454
f 1641/1720/1455 1732/1778/1455 1686/1777/1455
f 1686/1777/1456 1687/1776/1456 1688/1734/1456
f 1732/1778/1457 1689/1779/1457 1686/1777/1457
f 1635/1713/1458 1634/1723/1458 1682/1780/1458
f 1669/1773/1459 1684/1781/1459 1644/1724/1459
f 1684/1781/1460 1683/1772/1460 1690/1782/1460
f 1645/1728/1461 1647/1727/1461 1691/1783/1461
f 1648/1729/1462 1645/1728/1462 1691/1783/1462
f 1694/1784/1463 1693/1785/1463 1695/1786/1463
f 1696/1787/1464 1697/1788/1464 1698/1789/1464
f 1693/1785/1465 1700/1790/1465 1698/1789/1465
f 1652/1740/1466 1700/1790/1466 1653/1741/1466
f 1653/1741/1467 1761/1791/1467 1969/1738/1467
f 1702/1792/1468 1703/1793/1468 1704/1794/1468
f 1703/1793/1469 3119/1795/1469 1704/1794/1469
f 3119/1795/1470 1705/1796/1470 1704/1794/1470
f 1705/1796/1471 1767/1797/1471 1704/1794/1471
f 3120/1798/1472 1701/1799/1472 1706/1758/1472
f 3141/1800/1473 1702/1792/1473 1666/1801/1473
f 3141/1800/1474 1666/1801/1474 1713/1802/1474
f 1701/1799/1475 3123/1803/1475 1707/1804/1475
f 1707/1804/1476 1708/1805/1476 1668/1747/1476
f 3123/1803/1477 1708/1805/1477 1707/1804/1477
f 3124/1806/1478 3107/1765/1478 1673/1767/1478
f 3124/1806/75 1673/1767/75 1709/1807/75
f 3118/1757/1479 1665/1707/1479 1711/1808/1479
f 1710/1809/1480 1779/1810/1480 1712/1811/1480
f 1702/1792/1481 1711/1808/1481 1666/1801/1481
f 1716/1812/1482 1717/1813/1482 1722/1814/1482
f 1716/1812/1483 1783/1815/1483 1717/1813/1483
f 1718/1816/1484 1716/1812/1484 1719/1817/1484
f 1777/1818/1485 1718/1816/1485 1720/1819/1485
f 3123/1803/1486 1720/1819/1486 1718/1816/1486
f 3116/1820/1487 1712/1811/1487 1721/1821/1487
f 1668/1747/1488 1674/1822/1488 1675/1823/1488
f 1788/1824/1489 1722/1814/1489 1723/1825/1489
f 1717/1813/1490 1723/1825/1490 1722/1814/1490
f 1722/1814/1491 1675/1823/1491 1676/1768/1491
f 1719/1817/1492 1722/1814/1492 1680/1770/1492
f 1680/1770/1493 1676/1768/1493 1679/1769/1493
f 1681/1771/1494 1680/1770/1494 1733/1826/1494
f 1681/1771/1495 1733/1826/1495 1724/1827/1495
f 1680/1770/1496 1679/1769/1496 1733/1826/1496
f 1726/1828/1497 1724/1827/1497 1729/1829/1497
f 1724/1827/1498 1728/1830/1498 1729/1829/1498
f 3115/1831/253 1808/1832/253 1730/1833/253
f 1679/1769/1499 1686/1777/1499 1689/1779/1499
f 1733/1826/1500 1679/1769/1500 1689/1779/1500
f 1689/1779/1501 1732/1778/1501 1694/1784/1501
f 1690/1782/1502 1735/1834/1502 1747/1835/1502
f 1733/1826/1503 1689/1779/1503 1727/1836/1503
f 1736/1837/1504 1737/1838/1504 2068/1839/1504
f 1734/1840/1505 1822/1841/1505 1727/1836/1505
f 1640/1718/1506 1692/1842/1506 1741/1843/1506
f 1743/1844/1507 1828/1845/1507 1742/1846/1507
f 1694/1784/1508 1732/1778/1508 1743/1844/1508
f 1743/1844/1509 1649/1732/1509 1694/1784/1509
f 1748/1847/1510 2082/1848/1510 2087/1849/1510
f 1747/1835/1511 1831/1850/1511 1748/1847/1511
f 1745/1851/1512 1744/1852/1512 1830/1853/1512
f 1830/1853/1513 1744/1852/1513 1749/1854/1513
f 1752/1855/1514 1754/1856/1514 1753/1857/1514
f 1742/1846/1515 1754/1856/1515 1752/1855/1515
f 1751/1858/1516 1754/1856/1516 1755/1859/1516
f 1742/1846/1517 1828/1845/1517 1754/1856/1517
f 1620/1695/1518 1755/1859/1518 1697/1788/1518
f 1697/1788/1519 1755/1859/1519 1756/1860/1519
f 1697/1788/1520 1756/1860/1520 1698/1789/1520
f 1699/1861/1521 1698/1789/1521 1756/1860/1521
f 1700/1790/1522 1760/1862/1522 1653/1741/1522
f 2087/1849/1523 1762/1863/1523 1760/1862/1523
f 1756/1860/1524 1757/1864/1524 1764/1865/1524
f 3139/1866/336 1771/1867/336 1769/1868/336
f 3139/1866/1525 1769/1868/1525 1768/1869/1525
f 3140/1870/1526 1713/1802/1526 1770/1871/1526
f 3157/1872/1527 1844/1873/1527 1773/1874/1527
f 1772/1875/1528 1773/1874/1528 1775/1876/1528
f 3143/1877/75 1772/1875/75 1720/1819/75
f 1777/1818/1529 1772/1875/1529 1775/1876/1529
f 1780/1878/1530 1768/1869/1530 1786/1879/1530
f 1781/1880/1531 1770/1871/1531 1782/1881/1531
f 1783/1815/1532 1723/1825/1532 1717/1813/1532
f 1768/1869/1533 3138/1882/1533 1721/1821/1533
f 1721/1821/1534 1712/1811/1534 1779/1810/1534
f 1721/1821/1535 1791/1883/1535 1786/1879/1535
f 1715/1884/1536 1788/1824/1536 1789/1885/1536
f 1789/1885/1537 1813/1886/1537 1787/1887/1537
f 1786/1879/1538 1791/1883/1538 1789/1885/1538
f 1791/1883/1539 1792/1888/1539 1715/1884/1539
f 1789/1885/1540 1788/1824/1540 1723/1825/1540
f 1790/1889/1541 1793/1890/1541 1813/1886/1541
f 1790/1889/1542 1723/1825/1542 1783/1815/1542
f 1728/1830/253 1796/1891/253 1729/1829/253
f 1798/1892/1543 1796/1891/1543 1822/1841/1543
f 1794/1893/1544 1848/1894/1544 1798/1892/1544
f 1800/1895/1545 1799/1896/1545 1801/1897/1545
f 1801/1897/1546 1799/1896/1546 1802/1898/1546
f 1799/1896/1547 1847/1899/1547 1803/1900/1547
f 3115/1831/1548 1806/1901/1548 1808/1832/1548
f 1808/1832/1549 1806/1901/1549 1809/1902/1549
f 1812/1903/1550 1787/1887/1550 1809/1902/1550
f 1809/1902/1551 1806/1901/1551 1810/1904/1551
f 1809/1902/1552 1811/1905/1552 1812/1903/1552
f 1808/1832/1553 1813/1886/1553 1730/1833/1553
f 1730/1833/1554 1813/1886/1554 1731/1906/1554
f 1813/1886/1555 1793/1890/1555 1814/1907/1555
f 1817/1908/314 1734/1840/314 1746/1909/314
f 1818/1910/1556 1817/1908/1556 1746/1909/1556
f 1794/1893/1557 1818/1910/1557 1795/1911/1557
f 1819/1912/1558 1818/1910/1558 1746/1909/1558
f 1795/1911/597 1820/1913/597 1821/1914/597
f 1735/1834/1559 1736/1837/1559 1739/1915/1559
f 1818/1910/1560 1798/1892/1560 1822/1841/1560
f 1820/1913/1561 1739/1915/1561 1823/1916/1561
f 1803/1900/1562 1823/1916/1562 1739/1915/1562
f 1807/1917/1563 1824/1918/1563 1829/1919/1563
f 1824/1918/1564 1807/1917/1564 2472/1920/1564
f 1731/1906/1565 1829/1919/1565 1740/1921/1565
f 1815/1922/1566 1807/1917/1566 1829/1919/1566
f 1824/1918/1567 1826/1923/1567 1829/1919/1567
f 1741/1843/1568 1828/1845/1568 1743/1844/1568
f 1738/1924/1569 1819/1912/1569 1830/1853/1569
f 1819/1912/1570 1746/1909/1570 1830/1853/1570
f 1832/1925/1571 1830/1853/1571 1749/1854/1571
f 1832/1925/1572 1842/1926/1572 1831/1850/1572
f 1831/1850/1573 1842/1926/1573 2082/1848/1573
f 1832/1925/1574 1749/1854/1574 1842/1926/1574
f 1807/1917/75 1805/1927/75 3136/1928/75
f 1829/1919/1575 1837/1929/1575 1835/1930/1575
f 1835/1930/1576 1838/1931/1576 1836/1932/1576
f 1828/1845/1577 1834/1933/1577 1754/1856/1577
f 1834/1933/1578 1836/1932/1578 1754/1856/1578
f 1836/1932/1579 1834/1933/1579 1835/1930/1579
f 1759/1934/1580 1765/1935/1580 1764/1865/1580
f 1749/1854/1581 1765/1935/1581 1842/1926/1581
f 3155/1936/1582 3139/1866/1582 1768/1869/1582
f 3157/1872/1583 3156/1937/1583 1844/1873/1583
f 1778/1938/1584 1845/1939/1584 2112/1940/1584
f 1768/1869/1585 1780/1878/1585 3154/1941/1585
f 1721/1821/1586 1812/1903/1586 1846/1942/1586
f 1721/1821/1587 1846/1942/1587 1791/1883/1587
f 1783/1815/1 1816/1943/1 1793/1890/1
f 1776/1944/1 1816/1943/1 1783/1815/1
f 1794/1893/1588 1795/1911/1588 1848/1894/1588
f 1785/1945/1589 1798/1892/1589 1848/1894/1589
f 1811/1905/121 1816/1943/121 1812/1903/121
f 1826/1923/1590 1837/1929/1590 1829/1919/1590
f 1842/1926/1591 1843/1946/1591 2476/1947/1591
f 3066/1948/1592 650/698/1592 1854/700/1592
f 1855/1949/1593 3066/1948/1593 1854/700/1593
f 1851/1950/1594 1855/1949/1594 1854/700/1594
f 1851/1950/1595 1854/700/1595 1853/1951/1595
f 3083/1952/1596 3097/1953/1596 1856/1954/1596
f 3083/1952/1597 1856/1954/1597 1857/1955/1597
f 3083/1952/1598 1857/1955/1598 662/1956/1598
f 1856/1954/1599 1858/1957/1599 1857/1955/1599
f 3097/1953/1600 1860/1958/1600 1856/1954/1600
f 663/713/1601 662/1956/1601 1857/1955/1601
f 3083/1952/1602 662/1956/1602 666/717/1602
f 1850/1959/1603 666/717/1603 1875/1960/1603
f 666/717/1604 667/718/1604 1875/1960/1604
f 1875/1960/1605 667/718/1605 684/735/1605
f 1858/1957/1606 1862/1961/1606 1861/1962/1606
f 1501/1580/1607 672/720/1607 1862/1961/1607
f 1862/1961/1608 672/720/1608 1861/1962/1608
f 671/704/1609 674/724/1609 1864/1963/1609
f 1857/1955/1610 1864/1963/1610 675/725/1610
f 663/713/1611 675/725/1611 1865/733/1611
f 1866/1964/1612 675/725/1612 680/732/1612
f 680/732/1613 1885/1965/1613 1868/1966/1613
f 1870/736/1614 684/735/1614 665/716/1614
f 685/738/1615 684/735/1615 1869/737/1615
f 684/735/1616 685/738/1616 1872/1967/1616
f 1870/736/1617 1871/1968/1617 684/735/1617
f 1880/1969/1618 1878/1970/1618 385/412/1618
f 688/743/1619 385/412/1619 1878/1970/1619
f 1878/1970/1620 1880/1969/1620 1879/1971/1620
f 1879/1971/1621 1863/722/1621 1878/1970/1621
f 1880/1969/1622 1940/1972/1622 1883/1973/1622
f 1881/1974/1623 1883/1973/1623 1882/1975/1623
f 681/1976/1624 690/731/1624 693/745/1624
f 1885/1965/1625 681/1976/1625 1887/1977/1625
f 1884/1978/1626 1942/1979/1626 1885/1965/1626
f 698/1980/1627 1889/1981/1627 692/730/1627
f 1890/1982/1628 696/747/1628 1908/1983/1628
f 697/1984/1629 1907/1985/1629 1908/1983/1629
f 1874/1986/1630 1893/1987/1630 1892/1988/1630
f 1892/1988/1631 1891/1989/1631 1890/1982/1631
f 1890/1982/1632 1908/1983/1632 1894/1990/1632
f 1895/1991/1633 1890/1982/1633 1894/1990/1633
f 1897/1992/1634 702/751/1634 1896/1993/1634
f 1897/1992/1635 1896/1993/1635 1882/1975/1635
f 1881/1974/1636 1882/1975/1636 689/723/1636
f 1883/1973/1637 1902/1994/1637 1901/1995/1637
f 1888/1996/1638 1903/1997/1638 1902/1994/1638
f 1902/1994/1639 1903/1997/1639 1905/1998/1639
f 1903/1997/1640 1904/1999/1640 1918/2000/1640
f 1905/1998/1641 1903/1997/1641 1918/2000/1641
f 1907/1985/1642 695/746/1642 2562/2001/1642
f 1908/1983/1643 1909/2002/1643 2563/2003/1643
f 1894/1990/1644 1908/1983/1644 1910/756/1644
f 1891/1989/1645 1894/1990/1645 1910/756/1645
f 707/759/1646 1911/2004/1646 706/760/1646
f 1913/2005/1647 1912/2006/1647 1915/2007/1647
f 1899/2008/1648 1900/2009/1648 1914/2010/1648
f 1899/2008/1649 1914/2010/1649 1915/2007/1649
f 1916/761/1650 1911/2004/1650 1917/2011/1650
f 1974/1551/1651 1921/2012/1651 1853/1951/1651
f 1851/1950/1652 1853/1951/1652 1921/2012/1652
f 1919/2013/1653 1851/1950/1653 1921/2012/1653
f 1920/2014/1654 1919/2013/1654 1921/2012/1654
f 1920/2014/1655 1921/2012/1655 1975/2015/1655
f 1922/2016/253 2001/2017/253 1927/2018/253
f 1859/2019/1656 1856/1954/1656 1860/1958/1656
f 1859/2019/1657 1923/2020/1657 1858/1957/1657
f 1858/1957/1658 1923/2020/1658 1862/1961/1658
f 1859/2019/1659 1860/1958/1659 1924/2021/1659
f 1924/2021/1660 1929/2022/1660 1925/2023/1660
f 1924/2021/1661 1975/2015/1661 1929/2022/1661
f 1501/1580/1662 1862/1961/1662 1928/1659/1662
f 1923/2020/1663 1928/1659/1663 1862/1961/1663
f 1925/2023/1664 1929/2022/1664 1928/1659/1664
f 1586/2024/1665 1928/1659/1665 1930/2025/1665
f 1867/2026/1666 1868/1966/1666 1870/736/1666
f 1870/736/1667 1933/2027/1667 1871/1968/1667
f 1934/2028/1668 1870/736/1668 1931/2029/1668
f 1875/1960/1669 1876/2030/1669 1938/2031/1669
f 1936/2032/1670 1935/2033/1670 1876/2030/1670
f 1935/2033/1671 1938/2031/1671 1876/2030/1671
f 1936/2032/1672 1876/2030/1672 1937/2034/1672
f 1873/2035/1673 1938/2031/1673 1877/2036/1673
f 1930/2025/1674 1604/1673/1674 1941/1671/1674
f 1940/1972/1675 1604/1673/1675 1605/1674/1675
f 1940/1972/1676 1605/1674/1676 1617/2037/1676
f 1605/1674/1677 1552/1620/1677 1617/2037/1677
f 1943/2038/1678 1944/2039/1678 1946/2040/1678
f 1868/1966/1679 1885/1965/1679 1942/1979/1679
f 1868/1966/1680 1942/1979/1680 1945/2041/1680
f 1945/2041/1681 1942/1979/1681 1986/2042/1681
f 698/1980/1682 1944/2039/1682 1889/1981/1682
f 1944/2039/1683 1945/2041/1683 1946/2040/1683
f 1944/2039/1684 1931/2029/1684 1945/2041/1684
f 1946/2040/1685 1945/2041/1685 1986/2042/1685
f 1892/1988/1686 1948/2043/1686 1949/2044/1686
f 1951/2045/1687 1952/2046/1687 1949/2044/1687
f 1947/2047/1688 1985/2048/1688 1949/2044/1688
f 1950/2049/1689 1893/1987/1689 1954/2050/1689
f 1893/1987/121 1953/2051/121 1954/2050/121
f 1553/1622/1690 1899/2008/1690 1956/2052/1690
f 1617/2037/1691 1552/1620/1691 1956/2052/1691
f 1956/2052/1692 1957/2053/1692 1617/2037/1692
f 1958/2054/1693 1617/2037/1693 2617/2055/1693
f 1961/2056/1694 1901/1995/1694 1959/2057/1694
f 1959/2057/1695 1902/1994/1695 1960/2058/1695
f 1942/1979/1696 1617/2037/1696 1989/2059/1696
f 1617/2037/1697 1958/2054/1697 1989/2059/1697
f 1904/1999/1698 1967/2060/1698 1906/2061/1698
f 1903/1997/1699 1963/2062/1699 1904/1999/1699
f 1943/2038/1700 1965/2063/1700 1963/2062/1700
f 1965/2063/1701 1952/2046/1701 1966/2064/1701
f 1965/2063/1702 1967/2060/1702 1963/2062/1702
f 1965/2063/1703 1966/2064/1703 1967/2060/1703
f 1617/2037/1704 1968/2065/1704 1970/2066/1704
f 1898/2067/1705 2552/2068/1705 1917/2011/1705
f 1961/2056/1706 1972/2069/1706 2552/2068/1706
f 1921/2012/1707 1974/1551/1707 1975/2015/1707
f 1979/1774/1708 1928/1659/1708 1978/2070/1708
f 1978/2070/121 1929/2022/121 2007/2071/121
f 1977/2072/1709 2007/2071/1709 1929/2022/1709
f 1926/2073/1710 1934/2028/1710 1980/2074/1710
f 1643/1722/1711 1604/1673/1711 1982/2075/1711
f 1942/1979/1712 1983/2076/1712 1986/2042/1712
f 1983/2076/1713 1942/1979/1713 1989/2059/1713
f 1984/2077/1714 1985/2048/1714 1983/2076/1714
f 1983/2076/1715 1985/2048/1715 1986/2042/1715
f 1985/2048/1716 1987/2078/1716 1949/2044/1716
f 1892/1988/1717 1949/2044/1717 1987/2078/1717
f 1990/2079/1718 1958/2054/1718 2617/2055/1718
f 1984/2077/1719 1989/2059/1719 1991/2080/1719
f 1966/2064/1720 1952/2046/1720 1993/2081/1720
f 1951/2045/1204 1993/2081/1204 1952/2046/1204
f 3126/2082/1721 1670/1763/1721 1663/1755/1721
f 1995/2083/1722 1976/2084/1722 1996/2085/1722
f 3110/2086/1723 1995/2083/1723 3129/2087/1723
f 3129/2087/1724 1996/2085/1724 2006/2088/1724
f 3110/2086/1725 1997/2089/1725 1995/2083/1725
f 2003/2090/1726 2002/2091/1726 1926/2073/1726
f 1926/2073/1727 2000/2092/1727 2001/2017/1727
f 1996/2085/1728 1976/2084/1728 2005/2093/1728
f 1995/2083/1729 1997/2089/1729 2007/2071/1729
f 1979/1774/449 1669/1773/449 2004/2094/449
f 2004/2094/1730 1669/1773/1730 1644/1724/1730
f 1976/2084/1731 1978/2070/1731 2005/2093/1731
f 1996/2085/1732 2005/2093/1732 2006/2088/1732
f 2005/2093/1733 2007/2071/1733 2008/2095/1733
f 2008/2095/1734 1980/2074/1734 2010/2096/1734
f 2000/2092/1735 2008/2095/1735 2010/2096/1735
f 2002/2091/1736 2009/2097/1736 2008/2095/1736
f 1936/2032/1737 1937/2034/1737 2010/2096/1737
f 2001/2017/1738 2000/2092/1738 2010/2096/1738
f 2010/2096/1739 1981/2098/1739 2001/2017/1739
f 2001/2017/1357 1981/2098/1357 2020/2099/1357
f 1979/1774/1740 2004/2094/1740 1982/2075/1740
f 2004/2094/1741 2070/2100/1741 2014/2101/1741
f 1984/2077/1742 2015/2102/1742 1985/2048/1742
f 2016/2103/1743 2018/2104/1743 1987/2078/1743
f 2018/2104/1744 2016/2103/1744 2035/2105/1744
f 1988/2106/1745 1954/2050/1745 2019/2107/1745
f 1988/2106/1746 2019/2107/1746 2028/2108/1746
f 1981/2098/1747 1892/1988/1747 2020/2099/1747
f 2020/2099/1748 1987/2078/1748 2021/2109/1748
f 2012/2110/1749 2011/2111/1749 2022/2112/1749
f 1737/1838/1750 2022/2112/1750 2023/2113/1750
f 2023/2113/1751 2022/2112/1751 2025/2114/1751
f 2025/2114/1752 2011/2111/1752 2026/2115/1752
f 1992/2116/1753 1993/2081/1753 2028/2108/1753
f 2017/2117/1754 2033/2118/1754 2031/2119/1754
f 2031/2119/1755 2034/2120/1755 2032/2121/1755
f 1992/2116/1756 2029/2122/1756 2705/2123/1756
f 2016/2103/1757 2031/2119/1757 2035/2105/1757
f 2018/2104/1758 2035/2105/1758 2036/2124/1758
f 2032/2121/1759 2093/2125/1759 2035/2105/1759
f 3125/2126/1760 3127/2127/1760 2037/2128/1760
f 3133/2129/90 2046/2130/90 2043/2131/90
f 2037/2128/1761 3128/2132/1761 2039/2133/1761
f 3144/2134/1762 1709/1807/1762 2049/2135/1762
f 3129/2087/1763 2006/2088/1763 2039/2133/1763
f 2040/2136/1764 3130/2137/1764 2050/2138/1764
f 2040/2136/1765 2050/2138/1765 2041/2139/1765
f 3131/2140/1766 2042/2141/1766 1998/2142/1766
f 1998/2142/1767 2042/2141/1767 1999/2143/1767
f 2043/2131/1768 2044/2144/1768 2042/2141/1768
f 1999/2143/1769 2044/2144/1769 2002/2091/1769
f 2043/2131/1770 2052/2145/1770 2044/2144/1770
f 2047/2146/253 2111/2147/253 2048/2148/253
f 1672/1766/1771 1670/1763/1771 2037/2128/1771
f 3125/2126/1772 2037/2128/1772 1670/1763/1772
f 1709/1807/1773 1673/1767/1773 2049/2135/1773
f 1673/1767/968 1672/1766/968 2049/2135/968
f 2049/2135/1774 2037/2128/1774 2039/2133/1774
f 2039/2133/1775 2006/2088/1775 2050/2138/1775
f 2044/2144/1776 2052/2145/1776 2002/2091/1776
f 2052/2145/1777 2063/2149/1777 2009/2097/1777
f 2046/2130/1778 2104/2150/1778 2052/2145/1778
f 2047/2146/90 2055/2151/90 2065/2152/90
f 2050/2138/1779 2006/2088/1779 2058/2153/1779
f 2050/2138/1780 2058/2153/1780 2059/2154/1780
f 2058/2153/1781 2057/2155/1781 2071/2156/1781
f 2060/2157/1782 2058/2153/1782 2071/2156/1782
f 2057/2155/1783 2006/2088/1783 2062/2158/1783
f 2062/2158/1784 2061/2159/1784 2057/2155/1784
f 2006/2088/1785 2008/2095/1785 2062/2158/1785
f 2062/2158/1786 2008/2095/1786 2063/2149/1786
f 2059/2154/1787 2058/2153/1787 2064/2160/1787
f 2063/2149/1788 2059/2154/1788 2064/2160/1788
f 2058/2153/1789 2060/2157/1789 2064/2160/1789
f 2064/2160/1790 2125/2161/1790 2061/2159/1790
f 2068/1839/1791 1737/1838/1791 2067/2162/1791
f 2070/2100/1792 2067/2162/1792 2069/2163/1792
f 2071/2156/1793 2076/2164/1793 2070/2100/1793
f 2070/2100/1794 2076/2164/1794 2017/2117/1794
f 2061/2159/1795 2076/2164/1795 2071/2156/1795
f 2076/2164/1796 2074/2165/1796 2017/2117/1796
f 2073/2166/1797 2074/2165/1797 2077/2167/1797
f 2061/2159/1798 2077/2167/1798 2074/2165/1798
f 2079/2168/75 2030/2169/75 2078/2170/75
f 2087/1849/1799 2082/1848/1799 2023/2113/1799
f 2067/2162/1800 2024/2171/1800 2080/2172/1800
f 2025/2114/1801 2026/2115/1801 2027/2173/1801
f 2067/2162/1802 2080/2172/1802 2072/2174/1802
f 2072/2174/1802 2080/2172/1802 2027/2173/1802
f 2080/2172/1803 2025/2114/1803 2027/2173/1803
f 2078/2170/75 2030/2169/75 2036/2124/75
f 2078/2170/1804 2083/2175/1804 2085/2176/1804
f 2083/2175/1805 2078/2170/1805 2715/2177/1805
f 1761/1791/1806 2086/2178/1806 1971/2179/1806
f 2023/2113/1807 2148/2180/1807 1762/1863/1807
f 1762/1863/1808 2089/2181/1808 2088/2182/1808
f 2027/2173/1809 2675/2183/1809 2090/2184/1809
f 2090/2184/1810 2092/2185/1810 2091/2186/1810
f 2088/2182/1811 2151/2187/1811 2090/2184/1811
f 2072/2174/1812 2027/2173/1812 2707/2188/1812
f 2707/2188/1813 2027/2173/1813 2090/2184/1813
f 2074/2165/1814 2707/2188/1814 2033/2118/1814
f 2033/2118/1815 2757/2189/1815 2034/2120/1815
f 2034/2120/1816 2155/2190/1816 2032/2121/1816
f 2036/2124/1817 2035/2105/1817 2093/2125/1817
f 2094/2191/1818 2036/2124/1818 2093/2125/1818
f 2093/2125/1819 2095/2192/1819 2094/2191/1819
f 3147/2193/1820 3146/2194/1820 2101/2195/1820
f 3145/2196/1821 2038/2197/1821 2112/1940/1821
f 2112/1940/1822 2098/2198/1822 2097/2199/1822
f 3146/2194/1823 2100/2200/1823 2101/2195/1823
f 2100/2200/1824 2112/1940/1824 2097/2199/1824
f 2099/2201/1825 2102/2202/1825 2116/2203/1825
f 2114/2204/1826 2102/2202/1826 2099/2201/1826
f 2102/2202/1827 2103/2205/1827 2096/2206/1827
f 2107/2207/1828 2109/2208/1828 2054/2209/1828
f 2054/2209/1829 2108/2210/1829 2111/2147/1829
f 2106/2211/1830 2110/2212/1830 2109/2208/1830
f 2038/2197/1831 2039/2133/1831 2097/2199/1831
f 2101/2195/1832 2100/2200/1832 2114/2204/1832
f 2100/2200/1833 2113/2213/1833 2114/2204/1833
f 2099/2201/1834 2116/2203/1834 2126/2214/1834
f 2099/2201/1835 2126/2214/1835 2113/2213/1835
f 2096/2206/1836 2045/2215/1836 2116/2203/1836
f 2116/2203/1837 2045/2215/1837 2104/2150/1837
f 2116/2203/1838 2117/2216/1838 2126/2214/1838
f 2111/2147/75 2108/2210/75 2118/2217/75
f 1784/2218/1839 2098/2198/1839 1797/2219/1839
f 1804/2220/1840 1800/1895/1840 2119/2221/1840
f 2098/2198/1841 2119/2221/1841 1800/1895/1841
f 2113/2213/1842 2126/2214/1842 2120/2222/1842
f 2120/2222/1843 2071/2156/1843 2121/2223/1843
f 2113/2213/1844 2122/2224/1844 2123/2225/1844
f 2124/2226/1845 2121/2223/1845 2125/2161/1845
f 2064/2160/1846 2126/2214/1846 2125/2161/1846
f 2124/2226/1847 2127/2227/1847 2128/2228/1847
f 2117/2216/1848 2129/2229/1848 2127/2227/1848
f 2129/2229/1849 2133/2230/1849 2134/2231/1849
f 2128/2228/1850 2129/2229/1850 2130/2232/1850
f 2054/2209/1851 2065/2152/1851 2132/2233/1851
f 2132/2233/1852 2055/2151/1852 2131/2234/1852
f 2107/2207/1853 2132/2233/1853 2133/2230/1853
f 2134/2231/697 2133/2230/697 2135/2235/697
f 2109/2208/1854 2110/2212/1854 2136/2236/1854
f 2108/2210/1855 2131/2234/1855 2118/2217/1855
f 1739/1915/1856 2068/1839/1856 1802/1898/1856
f 2121/2223/1857 2073/2166/1857 2075/2237/1857
f 2139/2238/1858 2137/2239/1858 2140/2240/1858
f 2140/2240/1859 2137/2239/1859 2138/2241/1859
f 2137/2239/1860 2075/2237/1860 2077/2167/1860
f 2077/2167/1861 2142/2242/1861 2137/2239/1861
f 2139/2238/1862 2140/2240/1862 2145/2243/1862
f 2145/2243/1863 2125/2161/1863 2139/2238/1863
f 2142/2242/1864 2077/2167/1864 2144/2244/1864
f 2142/2242/1865 2144/2244/1865 2143/2245/1865
f 2077/2167/1866 2145/2243/1866 2144/2244/1866
f 2140/2240/1867 2144/2244/1867 2145/2243/1867
f 2082/1848/1868 2146/2246/1868 2081/2247/1868
f 2137/2239/1869 2143/2245/1869 2138/2241/1869
f 2084/2248/1870 2147/2249/1870 2085/2176/1870
f 2148/2180/1871 2790/2250/1871 1762/1863/1871
f 2151/2187/1872 2149/2251/1872 2092/2185/1872
f 2151/2187/1873 2152/2252/1873 2155/2190/1873
f 2150/2253/1874 2151/2187/1874 2155/2190/1874
f 2150/2253/1875 2155/2190/1875 2154/2254/1875
f 2758/2255/1876 2154/2254/1876 2155/2190/1876
f 2093/2125/1877 2155/2190/1877 2095/2192/1877
f 2084/2248/1878 2083/2175/1878 2768/2256/1878
f 2112/1940/1879 2156/2257/1879 2098/2198/1879
f 3158/2258/1880 2096/2206/1880 2103/2205/1880
f 2144/2244/1 2162/2259/1 2143/2245/1
f 2130/2232/1881 2134/2231/1881 2159/2260/1881
f 2146/2246/1 2847/2261/1 2148/2180/1
f 1017/1105/1882 2163/1625/1882 398/428/1882
f 398/428/1883 2163/1625/1883 1026/1102/1883
f 1019/1106/1884 323/347/1884 1533/1607/1884
f 1506/1587/1885 1018/1104/1885 1019/1106/1885
f 2164/1611/1886 2165/2262/1886 2171/2263/1886
f 2167/1631/1887 1524/1598/1887 1528/1602/1887
f 1557/1628/1888 1556/1627/1888 2168/2264/1888
f 2167/1631/1889 1022/1111/1889 1556/1627/1889
f 2168/2264/1890 1556/1627/1890 1022/1111/1890
f 1550/1624/1891 1625/1699/1891 2167/1631/1891
f 2169/2265/1892 3075/2266/1892 3074/2267/1892
f 1026/1102/1893 2169/2265/1893 1027/1115/1893
f 2163/1625/1894 3075/2266/1894 2169/2265/1894
f 2172/2268/1895 2171/2263/1895 2170/2269/1895
f 2171/2263/522 2177/2270/522 2176/2271/522
f 2179/2272/1896 2178/2273/1896 2182/2274/1896
f 2180/2275/1897 2179/2272/1897 2182/2274/1897
f 2180/2275/1898 2182/2274/1898 2192/2276/1898
f 2228/2277/1899 2310/2278/1899 2178/2273/1899
f 2310/2278/1900 2325/2279/1900 2178/2273/1900
f 1022/1111/1901 975/1056/1901 1037/1123/1901
f 1037/1123/1902 1036/1122/1902 2183/2280/1902
f 1022/1111/1903 1037/1123/1903 2181/2281/1903
f 1022/1111/1904 2181/2281/1904 2168/2264/1904
f 3088/2282/253 2240/2283/253 2196/2284/253
f 2185/2285/1905 2190/2286/1905 2184/2287/1905
f 2187/2288/1906 2184/2287/1906 943/1070/1906
f 2184/2287/1907 2190/2286/1907 989/1072/1907
f 2190/2286/1908 2188/2289/1908 1040/2290/1908
f 2188/2289/1909 2187/2288/1909 2191/2291/1909
f 2188/2289/1910 2191/2291/1910 1040/2290/1910
f 2182/2274/90 2193/2292/90 2192/2276/90
f 2182/2274/1911 2244/2293/1911 2193/2292/1911
f 1039/1131/1912 2194/2294/1912 2195/1127/1912
f 3073/2295/1913 2197/2296/1913 2194/2294/1913
f 2196/2284/1914 2203/2297/1914 2197/2296/1914
f 2187/2288/1915 943/1070/1915 2204/1128/1915
f 2191/2291/1916 1045/2298/1916 1048/1135/1916
f 2191/2291/1917 1048/1135/1917 2199/2299/1917
f 2191/2291/1918 2199/2299/1918 1040/2290/1918
f 2198/2300/1919 2245/2301/1919 2199/2299/1919
f 1041/1136/910 2201/1140/910 1042/1139/910
f 2200/2302/1920 2246/2303/1920 2250/2304/1920
f 2197/2296/1921 2203/2297/1921 2204/1128/1921
f 2203/2297/1922 3070/2305/1922 2204/1128/1922
f 1043/1129/1923 2205/1132/1923 1044/1130/1923
f 2205/1132/1924 2209/2306/1924 1056/1133/1924
f 1045/2298/1925 2204/1128/1925 2205/1132/1925
f 2205/1132/1926 2204/1128/1926 2209/2306/1926
f 1045/2298/1927 1046/1134/1927 1048/1135/1927
f 1048/1135/1928 1060/1150/1928 2206/2307/1928
f 2206/2307/1929 1060/1150/1929 2207/2308/1929
f 2198/2300/1930 1048/1135/1930 2206/2307/1930
f 1051/1142/1931 1050/1144/1931 2208/2309/1931
f 2204/1128/1932 3070/2305/1932 2208/2309/1932
f 2204/1128/79 2208/2309/79 2209/2306/79
f 1052/1155/1933 2208/2309/1933 3070/2305/1933
f 1052/1155/199 3070/2305/199 2215/2310/199
f 1054/1145/1934 1056/1133/1934 2209/2306/1934
f 2208/2309/1935 1054/1145/1935 2209/2306/1935
f 1061/1151/1936 1066/1141/1936 2210/2311/1936
f 2201/1140/1937 2210/2311/1937 1066/1141/1937
f 2200/2302/1938 2212/2312/1938 2210/2311/1938
f 2212/2312/1939 2213/2313/1939 2594/2314/1939
f 2214/2315/1940 2212/2312/1940 2594/2314/1940
f 2214/2315/1898 2594/2314/1898 3086/2316/1898
f 2211/2317/1941 2260/2318/1941 2213/2313/1941
f 1545/1616/314 2166/2319/314 1623/1697/314
f 1624/1698/1942 1623/1697/1942 2217/2320/1942
f 1623/1697/1943 2166/2319/1943 2217/2320/1943
f 1619/1691/1944 1618/1690/1944 3091/2321/1944
f 2169/2265/1 2221/2322/1 1027/1115/1
f 3091/2321/1945 2221/2322/1945 2169/2265/1945
f 1618/1690/1946 2222/2323/1946 2229/2324/1946
f 2232/2325/1947 2225/2326/1947 2226/2327/1947
f 2172/2268/253 2227/2328/253 2228/2277/253
f 2218/2329/522 2219/2330/522 2236/2331/522
f 2223/2332/1948 2229/2324/1948 2231/2333/1948
f 2216/1693/1949 2164/1611/1949 2186/2334/1949
f 2216/1693/1950 2186/2334/1950 2230/2335/1950
f 2224/2336/1951 2231/2333/1951 2229/2324/1951
f 2230/2335/1952 2186/2334/1952 2233/2337/1952
f 2178/2273/1953 2234/2338/1953 2181/2281/1953
f 2183/2280/1954 2235/2339/1954 2244/2293/1954
f 2236/2331/1955 2237/2340/1955 2234/2338/1955
f 2235/2339/1956 2234/2338/1956 2237/2340/1956
f 2240/2283/75 2239/2341/75 3087/2342/75
f 2233/2337/1957 2186/2334/1957 2241/2343/1957
f 2180/2275/1958 2192/2276/1958 2242/2344/1958
f 2243/2345/1959 2242/2344/1959 2238/2346/1959
f 2242/2344/1960 2193/2292/1960 2244/2293/1960
f 2235/2339/1961 2238/2346/1961 2244/2293/1961
f 2238/2346/1962 2237/2340/1962 2638/2347/1962
f 2240/2283/1963 2202/2348/1963 2203/2297/1963
f 2240/2283/75 3087/2342/75 2202/2348/75
f 2245/2301/1964 2246/2303/1964 2200/2302/1964
f 2246/2303/1965 2245/2301/1965 2247/2349/1965
f 2247/2349/1966 2245/2301/1966 2249/2350/1966
f 2246/2303/1967 2253/2351/1967 2250/2304/1967
f 2247/2349/1968 2251/2352/1968 2253/2351/1968
f 2251/2352/1969 2252/2353/1969 2253/2351/1969
f 3087/2342/121 3072/2354/121 2202/2348/121
f 2245/2301/1970 2206/2307/1970 2207/2308/1970
f 2245/2301/1971 2207/2308/1971 2249/2350/1971
f 2249/2350/1972 2207/2308/1972 2254/2355/1972
f 2250/2304/1973 2253/2351/1973 2211/2317/1973
f 2253/2351/1974 2252/2353/1974 2254/2355/1974
f 2207/2308/1975 2257/2356/1975 2259/2357/1975
f 1062/1152/121 1061/1151/121 2210/2311/121
f 2257/2356/1976 1062/1152/1976 2262/2358/1976
f 2207/2308/1977 2259/2357/1977 2260/2318/1977
f 2260/2318/1978 2296/2359/1978 2213/2313/1978
f 2254/2355/1979 2207/2308/1979 2260/2318/1979
f 2262/2358/1980 2261/2360/1980 2263/2361/1980
f 1618/1690/1981 2271/2362/1981 2222/2323/1981
f 2268/2363/1982 2220/2364/1982 2270/2365/1982
f 2270/2365/1983 2269/2366/1983 2281/2367/1983
f 2274/2368/1984 2225/2326/1984 2273/2369/1984
f 2271/2362/1985 2272/2370/1985 2224/2336/1985
f 2275/2371/1986 2273/2369/1986 2277/2372/1986
f 2265/1736/1987 2279/2373/1987 2165/2262/1987
f 2165/2262/1988 2279/2373/1988 2170/2269/1988
f 2170/2269/1989 2279/2373/1989 2172/2268/1989
f 1651/1737/1990 2218/2329/1990 2236/2331/1990
f 1651/1737/1991 2236/2331/1991 2280/2374/1991
f 2269/2366/1992 2223/2332/1992 2231/2333/1992
f 2281/2367/1993 2231/2333/1993 2318/2375/1993
f 2282/2376/1994 2285/2377/1994 2232/2325/1994
f 2174/2378/1995 2287/2379/1995 2190/2286/1995
f 2285/2377/1996 2286/2380/1996 2232/2325/1996
f 2276/2381/1997 2232/2325/1997 2286/2380/1997
f 2175/2382/1998 2287/2379/1998 2174/2378/1998
f 2175/2382/1999 2177/2270/1999 2288/2383/1999
f 2178/2273/2000 2327/2384/2000 2234/2338/2000
f 2189/2385/2001 2188/2289/2001 2338/2386/2001
f 2287/2379/2002 2338/2386/2002 2188/2289/2002
f 2289/2387/2003 2243/2345/2003 2290/2388/2003
f 2243/2345/2004 2248/2389/2004 2291/2390/2004
f 2292/2391/2005 2248/2389/2005 2255/2392/2005
f 2256/2393/2006 2294/2394/2006 2259/2357/2006
f 2294/2394/2007 2295/2395/2007 2259/2357/2007
f 2256/2393/2008 2264/2396/2008 2299/2397/2008
f 1698/1789/2009 2303/2398/2009 1696/1787/2009
f 1698/1789/2010 2302/2399/2010 2301/2400/2010
f 2302/2399/2011 1652/1740/2011 2266/2401/2011
f 2267/2402/2012 1651/1737/2012 2280/2374/2012
f 2266/2401/2013 1651/1737/2013 2267/2402/2013
f 3099/2403/2014 3114/2404/2014 2305/2405/2014
f 1648/1729/2015 3099/2403/2015 2305/2405/2015
f 2305/2405/2016 2306/2406/2016 2319/2407/2016
f 3114/2404/2017 2320/2408/2017 2306/2406/2017
f 2272/2370/2018 2271/2362/2018 2321/2409/2018
f 2275/2371/2019 2277/2372/2019 2309/2410/2019
f 2308/2411/2020 2300/2412/2020 2272/2370/2020
f 2308/2411/2021 2272/2370/2021 2275/2371/2021
f 2300/2412/2022 2308/2411/2022 2309/2410/2022
f 2277/2372/2023 2225/2326/2023 2278/2413/2023
f 1696/1787/2024 2311/2414/2024 2279/2373/2024
f 2312/2415/2025 2278/2413/2025 2313/2416/2025
f 2227/2328/2026 2312/2415/2026 2228/2277/2026
f 2312/2415/2027 2313/2416/2027 2228/2277/2027
f 2280/2374/2028 2236/2331/2028 2326/2417/2028
f 2270/2365/2029 2281/2367/2029 2318/2375/2029
f 2304/2418/2030 2318/2375/2030 2316/2419/2030
f 2319/2407/2031 2318/2375/2031 2231/2333/2031
f 2271/2362/2032 2319/2407/2032 2321/2409/2032
f 2319/2407/2033 2231/2333/2033 2321/2409/2033
f 2231/2333/2034 2230/2335/2034 2321/2409/2034
f 2307/2420/2035 2321/2409/2035 2283/2421/2035
f 2284/2422/2036 2321/2409/2036 2322/2423/2036
f 2321/2409/2037 2233/2337/2037 2322/2423/2037
f 2322/2423/449 2233/2337/449 2241/2343/449
f 2278/2413/2038 2276/2381/2038 2286/2380/2038
f 2310/2278/2039 2278/2413/2039 2286/2380/2039
f 2286/2380/2040 2322/2423/2040 2336/2424/2040
f 2310/2278/2041 2286/2380/2041 2325/2279/2041
f 2286/2380/2042 2323/2425/2042 2325/2279/2042
f 2323/2425/2043 2404/2426/2043 2325/2279/2043
f 2327/2384/2044 2326/2417/2044 2234/2338/2044
f 2236/2331/2045 2234/2338/2045 2326/2417/2045
f 2327/2384/2046 2329/2427/2046 2326/2417/2046
f 2326/2417/2047 2329/2427/2047 2328/2428/2047
f 2332/2429/420 2414/2430/420 2330/2431/420
f 2330/2431/2048 2333/2432/2048 2349/2433/2048
f 2330/2431/2049 2335/2434/2049 2333/2432/2049
f 2241/2343/2050 2333/2432/2050 2335/2434/2050
f 2333/2432/2051 2189/2385/2051 2338/2386/2051
f 2322/2423/2052 2241/2343/2052 2336/2424/2052
f 2335/2434/2053 2337/2435/2053 2336/2424/2053
f 2175/2382/2054 2324/2436/2054 2338/2386/2054
f 2324/2436/2055 2339/2437/2055 2338/2386/2055
f 2288/2383/2056 2289/2387/2056 2339/2437/2056
f 2328/2428/2057 2344/2438/2057 2342/2439/2057
f 2342/2439/2058 2344/2438/2058 2343/2440/2058
f 2344/2438/2059 2346/2441/2059 2343/2440/2059
f 2341/2442/2060 2340/2443/2060 2347/2444/2060
f 2347/2444/2061 2340/2443/2061 2348/2445/2061
f 2332/2429/314 2331/2446/314 2357/2447/314
f 2334/2448/1204 2426/2449/1204 2350/2450/1204
f 2351/2451/2062 2352/2452/2062 2361/2453/2062
f 2361/2453/2063 2352/2452/2063 2292/2391/2063
f 2291/2390/2064 2292/2391/2064 2352/2452/2064
f 2340/2443/2065 2291/2390/2065 2353/2454/2065
f 2352/2452/2066 2431/2455/2066 2353/2454/2066
f 2362/2456/2067 2360/2457/2067 2433/2458/2067
f 2365/2459/2068 2368/2460/2068 2293/2461/2068
f 2293/2461/2069 2366/2462/2069 2294/2394/2069
f 3113/2463/2070 2454/2464/2070 2368/2460/2070
f 2454/2464/2071 2369/2465/2071 2368/2460/2071
f 2295/2395/2072 2294/2394/2072 2360/2457/2072
f 2371/2466/2073 2360/2457/2073 2294/2394/2073
f 2370/2467/2074 2297/2468/2074 2360/2457/2074
f 2375/2469/2075 2294/2394/2075 2373/2470/2075
f 2373/2470/1019 2367/2471/1019 2376/2472/1019
f 2370/2467/2076 2375/2469/2076 2297/2468/2076
f 1750/2473/2077 1753/1857/2077 2377/2474/2077
f 2377/2474/2078 1751/1858/2078 2378/2475/2078
f 2378/2475/2079 1751/1858/2079 2379/2476/2079
f 2381/2477/2080 2301/2400/2080 2380/2478/2080
f 2380/2478/2081 2302/2399/2081 2383/2479/2081
f 2387/2480/2082 2384/2481/2082 2385/2482/2082
f 2384/2481/2083 2387/2480/2083 2388/2483/2083
f 2384/2481/2084 2475/2484/2084 2396/2485/2084
f 2389/2486/2085 2477/2487/2085 2390/2488/2085
f 2300/2412/2086 2309/2410/2086 2391/2489/2086
f 2391/2489/2087 2309/2410/2087 2393/2490/2087
f 2390/2488/2088 2479/2491/2088 2391/2489/2088
f 2300/2412/2089 2391/2489/2089 2479/2491/2089
f 2392/2492/2090 2402/2493/2090 2399/2494/2090
f 2392/2492/2091 2412/2495/2091 2402/2493/2091
f 2381/2477/2092 2382/2496/2092 2393/2490/2092
f 2393/2490/2093 2382/2496/2093 2392/2492/2093
f 2315/2497/2094 2267/2402/2094 2386/2498/2094
f 2383/2479/2095 2315/2497/2095 2394/2499/2095
f 2382/2496/2096 2394/2499/2096 2412/2495/2096
f 2394/2499/2097 2395/2500/2097 2412/2495/2097
f 2317/2501/2098 2319/2407/2098 2397/2502/2098
f 2320/2408/2099 2397/2502/2099 2319/2407/2099
f 2400/2503/2100 2399/2494/2100 2402/2493/2100
f 2400/2503/2101 2402/2493/2101 2416/2504/2101
f 2399/2494/2102 2400/2503/2102 2401/2505/2102
f 2402/2493/2103 2404/2426/2103 2337/2435/2103
f 2403/2506/2104 2496/2507/2104 2420/2508/2104
f 2406/2509/2105 2403/2506/2105 2407/2510/2105
f 2403/2506/2106 2406/2509/2106 2409/2511/2106
f 2404/2426/2107 2405/2512/2107 2329/2427/2107
f 2395/2500/2108 2396/2485/2108 2412/2495/2108
f 2412/2495/2109 2406/2509/2109 2405/2512/2109
f 2396/2485/2110 2413/2513/2110 2409/2511/2110
f 2415/2514/2111 2414/2430/2111 2416/2504/2111
f 2416/2504/2112 2414/2430/2112 2417/2515/2112
f 2417/2515/2113 2414/2430/2113 2358/2516/2113
f 2401/2505/2114 2416/2504/2114 2417/2515/2114
f 2404/2426/2115 2336/2424/2115 2337/2435/2115
f 2402/2493/2116 2337/2435/2116 2416/2504/2116
f 2419/2517/2117 2521/2518/2117 2422/2519/2117
f 2421/2520/2118 2341/2442/2118 2423/2521/2118
f 2408/2522/2119 2422/2519/2119 2424/2523/2119
f 2423/2521/2120 2408/2522/2120 2424/2523/2120
f 2424/2523/2121 2523/2524/2121 2427/2525/2121
f 2407/2510/2122 2423/2521/2122 2347/2444/2122
f 2346/2441/2123 2347/2444/2123 2425/2526/2123
f 2347/2444/2124 2348/2445/2124 2425/2526/2124
f 2417/2515/2125 2358/2516/2125 2432/2527/2125
f 2352/2452/2126 2430/2528/2126 2431/2455/2126
f 2429/2529/2127 2430/2528/2127 2428/2530/2127
f 2355/2531/2128 2353/2454/2128 2431/2455/2128
f 2425/2526/75 2348/2445/75 2355/2531/75
f 2355/2531/2129 2431/2455/2129 2783/2532/2129
f 2414/2430/2130 2357/2447/2130 2358/2516/2130
f 2356/2533/2131 2359/2534/2131 2434/2535/2131
f 2434/2535/2132 2433/2458/2132 2372/2536/2132
f 2432/2527/2133 2434/2535/2133 2460/2537/2133
f 2435/2538/2134 2436/2539/2134 2466/2540/2134
f 2435/2538/2135 2437/2541/2135 2436/2539/2135
f 2438/2542/2136 2435/2538/2136 2439/2543/2136
f 2364/2544/2137 2447/2545/2137 2363/2546/2137
f 2364/2544/2138 2446/2547/2138 2448/2548/2138
f 2364/2544/2139 2448/2548/2139 2449/2549/2139
f 2451/2550/2140 2452/2551/2140 2456/2552/2140
f 2432/2527/2141 2457/2553/2141 2455/2554/2141
f 2454/2464/2142 2456/2552/2142 2455/2554/2142
f 2455/2554/2143 2457/2553/2143 2458/2555/2143
f 2458/2555/2144 2459/2556/2144 2369/2465/2144
f 2456/2552/2145 2538/2557/2145 2455/2554/2145
f 2433/2458/2146 2371/2466/2146 2372/2536/2146
f 2463/2558/2147 2372/2536/2147 2464/2559/2147
f 2436/2539/2148 2533/2560/2148 2466/2540/2148
f 2465/2561/2149 2374/2562/2149 2469/2563/2149
f 2465/2561/2150 2539/2564/2150 2471/2565/2150
f 2374/2562/2151 2375/2469/2151 2449/2549/2151
f 2447/2545/2152 2449/2549/2152 2375/2469/2152
f 2451/2550/2153 3112/2566/2153 2470/2567/2153
f 2472/1920/2154 1807/1917/2154 3136/1928/2154
f 3136/1928/968 1750/2473/968 2472/1920/968
f 1840/2568/2155 1841/2569/2155 2474/2570/2155
f 2388/2483/2156 2387/2480/2156 2753/2571/2156
f 1843/1946/2157 1765/1935/2157 2388/2483/2157
f 2477/2487/2158 3152/2572/2158 2478/2573/2158
f 2477/2487/2159 2479/2491/2159 2390/2488/2159
f 2479/2491/2160 2478/2573/2160 2490/2574/2160
f 2481/2575/2161 2483/2576/2161 2482/2577/2161
f 2481/2575/2162 2484/2578/2162 2483/2576/2162
f 2481/2575/2163 2474/2570/2163 2486/2579/2163
f 1759/1934/2164 2474/2570/2164 2505/2580/2164
f 2474/2570/2165 2485/2581/2165 2505/2580/2165
f 1841/2569/2166 2488/2582/2166 2486/2579/2166
f 2489/2583/2167 2317/2501/2167 2491/2584/2167
f 2491/2584/2168 2317/2501/2168 2490/2574/2168
f 2490/2574/2169 2478/2573/2169 2491/2584/2169
f 2491/2584/2170 2514/2585/2170 2492/2586/2170
f 3152/2572/2171 3151/2587/2171 2478/2573/2171
f 3151/2587/2172 2493/2588/2172 2478/2573/2172
f 2478/2573/2173 2514/2585/2173 2491/2584/2173
f 2398/2589/2174 2399/2494/2174 2480/2590/2174
f 2479/2491/2175 2490/2574/2175 2398/2589/2175
f 2473/2591/2176 2480/2590/2176 2495/2592/2176
f 2496/2507/2177 2497/2593/2177 2420/2508/2177
f 2483/2576/2178 2499/2594/2178 2482/2577/2178
f 2480/2590/2179 2494/2595/2179 2500/2596/2179
f 2500/2596/2180 2494/2595/2180 2501/2597/2180
f 2482/2577/2181 2504/2598/2181 2506/2599/2181
f 2411/2600/2182 2409/2511/2182 2505/2580/2182
f 2485/2581/2183 2482/2577/2183 2506/2599/2183
f 2505/2580/2184 2485/2581/2184 2506/2599/2184
f 2505/2580/2185 2409/2511/2185 2507/2601/2185
f 2506/2599/2186 2508/2602/2186 2503/2603/2186
f 2413/2513/2187 2509/2604/2187 2510/2605/2187
f 2509/2604/2188 2817/2606/2188 2510/2605/2188
f 2475/2484/2189 2507/2601/2189 2509/2604/2189
f 2491/2584/2190 2492/2586/2190 2489/2583/2190
f 2514/2585/2191 2543/2607/2191 2492/2586/2191
f 2401/2505/2192 2417/2515/2192 2515/2608/2192
f 2401/2505/2193 2515/2608/2193 2516/2609/2193
f 2492/2586/2194 2517/2610/2194 3135/2611/2194
f 2517/2610/2195 2516/2609/2195 2515/2608/2195
f 2517/2610/2196 2544/2612/2196 2516/2609/2196
f 2544/2612/2197 2545/2613/2197 2519/2614/2197
f 2422/2519/2198 2521/2518/2198 2424/2523/2198
f 2496/2507/2199 2502/2615/2199 2521/2518/2199
f 2522/2616/2200 2524/2617/2200 2521/2518/2200
f 2503/2603/2201 2524/2617/2201 2522/2616/2201
f 2524/2617/2202 2525/2618/2202 2530/2619/2202
f 2503/2603/2203 2526/2620/2203 2524/2617/2203
f 2526/2620/2204 2546/2621/2204 2524/2617/2204
f 2510/2605/2205 2817/2606/2205 2527/2622/2205
f 2523/2524/2206 2530/2619/2206 2429/2529/2206
f 2429/2529/2207 2530/2619/2207 2430/2528/2207
f 2430/2528/2208 2529/2623/2208 2431/2455/2208
f 2525/2618/2209 2827/2624/2209 2530/2619/2209
f 2531/2625/1720 3135/2611/1720 2532/2626/1720
f 2532/2626/2210 3135/2611/2210 2518/2627/2210
f 2442/2628/2211 2528/2629/2211 2437/2541/2211
f 2437/2541/2212 2528/2629/2212 2533/2560/2212
f 2532/2626/2213 2442/2628/2213 3149/2630/2213
f 2443/2631/2214 2438/2542/2214 2445/2632/2214
f 2453/2633/314 2452/2551/314 3134/2634/314
f 2458/2555/2215 2457/2553/2215 2537/2635/2215
f 2528/2629/2216 2455/2554/2216 2538/2557/2216
f 2537/2635/2217 2538/2557/2217 2453/2633/2217
f 2528/2629/2218 2537/2635/2218 2463/2558/2218
f 2536/2636/2219 2537/2635/2219 2453/2633/2219
f 2536/2636/2220 2453/2633/2220 2459/2556/2220
f 2537/2635/2221 2460/2537/2221 2463/2558/2221
f 2464/2559/2222 2461/2637/2222 2542/2638/2222
f 2467/2639/2223 2464/2559/2223 2541/2640/2223
f 2468/2641/2224 2441/2642/2224 2540/2643/2224
f 2541/2640/2225 2468/2641/2225 2540/2643/2225
f 2461/2637/314 2462/2644/314 2542/2638/314
f 2501/2597/2226 2498/2645/2226 2520/2646/2226
f 2504/2598/2227 2508/2602/2227 2506/2599/2227
f 2512/2647/2228 2513/2648/2228 2851/2649/2228
f 2520/2646/2229 2519/2614/2229 2545/2613/2229
f 2511/2650/2230 2527/2622/2230 2547/2651/2230
f 2549/2652/2231 2548/2653/2231 1912/2006/2231
f 1912/2006/2232 1557/1628/2232 2168/2264/2232
f 1916/761/2233 1917/2011/2233 2550/2654/2233
f 1917/2011/2234 2549/2652/2234 2550/2654/2234
f 1915/2007/2235 2548/2653/2235 2552/2068/2235
f 1918/2000/2236 1906/2061/2236 2560/2655/2236
f 1307/1476/1 2553/2656/1 1036/1122/1
f 2168/2264/2237 2556/2657/2237 2558/2658/2237
f 2556/2657/2238 2168/2264/2238 1403/2659/2238
f 2550/2654/2239 1395/1478/2239 1306/1388/2239
f 2557/2660/2240 2560/2655/2240 2575/2661/2240
f 2557/2660/2241 2550/2654/2241 2558/2658/2241
f 2556/2657/2242 2630/2662/2242 2558/2658/2242
f 2559/2663/2243 2630/2662/2243 1918/2000/2243
f 1400/1482/2244 1399/1481/2244 1910/756/2244
f 2562/2001/2245 1400/1482/2245 2560/2655/2245
f 1908/1983/2246 2563/2003/2246 1910/756/2246
f 1909/2002/2247 2564/2664/2247 2563/2003/2247
f 2168/2264/2248 2183/2280/2248 1403/2659/2248
f 2625/2665/2249 2556/2657/2249 2571/2666/2249
f 2566/2667/2250 2582/2668/2250 2585/2669/2250
f 2565/2670/2251 2575/2661/2251 2567/1499/2251
f 2570/2671/2252 2567/1499/2252 2588/2672/2252
f 2567/1499/2253 2572/1503/2253 1417/1502/2253
f 2575/2661/2254 2572/1503/2254 2567/1499/2254
f 2568/2673/2255 2569/2674/2255 2640/2675/2255
f 2640/2675/2256 2569/2674/2256 2574/2676/2256
f 2572/1503/2257 2575/2661/2257 2590/2677/2257
f 2560/2655/2258 1400/1482/2258 2576/2678/2258
f 2576/2678/2259 2578/2679/2259 2579/2680/2259
f 2579/2680/2260 2578/2679/2260 2587/2681/2260
f 1400/1482/2261 2564/2664/2261 2578/2679/2261
f 2584/2682/2262 2581/2683/2262 2587/2681/2262
f 1422/1505/2263 1421/1425/2263 2585/2669/2263
f 2569/2674/2264 2570/2671/2264 2586/2684/2264
f 2587/2681/2265 2581/2683/2265 2592/2685/2265
f 2588/2672/2266 1434/2686/2266 2590/2677/2266
f 2573/2687/2267 2586/2684/2267 2589/2688/2267
f 2575/2661/2268 2591/2689/2268 2590/2677/2268
f 2586/2684/2269 2590/2677/2269 2591/2689/2269
f 2587/2681/121 2592/2685/121 2593/2690/121
f 2594/2314/2270 1440/1518/2270 1439/1516/2270
f 2594/2314/2271 2595/2691/2271 1440/1518/2271
f 1440/1518/2272 2595/2691/2272 1444/1522/2272
f 2595/2691/2273 2613/2692/2273 2596/2693/2273
f 2595/2691/2274 2597/2694/2274 2613/2692/2274
f 2213/2313/2275 2598/2695/2275 2597/2694/2275
f 1451/2696/314 1450/1531/314 2599/2697/314
f 1451/2696/2276 2599/2697/2276 2600/2698/2276
f 2603/2699/2277 2600/2698/2277 2606/2700/2277
f 2603/2699/2278 2606/2700/2278 2609/2701/2278
f 2609/2701/2279 2612/2702/2279 1459/1541/2279
f 1459/1541/2280 2610/2703/2280 1387/1471/2280
f 2606/2700/2281 2673/2704/2281 2612/2702/2281
f 1444/1522/75 2596/2693/75 3081/2705/75
f 2600/2698/2282 2599/2697/2282 2614/2706/2282
f 2603/2699/2283 2609/2701/2283 2605/2707/2283
f 1968/2065/2284 1915/2007/2284 2615/2708/2284
f 1969/1738/2285 2615/2708/2285 2219/2330/2285
f 2219/2330/2286 2615/2708/2286 2616/2709/2286
f 1917/2011/2287 2552/2068/2287 2551/2710/2287
f 1617/2037/2288 1970/2066/2288 2617/2055/2288
f 1970/2066/2289 2552/2068/2289 2617/2055/2289
f 2619/2711/2290 1972/2069/2290 2618/2712/2290
f 1973/2713/2291 1918/2000/2291 2620/2714/2291
f 2621/2715/2292 2618/2712/2292 1973/2713/2292
f 2622/2716/2293 2620/2714/2293 2623/2717/2293
f 2620/2714/2294 2624/2718/2294 2623/2717/2294
f 2622/2716/2295 2623/2717/2295 1909/2002/2295
f 2625/2665/2296 2626/2719/2296 2556/2657/2296
f 2219/2330/2297 2625/2665/2297 2627/2720/2297
f 2616/2709/2298 2628/2721/2298 2625/2665/2298
f 2630/2662/2299 2561/2722/2299 1918/2000/2299
f 2623/2717/75 2624/2718/75 2564/2664/75
f 1909/2002/1 2623/2717/1 2564/2664/1
f 2629/2723/2300 2626/2719/2300 2637/2724/2300
f 2629/2723/2301 2637/2724/2301 2633/2725/2301
f 2639/2726/2302 2633/2725/2302 2637/2724/2302
f 2631/2727/2303 2635/2728/2303 2636/2729/2303
f 2681/2730/522 3092/2731/522 2635/2728/522
f 2571/2666/2304 2568/2673/2304 2637/2724/2304
f 2237/2340/2305 2219/2330/2305 2627/2720/2305
f 2639/2726/2306 2637/2724/2306 2640/2675/2306
f 2639/2726/2307 2640/2675/2307 2574/2676/2307
f 2642/2732/2308 2560/2655/2308 2641/2733/2308
f 2642/2732/2309 2641/2733/2309 2645/2734/2309
f 2578/2679/2310 2644/2735/2310 2584/2682/2310
f 2641/2733/2311 2576/2678/2311 2645/2734/2311
f 2564/2664/2312 2689/2736/2312 2578/2679/2312
f 2645/2734/2313 2646/2737/2313 2643/2738/2313
f 2644/2735/2314 2647/2739/2314 2584/2682/2314
f 2647/2739/621 2644/2735/621 2654/2740/621
f 2647/2739/2315 2654/2740/2315 2649/2741/2315
f 2627/2720/2316 2637/2724/2316 2638/2347/2316
f 2574/2676/2317 2573/2687/2317 2650/2742/2317
f 2642/2732/2318 2643/2738/2318 2652/2743/2318
f 2644/2735/2319 2693/2744/2319 2654/2740/2319
f 2648/2745/2320 2649/2741/2320 2656/2746/2320
f 2589/2688/2321 2591/2689/2321 2652/2743/2321
f 2642/2732/2322 2652/2743/2322 2591/2689/2322
f 2651/2747/2323 2589/2688/2323 2652/2743/2323
f 2645/2734/2324 2587/2681/2324 2593/2690/2324
f 2646/2737/2325 2653/2748/2325 2660/2749/2325
f 2653/2748/2326 2593/2690/2326 2656/2746/2326
f 2660/2749/2327 2653/2748/2327 2663/2750/2327
f 2593/2690/2328 2592/2685/2328 2656/2746/2328
f 2657/2751/522 2697/2752/522 2664/2753/522
f 2651/2747/2329 2701/2754/2329 2665/2755/2329
f 2666/2756/314 2606/2700/314 2607/2757/314
f 2662/2758/2330 2666/2756/2330 2607/2757/2330
f 2668/2759/2331 2662/2758/2331 2607/2757/2331
f 2669/2760/2332 2668/2759/2332 2671/2761/2332
f 2673/2704/2333 2670/2762/2333 2612/2702/2333
f 2667/2763/2334 2673/2704/2334 2662/2758/2334
f 2667/2763/2335 2672/2764/2335 2673/2704/2335
f 2671/2761/2336 2674/2765/2336 2670/2762/2336
f 2671/2761/199 2607/2757/199 2674/2765/199
f 2314/2766/2337 2628/2721/2337 2616/2709/2337
f 1971/2179/2338 2086/2178/2338 2314/2766/2338
f 2629/2723/2339 2677/2767/2339 2679/2768/2339
f 2561/2722/2340 2679/2768/2340 2634/2769/2340
f 2682/2770/2341 2631/2727/2341 2632/2771/2341
f 2677/2767/2342 2683/2772/2342 2684/2773/2342
f 2683/2772/2343 2634/2769/2343 2726/2774/2343
f 2679/2768/2344 2726/2774/2344 2634/2769/2344
f 2688/2775/2345 2687/2776/2345 2650/2742/2345
f 2639/2726/2346 2687/2776/2346 2689/2736/2346
f 2632/2771/2347 2649/2741/2347 2690/2777/2347
f 2690/2777/2348 3092/2731/2348 2691/2778/2348
f 2689/2736/2349 2695/2779/2349 2693/2744/2349
f 2693/2744/2350 2696/2780/2350 2694/2781/2350
f 2693/2744/2351 2694/2781/2351 2655/2782/2351
f 2694/2781/2352 2696/2780/2352 2657/2751/2352
f 2657/2751/253 2696/2780/253 2697/2752/253
f 2663/2750/2353 2653/2748/2353 2700/2783/2353
f 2700/2783/2354 2661/2784/2354 2699/2785/2354
f 2665/2755/760 2701/2754/760 2702/2786/760
f 2746/2787/2355 2669/2760/2355 2664/2753/2355
f 2619/2711/2356 2704/2788/2356 2707/2188/2356
f 2028/2108/2357 3101/2789/2357 2708/2790/2357
f 2709/2791/2358 2762/2792/2358 2719/2793/2358
f 2267/2402/2359 2314/2766/2359 2763/2794/2359
f 2086/2178/2360 2763/2794/2360 2314/2766/2360
f 2680/2795/2361 2678/2796/2361 2722/2797/2361
f 2680/2795/2362 2722/2797/2362 2712/2798/2362
f 2704/2788/2363 2711/2799/2363 2680/2795/2363
f 2706/2800/2364 2680/2795/2364 2712/2798/2364
f 2711/2799/2365 2713/2801/2365 2714/2802/2365
f 2706/2800/2366 2711/2799/2366 2715/2177/2366
f 2718/2803/2367 2717/2804/2367 2716/2805/2367
f 2719/2793/2368 2714/2802/2368 2717/2804/2368
f 2720/2806/2369 2717/2804/2369 2718/2803/2369
f 2314/2766/2370 2328/2428/2370 2342/2439/2370
f 2722/2797/2371 2721/2807/2371 2723/2808/2371
f 2721/2807/2372 2684/2773/2372 2728/2809/2372
f 2722/2797/2373 2723/2808/2373 2729/2810/2373
f 2723/2808/2374 2724/2811/2374 2769/2812/2374
f 2726/2774/2375 2725/2813/2375 2728/2809/2375
f 2726/2774/2376 2769/2812/2376 2727/2814/2376
f 2723/2808/2377 2769/2812/2377 2729/2810/2377
f 2769/2812/2378 2770/2815/2378 2685/2816/2378
f 2727/2814/2379 2685/2816/2379 2632/2771/2379
f 2718/2803/2380 2685/2816/2380 2730/2817/2380
f 2686/2818/2381 2342/2439/2381 2343/2440/2381
f 2721/2807/2382 2725/2813/2382 2731/2819/2382
f 2731/2819/2383 2688/2775/2383 2650/2742/2383
f 2731/2819/2384 2650/2742/2384 2692/2820/2384
f 2725/2813/2385 2732/2821/2385 2731/2819/2385
f 2732/2821/2386 2725/2813/2386 2695/2779/2386
f 2725/2813/2387 2734/2822/2387 2695/2779/2387
f 2733/2823/2388 2734/2822/2388 2725/2813/2388
f 2736/2824/2389 2737/2825/2389 2738/2826/2389
f 2739/2827/794 2740/2828/794 2743/2829/794
f 2739/2827/2390 2745/2830/2390 2742/2831/2390
f 2740/2828/2391 2741/2832/2391 2746/2787/2391
f 2744/2833/2392 2743/2829/2392 2748/2834/2392
f 2748/2834/2393 2740/2828/2393 2749/2835/2393
f 2658/2836/314 2665/2755/314 2750/2837/314
f 2742/2831/2394 2737/2825/2394 2699/2785/2394
f 2741/2832/2395 2699/2785/2395 2746/2787/2395
f 2750/2837/1487 2742/2831/1487 2786/2838/1487
f 2747/2839/2396 2746/2787/2396 2664/2753/2396
f 1762/1863/2397 2088/2182/2397 2763/2794/2397
f 2385/2482/2398 2384/2481/2398 2752/2840/2398
f 2752/2840/2399 2384/2481/2399 2386/2498/2399
f 2385/2482/2400 2752/2840/2400 2764/2841/2400
f 2387/2480/2401 2385/2482/2401 2753/2571/2401
f 2090/2184/2402 2755/2842/2402 2088/2182/2402
f 2090/2184/2403 2675/2183/2403 2755/2842/2403
f 2088/2182/2404 2755/2842/2404 2756/2843/2404
f 2092/2185/2405 2149/2251/2405 2756/2843/2405
f 2091/2186/2406 2619/2711/2406 2707/2188/2406
f 2707/2188/2407 2704/2788/2407 2757/2189/2407
f 2094/2191/2408 2095/2192/2408 2766/2844/2408
f 2759/2845/2409 2761/2846/2409 2762/2792/2409
f 2088/2182/2410 2756/2843/2410 2763/2794/2410
f 2752/2840/2411 2386/2498/2411 2764/2841/2411
f 2764/2841/2412 2763/2794/2412 2756/2843/2412
f 2754/2847/2413 2764/2841/2413 2765/2848/2413
f 2764/2841/2414 2756/2843/2414 2765/2848/2414
f 2766/2844/121 2706/2800/121 2715/2177/121
f 2094/2191/2415 2766/2844/2415 2715/2177/2415
f 2715/2177/2416 2719/2793/2416 2762/2792/2416
f 2715/2177/2417 2761/2846/2417 2767/2849/2417
f 2083/2175/2418 2715/2177/2418 2768/2256/2418
f 2770/2815/2419 2769/2812/2419 2771/2850/2419
f 2770/2815/2420 2811/2851/2420 2685/2816/2420
f 2774/2852/2421 2772/2853/2421 2730/2817/2421
f 2811/2851/2422 2814/2854/2422 2774/2852/2422
f 2724/2811/2423 2692/2820/2423 2775/2855/2423
f 2981/2856/2424 10/94/2424 9/93/2424 2941/2857/2424
f 2775/2855/2425 2692/2820/2425 2778/2858/2425
f 2692/2820/2426 2777/2859/2426 2778/2858/2426
f 2769/2812/2427 2775/2855/2427 2771/2850/2427
f 2779/2860/2428 2771/2850/2428 2780/2861/2428
f 2772/2853/2429 2779/2860/2429 2780/2861/2429
f 2774/2852/2430 2824/2862/2430 2779/2860/2430
f 2425/2526/2431 2355/2531/2431 2783/2532/2431
f 2431/2455/2432 2828/2863/2432 2783/2532/2432
f 2771/2850/2433 2775/2855/2433 2786/2838/2433
f 2686/2818/2434 2446/2547/2434 2638/2347/2434
f 2448/2548/2435 2446/2547/2435 2828/2863/2435
f 2448/2548/2436 2828/2863/2436 2784/2864/2436
f 2446/2547/2437 2783/2532/2437 2828/2863/2437
f 2776/2865/2438 2650/2742/2438 2787/2866/2438
f 2778/2858/2439 2831/2867/2439 2787/2866/2439
f 2745/2830/2440 2744/2833/2440 2771/2850/2440
f 2745/2830/2441 2771/2850/2441 2786/2838/2441
f 2749/2835/314 2747/2839/314 2751/2868/314
f 2780/2861/2442 2744/2833/2442 2748/2834/2442
f 2748/2834/2443 2749/2835/2443 2788/2869/2443
f 2751/2868/121 2664/2753/121 2788/2869/121
f 2151/2187/2444 2089/2181/2444 2789/2870/2444
f 2152/2252/2445 2151/2187/2445 2791/2871/2445
f 2150/2253/2446 2154/2254/2446 2792/2872/2446
f 2154/2254/2447 2758/2255/2447 2792/2872/2447
f 2754/2847/2448 2765/2848/2448 2794/2873/2448
f 2765/2848/2449 2756/2843/2449 2799/2874/2449
f 2149/2251/2450 2799/2874/2450 2756/2843/2450
f 2793/2875/2451 2765/2848/2451 2799/2874/2451
f 2796/2876/2452 2819/2877/2452 2817/2606/2452
f 2789/2870/2453 2794/2873/2453 2791/2871/2453
f 2152/2252/2454 2791/2871/2454 2798/2878/2454
f 2794/2873/2455 2849/2879/2455 2791/2871/2455
f 2150/2253/2456 2792/2872/2456 2799/2874/2456
f 2758/2255/2457 2706/2800/2457 2801/2880/2457
f 2792/2872/2458 2801/2880/2458 2804/2881/2458
f 2801/2880/2459 2766/2844/2459 2804/2881/2459
f 2095/2192/2460 2804/2881/2460 2766/2844/2460
f 2804/2881/2461 2806/2882/2461 2805/2883/2461
f 2095/2192/2462 2806/2882/2462 2804/2881/2462
f 2793/2875/2463 2817/2606/2463 2807/2884/2463
f 2793/2875/2464 2807/2884/2464 2808/2885/2464
f 2509/2604/2465 2851/2649/2465 2807/2884/2465
f 2805/2883/2466 2770/2815/2466 2781/2886/2466
f 2805/2883/2467 2781/2886/2467 2810/2887/2467
f 2804/2881/2468 2805/2883/2468 2810/2887/2468
f 2806/2882/2469 2812/2888/2469 2811/2851/2469
f 2809/2889/2470 2810/2887/2470 2813/2890/2470
f 2815/2891/2280 3153/2892/2280 2823/2893/2280
f 2692/2820/2471 2776/2865/2471 2816/2894/2471
f 2817/2606/2472 2819/2877/2472 2818/2895/2472
f 2817/2606/2473 2816/2894/2473 2829/2896/2473
f 2781/2886/2474 2824/2862/2474 2822/2897/2474
f 2815/2891/2475 2823/2893/2475 2824/2862/2475
f 2530/2619/2476 2827/2624/2476 2828/2863/2476
f 2818/2895/2477 2852/2898/2477 2830/2899/2477
f 2825/2900/2478 2836/2901/2478 2833/2902/2478
f 2825/2900/2479 2833/2902/2479 2834/2903/2479
f 2832/2904/2480 2835/2905/2480 2833/2902/2480
f 2534/2906/2481 2445/2632/2481 2837/2907/2481
f 2535/2908/2482 2534/2906/2482 2839/2909/2482
f 2776/2865/2483 2787/2866/2483 2820/2910/2483
f 2820/2910/2484 2787/2866/2484 2831/2867/2484
f 2469/2563/121 2784/2864/121 2840/2911/121
f 2828/2863/2485 2840/2911/2485 2784/2864/2485
f 2838/2912/2486 2837/2907/2486 2840/2911/2486
f 2844/2913/2487 2833/2902/2487 2836/2901/2487
f 2844/2913/2488 2845/2914/2488 2843/2915/2488
f 2753/2571/2489 2790/2250/2489 2847/2261/2489
f 2148/2180/2490 2847/2261/2490 2790/2250/2490
f 2153/2916/314 2152/2252/314 2798/2878/314
f 2795/2917/314 2793/2875/314 2808/2885/314
f 2797/2918/2491 2848/2919/2491 2796/2876/2491
f 2796/2876/1 2848/2919/1 2819/2877/1
f 2798/2878/2492 2791/2871/2492 2849/2879/2492
f 2800/2920/2493 2802/2921/2493 2850/2922/2493
f 2155/2190/1 2806/2882/1 2095/2192/1
f 2808/2885/2494 2807/2884/2494 2851/2649/2494
f 2802/2921/314 2803/2923/314 2853/2924/314
f 2815/2891/2495 2812/2888/2495 3153/2892/2495
f 2819/2877/2496 2852/2898/2496 2818/2895/2496
f 2781/2886/2497 2822/2897/2497 2854/2925/2497
f 2813/2890/2498 2781/2886/2498 2782/2926/2498
f 2835/2905/2499 2834/2903/2499 2833/2902/2499
f 2826/2927/2500 2825/2900/2500 2834/2903/2500
f 2832/2904/314 2843/2915/314 2855/2928/314
f 2840/2911/121 2842/2929/121 2856/2930/121
f 2857/2931/2501 2844/2913/2501 2859/2932/2501
f 2844/2913/628 2836/2901/628 2858/2933/628
f 1782/1881/2502 1715/1884/2502 1792/1888/2502
f 3069/2934/75 3068/2935/75 626/740/75
f 3049/2936/2503 1441/1521/2503 1443/2937/2503
f 1441/1521/2504 1461/1530/2504 1375/1523/2504
f 3155/1936/2505 1768/1869/2505 3154/1941/2505
f 704/755/2506 637/684/2506 638/687/2506
f 2935/2938/1 17/2939/1 2934/2940/1
f 2974/2941/812 69/102/812 96/798/812
f 2932/2942/253 416/2943/253 2933/2944/253
f 2865/987/75 2872/985/75 2864/2945/75
f 2115/2946/1958 2113/2213/1958 2123/2225/1958
f 916/1025/2507 910/993/2507 917/997/2507
f 1124/1225/90 2868/2947/90 1120/1220/90
f 2599/2697/314 1450/1531/314 3050/2948/314
f 3048/2949/314 1371/1460/314 1369/1459/314
f 582/627/2508 584/626/2508 606/635/2508
f 365/392/2509 1024/1103/2509 3055/1117/2509
f 2938/2950/1 17/2939/1 2937/2951/1
f 2855/2928/314 2843/2915/314 2846/2952/314
f 2869/2953/2510 1262/2954/2510 1259/1345/2510
f 3011/48/2511 37/49/2511 2976/2955/2511
f 2487/2956/2512 2486/2579/2512 2488/2582/2512
f 2941/2857/2513 9/93/2513 2940/2957/2513
f 402/432/253 425/447/253 404/2958/253
f 2943/2959/253 416/2943/253 2947/2960/253
f 2934/2940/1 17/2939/1 2936/2961/1
f 2937/2951/1 17/2939/1 2935/2938/1
f 1387/1471/75 2610/2703/75 3084/2962/75
f 2870/2963/1 1389/2964/1 3051/2965/1
f 3048/2949/2514 1460/1538/2514 1371/1460/2514
f 3134/2634/2515 2452/2551/2515 2470/2567/2515
f 2870/2963/2516 1297/1348/2516 1389/2964/2516
f 2948/2966/253 416/2943/253 2949/2967/253
f 731/2968/2517 783/2969/2517 786/856/2517
f 1146/2970/2250 1145/1241/2250 1096/2971/2250
f 647/656/1357 1276/1397/1357 2969/2972/1357
f 2531/2625/877 2532/2626/877 3149/2630/877
f 1246/2973/75 1245/1332/75 1252/1350/75
f 2931/2974/253 416/2943/253 2932/2942/253
f 3113/2463/90 2365/2459/90 3098/2975/90
f 1262/2954/2518 1258/1343/2518 1250/1335/2518
f 2900/1242/1 1078/1189/1 729/790/1
f 2947/2960/253 416/2943/253 2948/2966/253
f 2850/2922/314 2802/2921/314 2853/2924/314
f 2495/2592/2519 2480/2590/2519 2500/2596/2519
f 1385/2976/1 1387/2977/1 3084/2978/1 1391/2979/1
f 444/475/1806 500/543/1806 565/604/1806
f 404/2958/2520 435/459/2520 2995/480/2520
f 417/2980/2521 418/443/2521 2961/2981/2521
f 2928/2982/2522 18/113/2522 2929/2983/2522
f 2079/2168/2523 2078/2170/2523 2085/2176/2523
f 3086/2316/2524 2594/2314/2524 1439/1516/2524
f 2939/2984/1 17/2939/1 2938/2950/1
f 1069/1156/1 1052/1155/1 2215/2310/1
f 2933/2944/253 416/2943/253 2943/2959/253
f 2869/2953/314 1259/1345/314 2871/2985/314
f 1108/1207/2525 1179/1206/2525 1180/1274/2525
f 465/2986/2526 1085/492/2526 1092/1184/2526
f 2841/2987/121 2840/2911/121 2856/2930/121
f 2936/2961/1 17/2939/1 2930/2988/1
f 2607/2757/2515 2606/2700/2515 2614/2706/2515
f 1821/1914/121 1820/1913/121 1823/1916/121
f 3084/2962/2527 2610/2703/2527 2611/2989/2527
f 3024/2990/1973 3019/29/1973 1/26/1973
f 3012/35/2528 3016/2991/2528 3017/36/2528
f 4/56/2529 3/460/2529 2982/10/2529
f 51/4/2530 52/2992/2530 2975/5/2530
f 7/81/121 2978/80/121 2979/82/121
f 73/79/2531 2922/15/2531 2978/80/2531
f 22/44/2532 3022/43/2532 3023/28/2532 21/27/2532
f 10/94/121 2981/2856/121 2983/2993/121
f 10/94/121 2983/2993/121 2984/2994/121
f 10/94/121 2984/2994/121 2986/2995/121
f 12/765/2533 97/764/2533 13/105/2533
f 1/26/2534 3019/29/2534 21/27/2534
f 113/119/2535 23/32/2535 3013/2996/2535 3007/122/2535
f 23/32/2536 3014/25/2536 3013/2996/2536
f 3018/2997/2537 19/23/2537 23/32/2537
f 24/118/2538 3018/2997/2538 23/32/2538
f 122/128/2539 41/2998/2539 29/41/2539 32/126/2539
f 22/44/2540 21/27/2540 25/31/2540
f 25/31/2541 20/30/2541 35/33/2541
f 3012/35/2542 27/37/2542 3011/48/2542
f 27/37/2543 3017/36/2543 3021/38/2543
f 3011/48/2544 27/37/2544 38/47/2544
f 34/42/2545 29/41/2545 39/51/2545
f 31/123/2546 29/41/2546 30/40/2546
f 44/53/2547 43/52/2547 26/58/2547 3030/461/2547
f 22/44/2548 25/31/2548 33/34/2548
f 22/44/2549 33/34/2549 34/42/2549
f 22/44/2550 34/42/2550 2/45/2550
f 33/34/2551 30/40/2551 34/42/2551
f 31/123/2552 30/40/2552 35/33/2552
f 20/30/90 3030/461/90 35/33/90
f 35/33/2553 3030/461/2553 26/58/2553
f 28/39/2554 3021/38/2554 3020/2999/2554
f 28/39/2555 3020/2999/2555 2/45/2555
f 39/51/2556 38/47/2556 28/39/2556
f 39/51/2557 28/39/2557 2/45/2557
f 37/49/2558 40/50/2558 55/3000/2558
f 39/51/2559 29/41/2559 41/2998/2559
f 39/51/2560 41/2998/2560 38/47/2560
f 40/50/2561 38/47/2561 41/2998/2561
f 41/2998/2562 122/128/2562 40/50/2562
f 43/52/2563 3/460/2563 4/56/2563
f 47/57/2564 4/56/2564 63/71/2564 66/70/2564
f 45/55/2565 26/58/2565 43/52/2565
f 48/59/2566 26/58/2566 45/55/2566
f 48/59/2567 45/55/2567 46/462/2567
f 50/150/2568 2976/2955/2568 37/49/2568
f 51/4/2569 37/49/2569 55/3000/2569
f 51/4/2570 55/3000/2570 53/63/2570
f 51/4/2571 53/63/2571 52/2992/2571
f 53/63/2572 55/3000/2572 54/61/2572
f 52/2992/2573 53/63/2573 56/64/2573
f 57/65/2574 56/64/2574 70/74/2574
f 52/2992/2575 56/64/2575 5/1/2575
f 5/1/2576 59/67/2576 60/68/2576
f 59/67/2577 58/66/2577 74/78/2577
f 61/2/2578 62/69/2578 79/87/2578
f 62/69/2579 61/2/2579 60/68/2579
f 64/72/2580 60/68/2580 76/86/2580
f 64/72/2581 151/164/2581 66/70/2581
f 63/71/2582 4/56/2582 80/11/2582
f 6/6/2583 69/102/2583 67/3001/2583 68/62/2583
f 65/73/2584 47/57/2584 91/96/2584
f 91/96/2585 47/57/2585 66/70/2585
f 69/102/2586 2974/2941/2586 67/3001/2586
f 2974/2941/2587 162/174/2587 67/3001/2587
f 2918/12/2588 72/76/2588 70/74/2588 2977/3002/2588
f 71/75/2589 6/6/2589 70/74/2589
f 68/62/2590 51/4/2590 6/6/2590
f 69/102/2591 6/6/2591 71/75/2591
f 68/62/2592 67/3001/2592 71/75/2592
f 70/74/2593 2975/5/2593 2977/3002/2593
f 59/67/2594 74/78/2594 76/86/2594 60/68/2594
f 73/79/2595 75/83/2595 106/3003/2595
f 78/3004/2596 77/84/2596 74/78/2596 167/77/2596
f 76/86/2597 74/78/2597 77/84/2597
f 93/182/2598 91/96/2598 66/70/2598 157/166/2598
f 77/84/2599 78/3004/2599 169/85/2599
f 2980/7/2600 79/87/2600 88/8/2600
f 75/83/2601 2979/82/2601 2923/18/2601
f 87/179/2602 81/89/2602 84/91/2602
f 11/9/2603 88/8/2603 80/11/2603
f 80/11/2604 62/69/2604 63/71/2604
f 89/3005/2605 9/93/2605 410/95/2605
f 3004/153/2606 121/137/2606 32/126/2606 3005/3006/2606
f 91/96/2607 93/182/2607 172/169/2607
f 94/180/2608 84/91/2608 82/88/2608
f 97/764/2609 98/104/2609 99/799/2609
f 97/764/2610 99/799/2610 13/105/2610
f 98/104/2611 100/103/2611 99/799/2611
f 69/102/2612 71/75/2612 100/103/2612
f 71/75/2613 164/177/2613 100/103/2613
f 72/76/2614 2918/12/2614 101/14/2614
f 13/105/2615 99/799/2615 101/14/2615
f 141/155/2616 72/76/2616 101/14/2616
f 141/155/2617 101/14/2617 102/802/2617
f 2922/15/2618 73/79/2618 103/16/2618
f 2921/17/2619 103/16/2619 104/106/2619
f 103/16/2620 73/79/2620 104/106/2620
f 14/107/2621 104/106/2621 105/22/2621
f 73/79/2622 106/3003/2622 104/106/2622
f 106/3003/2623 75/83/2623 107/108/2623
f 104/106/2624 106/3003/2624 107/108/2624
f 107/108/2625 75/83/2625 105/22/2625
f 9/93/2626 89/3005/2626 109/112/2626
f 17/2939/2627 9/93/2627 18/113/2627
f 109/112/581 89/3005/581 466/506/581
f 109/112/2628 466/506/2628 18/113/2628
f 108/109/2629 82/88/2629 83/90/2629
f 92/100/2630 82/88/2630 108/109/2630
f 3008/121/2631 3009/3007/2631 3010/120/2631
f 3008/121/2632 3010/120/2632 113/119/2632
f 3029/114/2633 114/253/2633 117/3008/2633
f 124/134/2634 54/61/2634 55/3000/2634 122/128/2634
f 117/3008/2635 29/41/2635 31/123/2635
f 29/41/2636 117/3008/2636 32/126/2636
f 31/123/2637 3029/114/2637 117/3008/2637
f 117/3008/2638 3005/3006/2638 32/126/2638
f 125/127/2639 32/126/2639 121/137/2639
f 116/3009/2640 3005/3006/2640 117/3008/2640
f 114/253/2641 197/255/2641 117/3008/2641
f 110/115/2642 31/123/2642 36/129/2642
f 36/129/2643 119/132/2643 118/131/2643
f 110/115/2644 36/129/2644 118/131/2644
f 115/125/2645 110/115/2645 118/131/2645
f 119/132/2646 35/33/2646 26/58/2646
f 119/132/2647 26/58/2647 49/60/2647
f 118/131/2648 119/132/2648 120/145/2648
f 40/50/2649 122/128/2649 55/3000/2649
f 123/133/2650 122/128/2650 125/127/2650
f 123/133/2651 125/127/2651 126/139/2651
f 126/139/2652 125/127/2652 139/138/2652
f 127/136/2653 128/142/2653 153/160/2653
f 129/141/2487 118/131/2487 128/142/2487
f 118/131/2654 120/145/2654 128/142/2654
f 120/145/2655 49/60/2655 132/146/2655
f 133/227/2656 49/60/2656 131/144/2656
f 49/60/2657 133/227/2657 132/146/2657
f 50/150/2658 37/49/2658 54/61/2658
f 215/3010/2659 139/138/2659 136/3011/2659 214/3012/2659
f 124/134/2660 123/133/2660 137/152/2660
f 134/147/2661 124/134/2661 135/148/2661
f 3004/153/2662 136/3011/2662 139/138/2662
f 145/158/2663 150/161/2663 218/232/2663 144/3013/2663
f 140/154/2664 143/151/2664 146/156/2664
f 123/133/2665 142/140/2665 143/151/2665
f 141/155/2666 143/151/2666 140/154/2666
f 141/155/2667 144/3013/2667 143/151/2667
f 145/158/2668 144/3013/2668 141/155/2668
f 144/3013/2669 137/152/2669 143/151/2669
f 57/65/2670 140/154/2670 58/66/2670
f 146/156/2671 147/159/2671 148/157/2671
f 147/159/2672 145/158/2672 148/157/2672
f 148/157/2673 141/155/2673 166/198/2673
f 138/173/2674 71/75/2674 67/3001/2674 162/174/2674
f 147/159/2675 153/160/2675 149/162/2675
f 150/161/2676 147/159/2676 149/162/2676
f 145/158/2677 147/159/2677 150/161/2677
f 151/164/2678 153/160/2678 154/167/2678
f 152/165/2679 153/160/2679 151/164/2679
f 152/165/2680 155/163/2680 153/160/2680
f 156/171/2681 155/163/2681 152/165/2681
f 153/160/2682 128/142/2682 154/167/2682
f 157/166/2683 151/164/2683 154/167/2683
f 157/166/2684 154/167/2684 172/169/2684
f 161/190/2685 156/171/2685 174/191/2685
f 168/201/2686 78/3004/2686 167/77/2686 166/198/2686
f 71/75/2687 138/173/2687 164/177/2687
f 138/173/2688 135/148/2688 164/177/2688
f 58/66/2689 148/157/2689 167/77/2689
f 148/157/2690 166/198/2690 167/77/2690
f 94/180/2691 170/181/2691 171/185/2691 87/179/2691
f 168/201/2692 166/198/2692 188/200/2692
f 168/201/2693 230/240/2693 78/3004/2693
f 152/165/2694 64/72/2694 86/92/2694
f 171/185/2695 81/89/2695 87/179/2695
f 81/89/2696 171/185/2696 85/110/2696
f 86/92/2697 174/191/2697 156/171/2697 152/165/2697
f 91/96/2698 172/169/2698 513/98/2698
f 170/181/2699 82/88/2699 95/101/2699
f 117/3008/2700 197/255/2700 3006/217/2700 116/3009/2700
f 86/92/2701 169/85/2701 174/191/2701
f 181/248/2702 178/187/2702 177/189/2702
f 164/177/2703 2911/176/2703 2910/194/2703
f 800/871/2704 164/177/2704 183/196/2704
f 166/198/2705 141/155/2705 185/199/2705
f 185/199/2706 141/155/2706 184/876/2706
f 185/199/2707 186/203/2707 188/200/2707
f 85/110/2708 171/185/2708 190/206/2708
f 173/184/2709 170/181/2709 192/207/2709
f 176/188/2710 178/187/2710 193/3014/2710
f 193/3014/2711 178/187/2711 194/209/2711
f 178/187/2712 182/250/2712 195/208/2712
f 194/209/2713 195/208/2713 196/252/2713
f 200/212/141 202/211/141 201/256/141
f 115/125/2525 204/130/2525 238/214/2525
f 211/224/2714 212/223/2714 210/263/2714 242/262/2714
f 198/218/2715 3006/217/2715 197/255/2715
f 3003/216/2716 198/218/2716 206/219/2716
f 198/218/2717 201/256/2717 202/211/2717
f 205/215/2718 238/214/2718 133/227/2718
f 206/219/2719 208/221/2719 215/3010/2719
f 133/227/2720 131/144/2720 207/567/2720 205/215/2720
f 211/224/2721 242/262/2721 251/229/2721
f 206/219/2722 202/211/2722 209/222/2722
f 210/263/2723 212/223/2723 254/226/2723
f 139/138/2724 215/3010/2724 208/221/2724 126/139/2724
f 245/272/2725 248/315/2725 247/266/2725 210/263/2725
f 2973/220/2726 206/219/2726 215/3010/2726
f 214/3012/2727 2973/220/2727 215/3010/2727
f 124/134/2728 251/229/2728 216/230/2728
f 251/229/2729 2972/3015/2729 216/230/2729
f 217/178/2361 216/230/2361 2972/3015/2361
f 251/229/2730 137/152/2730 144/3013/2730
f 251/229/2731 144/3013/2731 218/232/2731
f 218/232/2732 220/236/2732 221/233/2732
f 223/225/2733 211/224/2733 219/231/2733
f 219/231/2734 218/232/2734 221/233/2734
f 220/236/2735 218/232/2735 150/161/2735
f 221/233/687 224/237/687 225/244/687
f 160/172/2736 156/171/2736 161/190/2736
f 227/238/2737 160/172/2737 161/190/2737
f 217/178/2738 2972/3015/2738 2971/239/2738
f 221/233/336 225/244/336 222/234/336
f 222/234/2739 225/244/2739 228/242/2739
f 233/241/2740 228/242/2740 230/240/2740
f 233/241/2741 229/243/2741 228/242/2741
f 78/3004/2742 230/240/2742 169/85/2742
f 230/240/2743 228/242/2743 226/245/2743
f 232/247/2744 229/243/2744 233/241/2744
f 169/85/2745 231/246/2745 180/193/2745
f 169/85/2746 230/240/2746 231/246/2746
f 226/245/2747 232/247/2747 231/246/2747
f 180/193/2748 231/246/2748 805/880/2748
f 178/187/2749 181/248/2749 182/250/2749
f 181/248/2750 161/190/2750 179/192/2750
f 181/248/2751 179/192/2751 180/193/2751
f 233/241/2752 168/201/2752 189/202/2752
f 186/203/2753 187/944/2753 234/204/2753
f 805/880/1692 233/241/1692 189/202/1692
f 234/204/2754 805/880/2754 189/202/2754
f 231/246/2755 233/241/2755 805/880/2755
f 182/250/2756 181/248/2756 180/193/2756
f 195/208/2757 180/193/2757 808/251/2757
f 197/255/2758 235/284/2758 198/218/2758
f 3028/285/314 199/210/314 200/212/314
f 203/213/1705 3027/296/1705 202/211/1705
f 202/211/2759 3027/296/2759 237/297/2759
f 238/214/2760 274/258/2760 249/228/2760
f 243/264/2761 242/262/2761 241/261/2761
f 242/262/2762 243/264/2762 244/268/2762
f 245/272/2763 210/263/2763 254/226/2763
f 246/265/2764 241/261/2764 210/263/2764
f 160/172/2765 259/276/2765 256/274/2765 150/161/2765
f 240/260/314 118/131/314 129/141/314
f 133/227/2766 238/214/2766 249/228/2766
f 250/267/2767 2972/3015/2767 251/229/2767
f 252/235/2768 223/225/2768 219/231/2768
f 252/235/2769 219/231/2769 221/233/2769
f 261/270/2770 252/235/2770 260/277/2770
f 252/235/2771 253/269/2771 255/271/2771
f 248/315/2772 245/272/2772 255/271/2772
f 256/274/2773 220/236/2773 150/161/2773
f 220/236/2774 256/274/2774 224/237/2774
f 284/3016/2775 294/304/2775 280/303/2775 247/266/2775
f 227/238/2776 159/170/2776 258/275/2776
f 259/276/2777 160/172/2777 258/275/2777
f 159/170/2778 249/228/2778 258/275/2778
f 262/318/2779 229/243/2779 316/278/2779
f 232/247/2780 257/273/2780 316/278/2780
f 267/290/2781 3028/285/2781 236/257/2781
f 236/257/2782 201/256/2782 266/286/2782
f 3025/288/75 3028/285/75 267/290/75
f 270/289/2783 3025/288/2783 267/290/2783
f 236/257/2784 268/292/2784 270/289/2784
f 204/130/2785 273/294/2785 274/258/2785
f 273/294/2786 275/281/2786 274/258/2786
f 235/284/1357 3002/283/1357 3001/306/1357
f 266/286/1054 235/284/1054 3001/306/1054
f 268/292/2787 236/257/2787 282/298/2787
f 269/354/2788 268/292/2788 276/377/2788
f 237/297/2789 265/282/2789 277/300/2789
f 339/3017/2790 237/297/2790 277/300/2790
f 239/259/2791 273/294/2791 204/130/2791
f 274/258/2792 278/301/2792 249/228/2792
f 347/374/2793 278/301/2793 275/281/2793
f 243/264/2794 247/266/2794 280/303/2794
f 243/264/2795 280/303/2795 281/305/2795
f 244/268/2796 243/264/2796 281/305/2796
f 282/298/2797 3001/306/2797 3000/3018/2797
f 3000/3018/2798 3059/307/2798 282/298/2798
f 276/377/2799 268/292/2799 282/298/2799
f 288/323/2800 287/330/2800 286/310/2800 285/309/2800
f 317/340/2801 308/341/2801 307/405/2801 298/316/2801
f 288/323/2802 285/309/2802 290/324/2802
f 291/385/2803 285/309/2803 289/311/2803
f 358/384/2804 285/309/2804 291/385/2804
f 285/309/2805 358/384/2805 290/324/2805
f 286/310/2806 249/228/2806 289/311/2806
f 249/228/1 345/302/1 289/311/1
f 281/305/2807 294/304/2807 293/313/2807
f 281/305/2808 250/267/2808 244/268/2808
f 292/393/2809 281/305/2809 293/313/2809
f 250/267/968 281/305/968 292/393/968
f 253/269/2810 294/304/2810 255/271/2810
f 295/314/2811 294/304/2811 253/269/2811
f 295/314/2812 253/269/2812 261/270/2812
f 284/3016/2813 247/266/2813 255/271/2813
f 294/304/2814 284/3016/2814 255/271/2814
f 298/316/2815 296/319/2815 315/317/2815
f 300/402/2816 296/319/2816 299/320/2816
f 370/421/2817 296/319/2817 300/402/2817
f 256/274/2818 259/276/2818 302/321/2818
f 288/323/2819 305/327/2819 309/329/2819
f 288/323/2820 306/326/2820 305/327/2820
f 301/403/2821 299/320/2821 298/316/2821
f 287/330/2822 309/329/2822 259/276/2822 249/228/2822
f 290/324/1 376/3019/1 304/325/1
f 249/228/2823 286/310/2823 287/330/2823
f 272/295/2824 341/373/2824 339/3017/2824 277/300/2824
f 302/321/2825 259/276/2825 309/329/2825
f 322/344/2826 310/343/2826 312/333/2826
f 312/333/2827 260/277/2827 313/346/2827
f 310/343/2828 311/419/2828 312/333/2828
f 260/277/2829 392/336/2829 313/346/2829
f 314/334/2830 229/243/2830 315/317/2830
f 297/337/2831 314/334/2831 315/317/2831
f 257/273/2832 256/274/2832 316/278/2832
f 318/339/2833 317/340/2833 316/278/2833
f 303/322/2834 302/321/2834 319/331/2834
f 262/318/2835 316/278/2835 317/340/2835
f 311/419/2836 310/343/2836 321/345/2836
f 312/333/2837 313/346/2837 322/344/2837
f 324/1107/253 399/429/253 325/348/253
f 318/339/2838 303/322/2838 319/331/2838
f 326/350/2839 318/339/2839 955/1036/2839
f 3061/3020/90 328/351/90 329/353/90
f 3061/3020/90 329/353/90 3060/368/90
f 327/356/2840 3062/355/2840 271/291/2840
f 271/291/2841 1473/293/2841 331/357/2841
f 3063/359/2842 327/356/2842 331/357/2842
f 333/697/2843 3064/361/2843 334/363/2843
f 334/363/2844 335/365/2844 336/367/2844
f 334/363/2845 337/364/2845 1662/1753/2845
f 334/363/2846 1662/1753/2846 335/365/2846
f 237/297/2847 339/3017/2847 354/299/2847
f 354/299/2848 339/3017/2848 340/372/2848
f 614/665/2849 344/375/2849 347/374/2849 275/281/2849
f 339/3017/2850 341/373/2850 342/370/2850
f 339/3017/2851 342/370/2851 340/372/2851
f 342/370/2852 341/373/2852 343/371/2852
f 341/373/2853 272/295/2853 239/259/2853
f 341/373/2854 239/259/2854 240/260/2854
f 343/371/2855 341/373/2855 356/312/2855
f 3058/3021/2856 366/381/2856 350/379/2856 283/308/2856
f 347/374/2857 346/376/2857 669/387/2857
f 345/302/2858 347/374/2858 348/386/2858
f 3059/307/2859 349/3022/2859 283/308/2859
f 283/308/2860 349/3022/2860 3058/3021/2860
f 350/379/2861 276/377/2861 283/308/2861
f 340/372/2862 209/222/2862 202/211/2862 354/299/2862
f 269/354/2863 276/377/2863 352/378/2863
f 368/3023/2864 390/418/2864 365/392/2864 367/394/2864
f 213/135/2865 340/372/2865 356/312/2865
f 340/372/2866 343/371/2866 356/312/2866
f 357/383/2867 350/379/2867 355/382/2867
f 353/1564/2868 352/378/2868 351/380/2868
f 240/260/2869 129/141/2869 356/312/2869
f 290/324/2870 358/384/2870 376/3019/2870
f 358/384/2871 348/386/2871 359/391/2871
f 376/3019/2872 358/384/2872 306/326/2872
f 361/1565/2873 351/380/2873 360/409/2873
f 348/386/2874 347/374/2874 362/388/2874
f 364/389/2875 348/386/2875 362/388/2875
f 348/386/2876 364/389/2876 359/391/2876
f 359/391/2877 1500/390/2877 363/414/2877
f 366/381/2878 3058/3021/2878 3057/395/2878
f 367/394/2879 293/313/2879 295/314/2879
f 367/394/2880 295/314/2880 261/270/2880
f 393/338/2881 297/337/2881 296/319/2881 370/421/2881
f 368/3023/2882 367/394/2882 391/335/2882
f 366/381/2883 369/396/2883 392/336/2883
f 301/403/2884 307/405/2884 370/421/2884 300/402/2884
f 373/425/2885 372/422/2885 370/421/2885 307/405/2885
f 375/410/2886 374/404/2886 371/400/2886 1513/1588/2886
f 397/424/2887 1021/1108/2887 378/407/2887 380/406/2887
f 304/325/2888 376/3019/2888 306/326/2888
f 306/326/2889 358/384/2889 359/391/2889
f 306/326/2890 359/391/2890 363/414/2890
f 2987/3024/2891 410/95/2891 10/94/2891 2989/3025/2891
f 360/409/2892 351/380/2892 374/404/2892
f 382/3026/2893 380/406/2893 379/408/2893
f 1523/1597/2894 380/406/2894 382/3026/2894
f 377/328/2895 306/326/2895 363/414/2895
f 383/332/2896 377/328/2896 363/414/2896
f 383/332/2897 363/414/2897 386/415/2897
f 385/412/2898 384/411/2898 1880/1969/2898
f 363/414/2899 387/417/2899 384/411/2899
f 389/1601/2900 378/407/2900 388/1110/2900
f 390/418/2901 311/419/2901 1016/427/2901
f 390/418/2902 368/3023/2902 391/335/2902
f 314/334/2903 366/381/2903 392/336/2903
f 355/382/75 366/381/75 314/334/75
f 394/401/2904 314/334/2904 393/338/2904
f 395/420/2905 394/401/2905 372/422/2905
f 394/401/2906 393/338/2906 372/422/2906
f 373/425/2907 307/405/2907 308/341/2907
f 396/423/2908 397/424/2908 308/341/2908
f 1021/1108/2909 397/424/2909 396/423/2909
f 381/426/2910 373/425/2910 397/424/2910
f 313/346/2911 392/336/2911 323/347/2911
f 396/423/2912 318/339/2912 326/350/2912
f 958/1033/2913 396/423/2913 400/349/2913
f 388/1110/2914 378/407/2914 1021/1108/2914
f 402/432/253 403/431/253 425/447/253
f 404/2958/2915 426/457/2915 435/459/2915
f 404/2958/2916 425/447/2916 426/457/2916
f 2991/436/2917 406/476/2917 412/497/2917
f 407/464/2918 2992/437/2918 2994/483/2918
f 2996/487/2919 454/3027/2919 2998/503/2919
f 2996/487/2920 453/493/2920 454/3027/2920
f 10/94/121 2986/2995/121 2985/3028/121
f 10/94/121 2985/3028/121 2988/3029/121
f 10/94/121 2988/3029/121 2989/3025/121
f 2958/3030/2921 411/439/2921 410/95/2921 2959/3031/2921
f 410/95/2922 2987/3024/2922 2959/3031/2922
f 465/2986/2923 414/3032/2923 2999/505/2923 464/504/2923
f 2990/498/2924 513/98/2924 413/552/2924
f 2951/3033/2925 415/507/2925 411/439/2925 2952/3034/2925
f 411/439/314 2958/3030/314 2957/3035/314
f 411/439/314 2957/3035/314 2956/440/314
f 411/439/314 2954/442/314 2953/3036/314
f 411/439/314 2953/3036/314 2952/3034/314
f 430/452/2926 425/447/2926 420/446/2926 3038/450/2926
f 415/507/2927 2951/3033/2927 2950/3037/2927
f 413/552/2928 467/553/2928 417/2980/2928
f 445/479/2929 2993/478/2929 2963/508/2929
f 420/446/2930 3039/448/2930 3038/450/2930
f 3044/453/90 3045/3038/90 423/456/90
f 426/457/2931 403/431/2931 424/458/2931
f 454/3027/2932 453/493/2932 441/473/2932 455/472/2932
f 428/525/121 425/447/121 430/452/121
f 426/457/2933 427/449/2933 420/446/2933
f 425/447/2934 427/449/2934 426/457/2934
f 428/525/2935 427/449/2935 425/447/2935
f 429/522/2936 427/449/2936 428/525/2936
f 3033/434/2937 43/52/2937 431/54/2937
f 3033/434/2938 431/54/2938 432/463/2938
f 44/53/2939 46/462/2939 432/463/2939
f 432/463/2940 45/55/2940 65/73/2940
f 424/458/79 403/431/79 433/435/79
f 433/435/2941 432/463/2941 434/465/2941
f 434/465/2942 432/463/2942 65/73/2942
f 436/466/2943 435/459/2943 438/468/2943
f 438/468/2944 424/458/2944 434/465/2944
f 438/468/2945 439/538/2945 436/466/2945
f 437/470/2946 496/469/2946 440/488/2946
f 442/471/2947 500/543/2947 444/475/2947
f 2991/436/2948 405/438/2948 406/476/2948
f 405/438/2949 2992/437/2949 407/464/2949
f 408/481/2950 446/467/2950 447/486/2950
f 407/464/2951 2993/478/2951 409/477/2951
f 448/490/2952 407/464/2952 409/477/2952
f 461/491/2953 409/477/2953 445/479/2953
f 449/484/2954 438/468/2954 407/464/2954
f 449/484/2955 407/464/2955 448/490/2955
f 436/466/2956 437/470/2956 451/482/2956
f 447/486/2957 446/467/2957 451/482/2957
f 452/489/2958 451/482/2958 448/490/2958
f 1085/492/2959 452/489/2959 448/490/2959
f 448/490/2960 409/477/2960 461/491/2960
f 440/488/2961 449/484/2961 448/490/2961
f 495/541/2962 486/533/2962 497/540/2962 496/469/2962
f 454/3027/2963 456/494/2963 2998/503/2963
f 453/493/2964 452/489/2964 1085/492/2964
f 457/495/2965 454/3027/2965 455/472/2965
f 454/3027/2966 457/495/2966 456/494/2966
f 457/495/2967 441/473/2967 453/493/2967
f 458/617/2968 457/495/2968 455/472/2968
f 458/617/2969 455/472/2969 459/496/2969
f 2990/498/2970 460/99/2970 513/98/2970
f 406/476/75 65/73/75 90/97/75
f 460/99/2971 412/497/2971 90/97/2971
f 518/554/2972 462/499/2972 419/500/2972
f 461/491/2973 463/501/2973 1083/510/2973
f 2998/503/2974 456/494/2974 464/504/2974
f 465/2986/2975 464/504/2975 1085/492/2975
f 89/3005/2976 410/95/2976 466/506/2976
f 416/2943/2977 18/113/2977 415/507/2977
f 417/2980/2978 467/553/2978 418/443/2978
f 445/479/2979 2963/508/2979 419/500/2979
f 3036/511/2980 3039/448/2980 427/449/2980
f 3030/461/1 112/117/1 471/124/1
f 472/520/1806 544/574/1806 473/515/1806
f 470/512/2981 427/449/2981 429/522/2981
f 476/514/2982 3044/453/2982 422/455/2982
f 3030/461/2946 471/124/2946 46/462/2946
f 472/520/2983 478/521/2983 491/595/2983
f 480/524/2984 429/522/2984 428/525/2984
f 473/515/2985 470/512/2985 481/523/2985
f 482/586/2986 481/523/2986 480/524/2986
f 483/530/2987 474/451/2987 475/535/2987
f 483/530/2988 475/535/2988 484/531/2988
f 422/455/2989 421/454/2989 423/456/2989
f 488/589/2990 477/517/2990 422/455/2990
f 488/589/2991 422/455/2991 423/456/2991
f 484/531/2992 477/517/2992 489/536/2992
f 477/517/2993 488/589/2993 489/536/2993
f 490/591/2994 488/589/2994 423/456/2994
f 131/144/2995 48/59/2995 46/462/2995
f 492/529/2996 491/595/2996 478/521/2996
f 439/538/2997 478/521/2997 493/527/2997
f 494/539/2998 478/521/2998 439/538/2998
f 494/539/2999 492/529/2999 478/521/2999
f 495/541/3000 493/527/3000 494/539/3000
f 496/469/3001 497/540/3001 507/550/3001
f 496/469/3002 493/527/3002 495/541/3002
f 508/542/3003 509/615/3003 498/588/3003 486/533/3003
f 443/474/3004 484/531/3004 500/543/3004
f 158/168/3005 502/613/3005 504/549/3005
f 503/546/3006 438/468/3006 450/485/3006
f 494/539/3007 438/468/3007 503/546/3007
f 502/613/3008 503/546/3008 450/485/3008
f 502/613/3009 450/485/3009 504/549/3009
f 495/541/3010 494/539/3010 505/545/3010
f 506/547/3011 505/545/3011 503/546/3011
f 505/545/3012 506/547/3012 450/485/3012
f 504/549/3013 450/485/3013 506/547/3013
f 503/546/3014 502/613/3014 506/547/3014
f 505/545/3015 449/484/3015 440/488/3015
f 508/542/409 505/545/409 507/550/409
f 457/495/3016 510/544/3016 443/474/3016 441/473/3016
f 509/615/3017 508/542/3017 510/544/3017
f 194/209/3018 530/629/3018 529/3039/3018 193/3014/3018
f 510/544/3019 457/495/3019 458/617/3019
f 497/540/3020 484/531/3020 507/550/3020
f 467/553/3021 513/98/3021 515/556/3021
f 513/98/3022 172/169/3022 514/183/3022
f 513/98/3023 514/183/3023 515/556/3023
f 514/183/3024 158/168/3024 518/554/3024
f 517/555/3025 514/183/3025 518/554/3025
f 519/620/3026 517/555/3026 518/554/3026
f 518/554/3027 504/549/3027 521/559/3027
f 462/499/2599 522/560/2599 523/561/2599
f 524/558/3028 519/620/3028 518/554/3028
f 526/502/3029 462/499/3029 523/561/3029
f 526/502/3030 523/561/3030 528/1177/3030
f 175/186/3031 176/188/3031 529/3039/3031
f 530/629/3032 175/186/3032 529/3039/3032
f 529/3039/1738 176/188/1738 193/3014/1738
f 530/629/3033 531/628/3033 512/551/3033 175/186/3033
f 583/630/3034 530/629/3034 194/209/3034 196/252/3034
f 559/587/3035 560/598/3035 561/600/3035 557/584/3035
f 515/556/3036 516/619/3036 467/553/3036
f 1082/633/3037 419/500/3037 469/509/3037
f 524/558/3038 419/500/3038 1082/633/3038
f 525/623/3039 524/558/3039 1082/633/3039
f 528/1177/3040 523/561/3040 1128/565/3040
f 523/561/3041 527/563/3041 1130/1229/3041
f 115/125/3042 205/215/3042 207/567/3042
f 533/566/3043 115/125/3043 207/567/3043
f 534/569/3044 533/566/3044 535/568/3044
f 537/637/3045 3032/571/3045 536/573/3045
f 545/570/3046 588/638/3046 536/573/3046
f 3032/571/90 3035/575/90 539/572/90
f 544/574/3047 536/573/3047 538/516/3047
f 3035/575/3048 3036/511/3048 538/516/3048
f 474/451/3049 3038/450/3049 589/577/3049
f 551/590/1738 3043/513/1738 541/518/1738
f 543/580/3050 533/566/3050 534/569/3050
f 544/574/314 472/520/314 491/595/314
f 545/570/3051 536/573/3051 554/581/3051
f 547/582/3052 546/644/3052 558/583/3052
f 482/586/3053 487/534/3053 550/3040/3053
f 482/586/3054 550/3040/3054 560/598/3054
f 560/598/3055 550/3040/3055 563/599/3055
f 498/588/3056 483/530/3056 486/533/3056
f 550/3040/3057 487/534/3057 563/599/3057
f 551/590/3058 488/589/3058 490/591/3058
f 490/591/3059 3043/513/3059 551/590/3059
f 543/580/3060 534/569/3060 545/570/3060
f 552/519/3061 543/580/3061 567/592/3061
f 554/581/3062 491/595/3062 492/529/3062
f 554/581/3063 555/643/3063 556/596/3063
f 545/570/3064 556/596/3064 567/592/3064
f 556/596/3065 555/643/3065 615/642/3065
f 558/583/3066 555/643/3066 554/581/3066
f 558/583/3067 546/644/3067 555/643/3067
f 558/583/3068 492/529/3068 557/584/3068
f 559/587/3069 482/586/3069 560/598/3069
f 564/602/3070 597/605/3070 551/590/3070 540/576/3070
f 562/597/3071 561/600/3071 560/598/3071
f 562/597/2511 563/599/2511 574/611/2511
f 489/536/3072 551/590/3072 499/537/3072
f 500/543/3073 597/605/3073 501/603/3073
f 547/582/3074 593/648/3074 592/647/3074 590/645/3074
f 501/603/3075 597/605/3075 458/617/3075
f 158/168/3076 227/238/3076 566/608/3076
f 158/168/3077 566/608/3077 570/609/3077
f 570/609/3078 567/592/3078 571/610/3078
f 158/168/3079 570/609/3079 502/613/3079
f 502/613/3080 572/548/3080 506/547/3080
f 572/548/3081 573/612/3081 578/614/3081
f 574/611/3082 563/599/3082 509/615/3082
f 563/599/3083 487/534/3083 509/615/3083
f 574/611/3084 509/615/3084 576/624/3084
f 509/615/3085 575/616/3085 576/624/3085
f 574/611/3086 576/624/3086 581/622/3086
f 2997/606/3087 501/603/3087 458/617/3087
f 568/607/3088 161/190/3088 511/249/3088
f 577/618/3089 511/249/3089 512/551/3089
f 515/556/3090 577/618/3090 516/619/3090
f 577/618/3091 515/556/3091 517/555/3091
f 577/618/3092 517/555/3092 519/620/3092
f 520/557/3093 578/614/3093 522/560/3093
f 523/561/2599 522/560/2599 580/562/2599
f 522/560/3094 578/614/3094 581/622/3094
f 522/560/3095 581/622/3095 580/562/3095
f 580/562/3096 581/622/3096 579/625/3096
f 582/627/3097 580/562/3097 584/626/3097
f 1215/632/75 516/619/75 531/628/75
f 579/625/3098 525/623/3098 584/626/3098
f 535/568/3099 587/639/3099 545/570/3099
f 545/570/3100 587/639/3100 608/3041/3100
f 586/657/314 3032/571/314 537/637/314
f 545/570/3101 608/3041/3101 588/638/3101
f 546/644/3102 616/641/3102 555/643/3102
f 591/646/3103 546/644/3103 590/645/3103
f 458/617/3104 602/677/3104 601/676/3104 575/616/3104
f 593/648/3105 547/582/3105 561/600/3105
f 589/577/3106 612/661/3106 622/650/3106
f 279/640/3107 553/593/3107 569/594/3107
f 594/649/3108 561/600/3108 562/597/3108
f 595/601/3109 596/671/3109 598/651/3109
f 597/605/3110 598/651/3110 625/674/3110
f 597/605/3111 625/674/3111 633/681/3111
f 556/596/3112 615/642/3112 571/610/3112
f 570/609/3113 599/675/3113 502/613/3113
f 594/649/3114 562/597/3114 573/612/3114
f 575/616/3115 601/676/3115 576/624/3115
f 602/677/3116 458/617/3116 597/605/3116 633/681/3116
f 576/624/3117 601/676/3117 600/653/3117
f 579/625/3118 600/653/3118 634/621/3118 519/620/3118
f 603/654/3119 569/594/3119 511/249/3119
f 603/654/3120 511/249/3120 577/618/3120
f 634/621/3121 603/654/3121 577/618/3121
f 519/620/3122 525/623/3122 579/625/3122
f 594/649/3123 617/705/3123 611/660/3123 593/648/3123
f 585/634/3124 605/1351/3124 647/656/3124
f 3031/280/3125 3065/695/3125 609/659/3125
f 587/639/3126 609/659/3126 608/3041/3126
f 616/641/3127 586/657/3127 537/637/3127
f 589/577/1 3037/636/1 612/661/1
f 607/702/3128 3041/662/3128 613/664/3128
f 279/640/3129 275/281/3129 609/659/3129
f 279/640/3130 609/659/3130 587/639/3130
f 608/3041/3131 609/659/3131 614/665/3131
f 608/3041/3132 614/665/3132 279/640/3132
f 608/3041/3133 279/640/3133 615/642/3133
f 609/659/3134 344/375/3134 614/665/3134
f 588/638/3135 608/3041/3135 615/642/3135
f 616/641/3136 546/644/3136 591/646/3136
f 591/646/3137 586/657/3137 616/641/3137
f 611/660/3138 610/658/3138 593/648/3138
f 637/684/3139 635/685/3139 601/676/3139 630/678/3139
f 612/661/3140 682/666/3140 622/650/3140
f 613/664/3141 3042/663/3141 624/670/3141
f 615/642/75 279/640/75 604/655/75
f 620/726/3142 594/649/3142 618/667/3142
f 617/705/3143 594/649/3143 620/726/3143
f 595/601/3144 622/650/3144 596/671/3144
f 596/671/3145 622/650/3145 618/667/3145
f 618/667/3146 594/649/3146 619/673/3146
f 596/671/3147 618/667/3147 619/673/3147
f 613/664/3148 624/670/3148 598/651/3148
f 625/674/3149 598/651/3149 624/670/3149
f 625/674/3150 613/664/3150 623/672/3150
f 626/740/3151 625/674/3151 624/670/3151
f 626/740/1072 624/670/1072 3040/669/1072
f 604/655/3152 279/640/3152 569/594/3152
f 570/609/3153 615/642/3153 599/675/3153
f 502/613/3154 599/675/3154 627/652/3154
f 627/652/3155 599/675/3155 634/621/3155
f 619/673/3156 594/649/3156 627/652/3156
f 653/668/3157 612/661/3157 611/660/3157 617/705/3157
f 602/677/3158 633/681/3158 630/678/3158
f 633/681/3159 625/674/3159 619/673/3159
f 631/683/3160 630/678/3160 633/681/3160
f 631/683/3161 633/681/3161 632/750/3161
f 633/681/3162 691/682/3162 632/750/3162
f 604/655/121 603/654/121 634/621/121
f 600/653/3163 601/676/3163 635/685/3163
f 635/685/3164 634/621/3164 600/653/3164
f 628/679/3165 635/685/3165 636/686/3165
f 1301/752/3166 628/679/3166 636/686/3166
f 637/684/3167 640/753/3167 639/688/3167
f 631/683/90 632/750/90 638/687/90
f 1301/752/3168 636/686/3168 643/690/3168
f 636/686/3169 639/688/3169 644/691/3169
f 605/1351/3170 644/691/3170 646/1380/3170
f 644/691/3171 1300/1379/3171 646/1380/3171
f 605/1351/3172 646/1380/3172 647/656/3172
f 3067/692/3173 654/701/3173 648/693/3173
f 3065/695/3174 3064/361/3174 333/697/3174
f 344/375/3175 3065/695/3175 333/697/3175
f 3066/1948/3176 3067/692/3176 650/698/3176
f 649/696/424 336/367/424 651/699/424
f 617/705/3177 652/694/3177 653/668/3177
f 652/694/3178 648/693/3178 653/668/3178
f 690/731/3179 681/1976/3179 1885/1965/3179 677/729/3179
f 3068/2935/3180 3085/742/3180 687/739/3180
f 346/376/3181 333/697/3181 649/696/3181
f 346/376/3182 649/696/3182 671/704/3182
f 649/696/3183 651/699/3183 671/704/3183
f 650/698/3184 652/694/3184 671/704/3184
f 658/709/3185 656/708/3185 659/3042/3185
f 659/3042/3186 656/708/3186 679/712/3186
f 662/1956/3187 656/708/3187 660/710/3187
f 657/707/3188 658/709/3188 664/715/3188
f 666/717/3189 660/710/3189 657/707/3189
f 667/718/3190 657/707/3190 665/716/3190
f 673/721/3191 670/719/3191 1878/1970/3191
f 671/704/3192 652/694/3192 674/724/3192
f 655/706/3193 617/705/3193 621/727/3193
f 655/706/3194 676/714/3194 677/729/3194
f 677/729/3195 678/728/3195 692/730/3195
f 680/732/3196 655/706/3196 677/729/3196
f 679/712/3197 1865/733/3197 1866/1964/3197
f 679/712/3198 1866/1964/3198 1870/736/3198
f 618/667/3199 682/666/3199 621/727/3199 620/726/3199
f 679/712/3200 665/716/3200 664/715/3200 659/3042/3200
f 676/714/3201 621/727/3201 682/666/3201
f 676/714/3202 648/693/3202 683/734/3202
f 664/715/1738 658/709/1738 659/3042/1738
f 625/674/3203 686/703/3203 607/702/3203 613/664/3203
f 692/730/3204 678/728/3204 698/1980/3204
f 1869/737/3205 676/714/3205 683/734/3205
f 676/714/3206 1869/737/3206 678/728/3206
f 706/760/3207 642/762/3207 641/1381/3207 1299/1473/3207
f 686/703/3208 625/674/3208 626/740/3208
f 648/693/3209 654/701/3209 686/703/3209
f 687/739/579 683/734/579 686/703/579
f 626/740/3210 3068/2935/3210 687/739/3210
f 688/743/3211 671/704/3211 385/412/3211
f 1878/1970/1591 670/719/1591 688/743/1591
f 671/704/90 689/723/90 385/412/90
f 689/723/3212 1863/722/3212 1881/1974/3212
f 693/745/3213 692/730/3213 691/682/3213
f 691/682/3214 696/747/3214 699/748/3214
f 697/1984/3215 694/744/3215 695/746/3215
f 691/682/3214 699/748/3214 632/750/3214
f 632/750/2280 700/749/2280 701/757/2280
f 700/749/3216 699/748/3216 640/753/3216
f 703/413/3217 385/412/3217 702/751/3217
f 1897/1992/3218 703/413/3218 702/751/3218
f 640/753/3219 699/748/3219 705/754/3219
f 735/800/3220 99/799/3220 100/103/3220 733/797/3220
f 384/411/3221 703/413/3221 707/759/3221
f 384/411/3222 707/759/3222 708/758/3222
f 1299/1473/3223 708/758/3223 706/760/3223
f 710/803/3224 2914/767/3224 2915/3043/3224
f 710/803/3225 2915/3043/3225 2916/804/3225
f 108/109/3226 2925/771/3226 2927/806/3226
f 713/772/3227 2925/771/3227 108/109/3227
f 715/775/3228 2926/774/3228 2924/1157/3228
f 2895/3044/3229 717/813/3229 720/776/3229
f 719/780/2395 2897/779/2395 716/815/2395
f 712/805/3230 2916/804/3230 2899/823/3230
f 2894/778/3231 718/814/3231 747/783/3231
f 2898/782/3232 725/785/3232 754/786/3232
f 721/817/314 722/816/314 2888/789/314
f 726/846/314 2896/3045/314 2884/3046/314
f 726/846/121 2884/3046/121 727/828/121
f 727/828/121 2884/3046/121 2886/787/121
f 2882/3047/253 781/3048/253 2883/3049/253
f 2885/791/3233 793/863/3233 2887/866/3233
f 2887/866/1 730/794/1 732/796/1
f 69/102/3234 98/104/3234 733/797/3234
f 734/873/3235 96/798/3235 733/797/3235
f 733/797/3236 98/104/3236 97/764/3236
f 735/800/3237 733/797/3237 97/764/3237
f 735/800/3238 97/764/3238 2913/766/3238
f 736/801/3239 716/815/3239 711/769/3239 737/768/3239
f 734/873/3240 733/797/3240 100/103/3240
f 102/802/3241 2914/767/3241 710/803/3241
f 737/768/3242 101/14/3242 736/801/3242
f 738/875/3243 102/802/3243 710/803/3243
f 710/803/3244 712/805/3244 739/111/3244
f 739/111/3245 2919/770/3245 713/772/3245
f 2919/770/3246 739/111/3246 745/781/3246
f 713/772/3247 81/89/3247 739/111/3247
f 108/109/3248 2926/774/3248 714/773/3248
f 714/773/3249 740/807/3249 108/109/3249
f 741/808/3097 714/773/3097 715/775/3097
f 742/810/3250 92/100/3250 108/109/3250
f 742/810/3251 108/109/3251 740/807/3251
f 758/833/3252 727/828/3252 755/827/3252 757/832/3252
f 2894/778/3253 719/780/3253 718/814/3253
f 719/780/3254 736/801/3254 746/777/3254
f 745/781/621 748/812/621 725/785/621
f 2891/819/121 2892/3050/121 2893/784/121
f 2896/3045/3255 750/900/3255 723/820/3255
f 750/900/3256 2896/3045/3256 726/846/3256
f 751/821/3257 748/812/3257 712/805/3257
f 725/785/3258 748/812/3258 756/829/3258
f 755/827/3259 754/786/3259 756/829/3259
f 762/1259/3260 761/835/3260 760/837/3260
f 755/827/3261 828/831/3261 757/832/3261
f 2881/842/253 835/909/253 771/843/253
f 759/836/3262 761/835/3262 766/1208/3262
f 766/1208/3263 761/835/3263 769/841/3263
f 767/1209/3264 766/1208/3264 769/841/3264
f 769/841/3265 761/835/3265 768/839/3265
f 761/835/3266 763/915/3266 768/839/3266
f 769/841/3267 840/840/3267 770/937/3267
f 774/848/3268 773/847/3268 765/826/3268
f 765/826/3269 997/838/3269 774/848/3269
f 748/812/3270 752/825/3270 765/826/3270
f 758/833/3271 780/921/3271 775/830/3271 727/828/3271
f 758/833/3272 721/817/3272 728/788/3272
f 777/853/3273 758/833/3273 1098/851/3273
f 777/853/687 778/852/687 779/934/687
f 787/925/3274 782/854/3274 771/843/3274 836/910/3274
f 854/933/314 777/853/314 779/934/314
f 781/3048/3275 2880/844/3275 782/854/3275
f 2883/3049/3276 781/3048/3276 783/2969/3276
f 783/2969/3277 781/3048/3277 782/854/3277
f 783/2969/3278 782/854/3278 786/856/3278
f 742/810/3279 743/809/3279 95/101/3279 92/100/3279
f 785/858/3280 764/845/3280 790/859/3280
f 790/859/3281 764/845/3281 789/860/3281
f 784/855/3282 790/859/3282 2866/868/3282
f 772/912/3283 764/845/3283 785/858/3283
f 785/858/3284 784/855/3284 791/930/3284
f 792/861/3285 790/859/3285 789/860/3285
f 784/855/3286 788/857/3286 791/930/3286
f 790/859/3287 851/862/3287 850/867/3287
f 764/845/3288 795/849/3288 794/793/3288
f 794/793/3289 795/849/3289 793/863/3289
f 798/864/3290 794/793/3290 796/865/3290
f 793/863/3291 795/849/3291 796/865/3291
f 2887/866/3292 796/865/3292 730/794/3292
f 730/794/3293 796/865/3293 797/795/3293
f 797/795/3294 796/865/3294 794/793/3294
f 786/856/3295 784/855/3295 2866/868/3295
f 797/795/3296 794/793/3296 799/869/3296
f 183/196/3297 263/197/3297 918/874/3297
f 184/876/3298 141/155/3298 738/875/3298
f 187/944/3299 186/203/3299 810/878/3299
f 184/876/3300 804/879/3300 802/884/3300
f 805/880/3301 803/877/3301 190/206/3301
f 192/207/3302 808/251/3302 805/880/3302 191/205/3302
f 192/207/3303 95/101/3303 743/809/3303
f 744/811/3304 192/207/3304 743/809/3304
f 192/207/3305 744/811/3305 806/881/3305
f 825/901/3306 750/900/3306 826/903/3306 815/888/3306
f 808/251/3307 192/207/3307 806/881/3307
f 801/872/669 800/871/669 809/883/669
f 810/878/3308 802/884/3308 811/885/3308
f 809/883/685 811/885/685 801/872/685
f 811/885/3309 802/884/3309 812/886/3309
f 816/892/3310 817/890/3310 829/3051/3310
f 749/818/3311 817/890/3311 818/891/3311
f 814/952/3312 806/881/3312 817/890/3312
f 824/3052/3313 819/895/3313 822/897/3313
f 829/3051/3314 828/831/3314 831/3053/3314 830/961/3314
f 813/887/3315 874/957/3315 815/888/3315
f 828/831/3316 756/829/3316 831/3053/3316
f 830/961/3317 816/892/3317 829/3051/3317
f 864/947/3318 862/946/3318 871/953/3318 922/956/3318
f 832/906/1991 830/961/1991 831/3053/1991
f 829/3051/3319 817/890/3319 833/834/3319
f 828/831/3320 829/3051/3320 833/834/3320
f 834/907/3321 761/835/3321 762/1259/3321
f 761/835/3322 834/907/3322 763/915/3322
f 762/1259/3323 819/895/3323 834/907/3323
f 821/896/3324 819/895/3324 762/1259/3324
f 834/907/3325 831/3053/3325 763/915/3325
f 834/907/3326 819/895/3326 823/899/3326
f 832/906/3327 831/3053/3327 834/907/3327
f 827/905/3328 750/900/3328 837/911/3328
f 838/913/3329 831/3053/3329 776/850/3329
f 763/915/3330 831/3053/3330 838/913/3330
f 768/839/3331 763/915/3331 840/840/3331
f 840/840/3332 839/914/3332 843/917/3332
f 836/910/3333 835/909/3333 2879/927/3333
f 774/848/3334 997/838/3334 795/849/3334
f 831/3053/3335 756/829/3335 776/850/3335
f 776/850/3336 846/922/3336 844/919/3336
f 839/914/3337 776/850/3337 844/919/3337
f 841/995/3143 839/914/3143 845/920/3143
f 776/850/3338 775/830/3338 780/921/3338
f 846/922/3339 758/833/3339 777/853/3339
f 846/922/3340 777/853/3340 854/933/3340
f 846/922/3341 776/850/3341 780/921/3341
f 770/937/3342 840/840/3342 856/924/3342
f 849/926/3343 2879/927/3343 2878/928/3343
f 782/854/3344 849/926/3344 788/857/3344
f 787/925/3345 2879/927/3345 849/926/3345
f 788/857/3346 849/926/3346 848/931/3346
f 848/931/3347 849/926/3347 902/988/3347
f 792/861/3348 789/860/3348 798/864/3348
f 851/862/3349 772/912/3349 791/930/3349
f 851/862/3350 792/861/3350 772/912/3350
f 851/862/3351 791/930/3351 848/931/3351
f 852/983/3352 772/912/3352 792/861/3352
f 798/864/3353 852/983/3353 792/861/3353
f 845/920/3354 844/919/3354 847/923/3354
f 847/923/3355 1194/936/3355 845/920/3355
f 856/924/3356 857/939/3356 858/940/3356
f 804/879/1 860/943/1 802/884/1
f 859/942/3357 803/877/3357 805/880/3357
f 196/252/3358 808/251/3358 861/945/3358
f 809/883/3359 918/874/3359 865/3054/3359
f 865/3054/3360 918/874/3360 866/972/3360
f 809/883/3361 865/3054/3361 869/949/3361
f 809/883/3362 869/949/3362 811/885/3362
f 868/950/3363 812/886/3363 860/943/3363
f 860/943/75 187/944/75 869/949/75
f 868/950/3364 860/943/3364 869/949/3364
f 869/949/75 865/3054/75 867/960/75
f 876/951/3365 869/949/3365 867/960/3365
f 860/943/3366 812/886/3366 802/884/3366
f 870/955/90 871/953/90 885/962/90
f 862/946/3367 861/945/3367 806/881/3367
f 814/952/3368 883/893/3368 830/961/3368 877/963/3368
f 872/954/3369 864/947/3369 873/1003/3369
f 813/887/3370 876/951/3370 874/957/3370
f 875/958/3371 874/957/3371 876/951/3371
f 925/974/3372 877/963/3372 898/964/3372
f 880/969/3373 879/1009/3373 881/970/3373
f 882/898/3374 819/895/3374 824/3052/3374
f 895/976/3375 892/959/3375 875/958/3375 925/974/3375
f 882/898/3376 824/3052/3376 884/1313/3376
f 886/966/3377 882/898/3377 884/1313/3377
f 882/898/3378 886/966/3378 887/968/3378
f 891/1017/121 801/872/121 890/973/121
f 825/901/3379 892/959/3379 894/902/3379
f 866/972/3380 893/904/3380 867/960/3380 865/3054/3380
f 826/903/3381 893/904/3381 866/972/3381 801/872/3381
f 896/977/3382 997/838/3382 753/824/3382 894/902/3382
f 929/1010/3383 931/1066/3383 930/1065/3383 879/1009/3383
f 894/902/3384 892/959/3384 895/976/3384
f 894/902/3385 895/976/3385 896/977/3385
f 898/964/3386 832/906/3386 881/970/3386
f 881/970/3387 879/1009/3387 940/1013/3387
f 940/1013/3388 897/975/3388 898/964/3388
f 881/970/3389 940/1013/3389 898/964/3389
f 881/970/3390 832/906/3390 888/908/3390
f 889/971/3391 881/970/3391 888/908/3391
f 889/971/3392 888/908/3392 887/968/3392
f 1236/978/3393 887/968/3393 1227/967/3393
f 899/981/3394 942/980/3394 837/911/3394
f 839/914/3395 841/995/3395 842/916/3395
f 901/989/3396 899/981/3396 903/990/3396
f 899/981/3397 837/911/3397 906/991/3397
f 842/916/199 841/995/199 900/999/199
f 2877/982/3398 899/981/3398 901/989/3398
f 2878/928/3399 2876/3055/3399 904/929/3399
f 2876/3055/3400 2877/982/3400 904/929/3400
f 904/929/3401 905/986/3401 902/988/3401
f 906/991/3402 852/983/3402 798/864/3402
f 946/1022/3403 903/990/3403 906/991/3403
f 795/849/3404 907/918/3404 853/932/3404
f 853/932/3405 907/918/3405 909/992/3405
f 908/994/3406 853/932/3406 909/992/3406
f 908/994/3407 910/993/3407 916/1025/3407
f 910/993/3408 909/992/3408 912/998/3408
f 900/999/3409 841/995/3409 911/996/3409
f 910/993/3410 911/996/3410 917/997/3410
f 910/993/3411 912/998/3411 911/996/3411
f 913/1000/3412 900/999/3412 912/998/3412
f 843/917/3413 842/916/3413 857/939/3413
f 914/1338/3414 858/940/3414 913/1000/3414
f 914/1338/3415 913/1000/3415 915/1340/3415
f 918/874/3416 263/197/3416 952/1029/3416
f 919/1038/3417 918/874/3417 960/1031/3417
f 870/955/3418 920/1001/3418 922/956/3418
f 918/874/3419 919/1038/3419 890/973/3419
f 890/973/3420 919/1038/3420 923/1040/3420
f 875/958/3421 876/951/3421 924/1006/3421
f 924/1006/3422 876/951/3422 893/904/3422
f 926/1007/3423 924/1006/3423 827/905/3423
f 925/974/3424 926/1007/3424 928/1058/3424
f 935/1068/3425 873/1003/3425 922/956/3425 969/1005/3425
f 879/1009/3426 932/1011/3426 940/1013/3426
f 880/969/3427 972/1014/3427 931/1066/3427 929/1010/3427
f 873/1003/3428 935/1068/3428 933/3056/3428
f 955/1036/3429 962/1046/3429 325/348/3429 326/350/3429
f 972/1014/3430 880/969/3430 934/1015/3430
f 933/3056/3431 935/1068/3431 936/3057/3431
f 934/1015/3432 880/969/3432 889/971/3432
f 941/1016/3433 934/1015/3433 1236/978/3433
f 943/1070/3434 837/911/3434 942/980/3434
f 938/1019/3314 837/911/3314 943/1070/3314
f 944/1021/3435 2873/984/3435 903/990/3435
f 947/1024/3436 853/932/3436 908/994/3436
f 947/1024/3437 908/994/3437 949/1026/3437
f 907/918/3438 1000/1081/3438 909/992/3438
f 909/992/3439 1003/1086/3439 1004/1091/3439
f 912/998/3440 909/992/3440 948/1027/3440
f 909/992/3441 1004/1091/3441 948/1027/3441
f 913/1000/3442 912/998/3442 950/1028/3442
f 951/1030/3443 320/342/3443 2908/279/3443
f 263/197/3444 322/344/3444 952/1029/3444
f 1017/1105/3445 322/344/3445 323/347/3445
f 952/1029/3446 320/342/3446 951/1030/3446
f 918/874/3447 952/1029/3447 960/1031/3447
f 952/1029/3448 321/345/3448 320/342/3448
f 952/1029/3449 322/344/3449 1017/1105/3449
f 324/1107/522 325/348/522 962/1046/522
f 962/1046/3450 956/1035/3450 953/1048/3450
f 981/1059/3451 976/1060/3451 959/1039/3451 980/1045/3451
f 955/1036/3452 318/339/3452 954/1032/3452
f 962/1046/3453 955/1036/3453 956/1035/3453
f 958/1033/3454 955/1036/3454 954/1032/3454
f 957/1034/121 954/1032/121 319/331/121
f 951/1030/75 2908/279/75 2907/1057/75
f 959/1039/3455 919/1038/3455 960/1031/3455
f 959/1039/3456 960/1031/3456 961/3058/3456
f 961/3058/3457 960/1031/3457 977/1041/3457
f 961/3058/3458 1023/1113/3458 959/1039/3458
f 964/1043/3459 1028/1049/3459 965/1044/3459
f 959/1039/3460 1029/1047/3460 963/1042/3460
f 963/1042/3461 962/1046/3461 964/1043/3461
f 966/1050/3462 964/1043/3462 953/1048/3462
f 953/1048/3463 956/1035/3463 920/1001/3463
f 921/1002/3464 953/1048/3464 920/1001/3464
f 956/1035/3465 968/1037/3465 967/1004/3465
f 921/1002/3466 968/1037/3466 953/1048/3466
f 967/1004/3467 968/1037/3467 921/1002/3467
f 935/1068/3468 969/1005/3468 970/1054/3468
f 969/1005/3469 967/1004/3469 971/1051/3469
f 970/1054/3470 969/1005/3470 971/1051/3470
f 973/1053/3471 971/1051/3471 972/1014/3471
f 973/1053/3472 974/1055/3472 970/1054/3472
f 923/1040/3473 959/1039/3473 976/1060/3473
f 979/1114/3474 977/1041/3474 2890/3059/3474 2889/1118/3474
f 977/1041/3475 2907/1057/3475 2890/3059/3475
f 923/1040/3476 978/1124/3476 890/973/3476
f 1023/1113/3477 961/3058/3477 977/1041/3477
f 1010/1090/3478 1008/1089/3478 1007/1088/3478 1339/1087/3478
f 926/1007/3479 981/1059/3479 928/1058/3479
f 927/1008/3480 981/1059/3480 926/1007/3480
f 927/1008/3481 982/1061/3481 981/1059/3481
f 983/1063/3482 982/1061/3482 927/1008/3482
f 976/1060/3483 981/1059/3483 982/1061/3483
f 928/1058/3484 983/1063/3484 985/1064/3484
f 985/1064/3485 927/1008/3485 987/1071/3485
f 928/1058/3486 985/1064/3486 925/974/3486
f 925/974/3487 985/1064/3487 878/965/3487
f 878/965/3488 985/1064/3488 939/1012/3488
f 879/1009/3489 930/1065/3489 932/1011/3489
f 921/1002/3490 870/955/3490 878/965/3490
f 930/1065/3491 921/1002/3491 878/965/3491
f 971/1051/3492 921/1002/3492 931/1066/3492
f 932/1011/3493 930/1065/3493 878/965/3493
f 972/1014/3494 971/1051/3494 931/1066/3494
f 975/1056/3495 973/1053/3495 972/1014/3495
f 975/1056/3496 972/1014/3496 941/1016/3496
f 987/1071/3497 927/1008/3497 938/1019/3497
f 989/1072/3498 896/977/3498 990/1020/3498
f 939/1012/3499 985/1064/3499 990/1020/3499
f 1035/1125/3317 941/1016/3317 991/1073/3317
f 975/1056/3500 941/1016/3500 1035/1125/3500
f 2875/979/3501 992/3060/3501 942/980/3501
f 896/977/3502 989/1072/3502 997/838/3502
f 942/980/3503 992/3060/3503 944/1021/3503
f 994/1075/3504 942/980/3504 944/1021/3504
f 997/838/3505 994/1075/3505 944/1021/3505
f 997/838/3506 944/1021/3506 993/1080/3506
f 995/1078/3507 994/1075/3507 997/838/3507
f 997/838/3508 989/1072/3508 995/1078/3508
f 989/1072/3509 1040/2290/3509 998/1079/3509
f 1035/1125/314 991/1073/314 1007/1088/314
f 993/1080/3510 944/1021/3510 945/1023/3510
f 946/1022/3511 947/1024/3511 999/1099/3511
f 945/1023/3512 946/1022/3512 999/1099/3512
f 1000/1081/3513 945/1023/3513 1001/1083/3513
f 1001/1083/3514 945/1023/3514 999/1099/3514
f 1014/1084/3515 1001/1083/3515 999/1099/3515
f 999/1099/3516 947/1024/3516 1015/1100/3516
f 1000/1081/3517 1001/1083/3517 1003/1086/3517
f 948/1027/3518 1004/1091/3518 1005/3061/3518
f 1005/3061/3519 1004/1091/3519 1006/1101/3519
f 952/1029/3520 1016/427/3520 311/419/3520 321/345/3520
f 1010/1090/547 1339/1087/547 1009/1093/547
f 1004/1091/3521 1010/1090/3521 1011/1098/3521
f 1013/1095/3522 1010/1090/3522 1009/1093/3522
f 1012/1096/3523 1009/1093/3523 1293/1092/3523
f 1010/1090/3524 1013/1095/3524 1011/1098/3524
f 891/1017/3525 937/1018/3525 978/1124/3525 3052/3062/3525
f 1016/427/3526 952/1029/3526 1017/1105/3526
f 1016/427/3527 1017/1105/3527 398/428/3527
f 1019/1106/3528 1017/1105/3528 323/347/3528
f 955/1036/3529 958/1033/3529 1020/1052/3529
f 957/1034/3530 396/423/3530 958/1033/3530
f 1021/1108/3531 957/1034/3531 386/415/3531
f 319/331/3532 383/332/3532 386/415/3532
f 401/430/3533 384/411/3533 708/758/3533
f 401/430/3534 1021/1108/3534 386/415/3534
f 959/1039/3535 1023/1113/3535 1025/1112/3535
f 1023/1113/3536 1024/1103/3536 1025/1112/3536
f 1025/1112/3537 1026/1102/3537 1027/1115/3537
f 965/1044/3538 1028/1049/3538 984/1062/3538
f 1020/1052/75 399/429/75 1029/1047/75
f 966/1050/3539 1020/1052/3539 1029/1047/3539
f 1022/1111/3540 401/430/3540 1030/1109/3540
f 3055/1117/3541 1024/1103/3541 979/1114/3541
f 923/1040/3542 1032/1116/3542 978/1124/3542
f 1032/1116/3543 3052/3062/3543 978/1124/3543
f 1031/1119/3544 3052/3062/3544 1032/1116/3544
f 1034/1121/3545 975/1056/3545 1035/1125/3545
f 1067/1094/3546 1008/1089/3546 1004/1091/3546 1065/3063/3546
f 988/1069/3547 2184/2287/3547 989/1072/3547
f 1040/2290/3548 2199/2299/3548 1041/1136/3548
f 1043/1129/3549 2195/1127/3549 996/1076/3549
f 2195/1127/3550 1043/1129/3550 1044/1130/3550
f 2195/1127/3551 1044/1130/3551 1039/1131/3551
f 1053/1082/3552 1044/1130/3552 1056/1133/3552
f 1045/2298/3553 1043/1129/3553 995/1078/3553
f 1046/1134/3554 995/1078/3554 998/1079/3554
f 1045/2298/121 995/1078/121 1046/1134/121
f 1048/1135/3555 998/1079/3555 1047/1138/3555
f 998/1079/3556 1040/2290/3556 1041/1136/3556
f 1041/1136/3557 1042/1139/3557 1049/1137/3557
f 1047/1138/3558 998/1079/3558 1041/1136/3558
f 1051/1142/3559 1039/1131/3559 1050/1144/3559
f 3046/1143/90 1051/1142/90 1069/1156/90
f 1001/1083/3560 1053/1082/3560 1055/1148/3560
f 1054/1145/3561 1039/1131/3561 1053/1082/3561
f 1057/1146/3562 1054/1145/3562 1053/1082/3562
f 1053/1082/3563 1056/1133/3563 1055/1148/3563
f 1055/1148/3564 1056/1133/3564 1057/1146/3564
f 1055/1148/3565 1057/1146/3565 1002/1147/3565
f 1056/1133/3566 1054/1145/3566 1057/1146/3566
f 1001/1083/3439 1055/1148/3439 1059/1085/3439
f 1059/1085/3567 1060/1150/3567 1064/1153/3567
f 1063/1154/3568 1058/1149/3568 1002/1147/3568
f 1061/1151/3569 1058/1149/3569 1066/1141/3569
f 1004/1091/3570 1059/1085/3570 1064/1153/3570
f 1004/1091/3571 1064/1153/3571 1065/3063/3571
f 1064/1153/3572 1066/1141/3572 1065/3063/3572
f 1065/3063/3573 1066/1141/3573 1063/1154/3573
f 1065/3063/3574 1063/1154/3574 1067/1094/3574
f 1134/1182/3575 1089/1180/3575 1086/1178/3575 1135/1233/3575
f 1013/1095/3576 1035/1125/3576 1067/1094/3576
f 1435/1513/3577 1012/1096/3577 1366/1451/3577
f 1070/3064/3578 1080/1159/3578 2942/1158/3578
f 1070/3064/3579 741/808/3579 1080/1159/3579
f 1072/1174/3393 2944/1173/3393 2945/3065/3393
f 1072/1174/3580 2945/3065/3580 2946/1160/3580
f 1076/1169/3581 2901/1168/3581 1075/1194/3581
f 1075/1194/314 2901/1168/314 2903/1195/314
f 1079/1196/121 2903/1195/121 2904/1203/121
f 740/807/3582 1070/3064/3582 2944/1173/3582
f 1070/3064/3583 740/807/3583 741/808/3583
f 744/811/3584 742/810/3584 740/807/3584
f 1072/1174/3585 2946/1160/3585 1071/1176/3585
f 467/553/3586 1072/1174/3586 1071/1176/3586
f 418/443/3587 467/553/3587 1071/1176/3587
f 468/444/3588 418/443/3588 1071/1176/3588
f 1083/510/3589 468/444/3589 1071/1176/3589
f 469/509/3590 468/444/3590 1083/510/3590
f 715/775/121 2924/1157/121 1080/1159/121
f 1133/1234/3299 1086/1178/3299 1087/1179/3299
f 2964/1163/3591 1088/1165/3591 1073/1181/3591
f 1089/1180/3592 1084/1162/3592 1086/1178/3592
f 1179/1206/3593 1104/1200/3593 1105/1202/3593 1173/1265/3593
f 1090/1185/3594 2966/1164/3594 2965/3066/3594
f 1090/1185/3595 2965/3066/3595 2905/1171/3595
f 1091/1183/3596 2966/1164/3596 1090/1185/3596
f 1092/1184/3597 1091/1183/3597 1090/1185/3597
f 1087/1179/3598 1084/1162/3598 2960/1161/3598
f 1094/1248/121 2960/1161/121 1074/1167/121
f 1093/1187/3599 1076/1169/3599 1075/1194/3599
f 1074/1167/3600 1076/1169/3600 1093/1187/3600
f 1073/1181/3601 1093/1187/3601 1103/1199/3601
f 1141/1186/3602 2905/1171/3602 1077/1170/3602
f 1078/1189/3603 1097/1191/3603 1098/851/3603
f 1102/1197/3604 1075/1194/3604 1079/1196/3604
f 1093/1187/3605 1075/1194/3605 1103/1199/3605
f 1173/1265/3299 1105/1202/3299 1117/1201/3299
f 1106/1204/3606 1107/1198/3606 1103/1199/3606
f 1106/1204/3607 1104/1200/3607 1179/1206/3607
f 1110/1210/3608 1111/1276/3608 1100/1193/3608 759/836/3608
f 1106/1204/3609 1108/1207/3609 1119/1205/3609
f 1181/1277/3610 1110/1210/3610 769/841/3610 770/937/3610
f 1116/1216/3611 1109/1212/3611 1101/1211/3611 1168/1260/3611
f 1167/1264/3612 1163/1190/3612 1149/1244/3612 1152/1250/3612
f 1102/1197/3613 1107/1198/3613 1119/1205/3613
f 1098/851/3614 1097/1191/3614 1112/1213/3614
f 1114/1214/3615 1098/851/3615 1112/1213/3615
f 1098/851/3616 1114/1214/3616 778/852/3616
f 778/852/1865 1115/1215/1865 1113/935/1865
f 1118/1217/3617 1117/1201/3617 1119/1205/3617
f 1123/1221/314 1120/1220/314 2868/2947/314
f 1125/1300/3618 744/811/3618 1081/1175/3618
f 463/501/3619 526/502/3619 528/1177/3619
f 1128/565/3620 1126/1226/3620 528/1177/3620
f 1127/1304/3621 1126/1226/3621 1128/565/3621
f 1131/564/3622 523/561/3622 1129/1230/3622
f 1128/565/3623 1131/564/3623 1142/1237/3623
f 1142/1237/3624 1131/564/3624 1144/1232/3624
f 1217/1305/3625 1131/564/3625 1129/1230/3625
f 806/881/90 807/882/90 1148/889/90
f 1086/1178/197 1133/1234/197 1135/1233/197
f 1136/1227/3626 1128/565/3626 1137/1238/3626
f 1134/1182/3627 1135/1233/3627 1136/1227/3627
f 1134/1182/3628 1136/1227/3628 1137/1238/3628
f 1138/1235/3629 1136/1227/3629 1135/1233/3629
f 1139/1228/3630 1138/1235/3630 1134/1182/3630
f 1139/1228/3631 1134/1182/3631 1137/1238/3631
f 1140/1303/3632 1139/1228/3632 1137/1238/3632
f 1092/1184/3633 1141/1186/3633 1144/1232/3633
f 1141/1186/3634 1142/1237/3634 1144/1232/3634
f 1137/1238/3635 1142/1237/3635 1141/1186/3635
f 1143/1239/3636 1137/1238/3636 1141/1186/3636
f 1144/1232/3637 1137/1238/3637 1143/1239/3637
f 1092/1184/3638 1144/1232/3638 1146/2970/3638
f 1146/2970/3639 1144/1232/3639 1143/1239/3639
f 1145/1241/3640 1146/2970/3640 1143/1239/3640
f 1147/1243/3641 749/818/3641 818/891/3641
f 1147/1243/3642 818/891/3642 1163/1190/3642
f 1148/889/3643 1132/1245/3643 818/891/3643
f 1151/1249/3644 1087/1179/3644 1094/1248/3644
f 1151/1249/3645 1155/1252/3645 1152/1250/3645
f 1073/1181/3646 1134/1182/3646 1157/1236/3646
f 1094/1248/121 1074/1167/121 1095/1188/121
f 1073/1181/3647 1157/1236/3647 1095/1188/3647
f 1155/1252/3648 1094/1248/3648 1095/1188/3648
f 1095/1188/3649 1157/1236/3649 1155/1252/3649
f 1152/1250/3650 1155/1252/3650 1160/1253/3650
f 1157/1236/3651 1138/1235/3651 1087/1179/3651
f 1156/1255/3652 1155/1252/3652 1157/1236/3652
f 1158/1240/3653 1141/1186/3653 1077/1170/3653
f 1156/1255/3654 1159/1257/3654 1160/1253/3654
f 1159/1257/3655 1158/1240/3655 1077/1170/3655
f 1159/1257/3656 1077/1170/3656 1160/1253/3656
f 1161/1322/3657 1145/1241/3657 1158/1240/3657
f 1145/1241/3658 1161/1322/3658 1077/1170/3658
f 1160/1253/3659 1077/1170/3659 1161/1322/3659
f 1158/1240/3660 1159/1257/3660 1161/1322/3660
f 1160/1253/3661 1161/1322/3661 1241/1273/3661
f 1145/1241/1720 2906/1172/1720 1096/2971/1720
f 1078/1189/3662 1147/1243/3662 1163/1190/3662
f 1097/1191/3663 1163/1190/3663 1162/1258/3663
f 1184/1279/3664 1183/1275/3664 1174/1270/3664 1176/1269/3664
f 1164/1261/3665 1099/1192/3665 1100/1193/3665
f 1165/1323/3666 820/894/3666 1099/1192/3666
f 1165/1323/3667 1099/1192/3667 1164/1261/3667
f 1166/1247/3668 820/894/3668 1165/1323/3668
f 1162/1258/3669 1163/1190/3669 1167/1264/3669
f 1162/1258/3670 1167/1264/3670 1168/1260/3670
f 1167/1264/3671 1164/1261/3671 1168/1260/3671
f 1169/1262/3672 1165/1323/3672 1164/1261/3672
f 1152/1250/547 1154/1254/547 1170/1263/547
f 1170/1263/3673 1154/1254/3673 1171/1267/3673
f 1164/1261/3674 1167/1264/3674 1170/1263/3674
f 1173/1265/3675 1154/1254/3675 1178/1271/3675
f 1172/1266/3676 1154/1254/3676 1173/1265/3676
f 1235/1272/3677 1176/1269/3677 1175/1268/3677
f 1154/1254/3678 1160/1253/3678 1178/1271/3678
f 1160/1253/3679 1241/1273/3679 1178/1271/3679
f 1178/1271/3680 1175/1268/3680 1179/1206/3680
f 1179/1206/3681 1175/1268/3681 1174/1270/3681
f 1114/1214/3682 1100/1193/3682 1111/1276/3682
f 1185/1436/3683 1184/1279/3683 1176/1269/3683 1177/1364/3683
f 1184/1279/3684 1186/1330/3684 1187/1280/3684
f 1255/1341/3685 1196/1287/3685 1195/941/3685 858/940/3685
f 1184/1279/3686 1185/1436/3686 1348/1435/3686
f 1184/1279/3687 1348/1435/3687 1186/1330/3687
f 1179/1206/3688 1174/1270/3688 1183/1275/3688
f 1113/935/3689 1115/1215/3689 1194/936/3689
f 1189/1281/3690 1118/1217/3690 1188/1218/3690
f 1118/1217/3691 1189/1281/3691 1190/1283/3691
f 1192/1373/3692 1118/1217/3692 1190/1283/3692
f 1190/1283/90 1193/1282/90 1208/1284/90
f 1194/936/3693 1195/941/3693 1196/1287/3693
f 1194/936/3694 1196/1287/3694 1198/1286/3694
f 1195/941/3695 1194/936/3695 855/938/3695
f 1266/1349/3696 1206/1224/3696 1207/1293/3696 1210/3067/3696
f 1120/1220/1714 1122/1219/1714 1121/1222/1714
f 1197/1288/3697 1122/1219/3697 1198/1286/3697
f 1198/1286/3698 1122/1219/3698 1123/1221/3698
f 1197/1288/3699 1196/1287/3699 1200/1289/3699
f 1199/1299/3700 1200/1289/3700 1201/1342/3700
f 1122/1219/3701 1200/1289/3701 1202/1290/3701
f 1121/1222/3702 1202/1290/3702 1203/1291/3702
f 1202/1290/3703 1200/1289/3703 1199/1299/3703
f 1204/1292/3704 1203/1291/3704 1212/1298/3704
f 1204/1292/3705 1260/1344/3705 1121/1222/3705
f 1130/1229/3706 1216/3068/3706 1217/1305/3706 1129/1230/3706
f 1206/1224/3707 1266/1349/3707 1267/1294/3707
f 807/882/3708 1214/631/3708 1213/1302/3708
f 1214/631/3709 744/811/3709 1125/1300/3709
f 583/630/3710 196/252/3710 861/945/3710
f 1125/1300/3711 531/628/3711 1214/631/3711
f 1125/1300/121 1081/1175/121 1215/632/121
f 1127/1304/3712 1128/565/3712 1140/1303/3712
f 1171/1267/3713 1240/1328/3713 1169/1262/3713 1170/1263/3713
f 1131/564/3714 1217/1305/3714 1220/1231/3714
f 1217/1305/3715 1216/3068/3715 1218/3069/3715
f 1217/1305/3716 1218/3069/3716 1219/1306/3716
f 1219/1306/90 1218/3069/90 2970/1311/90
f 1213/1302/3717 1222/1301/3717 1226/1312/3717
f 1226/1312/3718 1222/1301/3718 1221/1310/3718
f 1140/1303/3719 1137/1238/3719 1144/1232/3719
f 1223/1307/3720 1140/1303/3720 1220/1231/3720
f 1223/1307/3721 1220/1231/3721 1219/1306/3721
f 1149/1244/3722 1226/1312/3722 1225/1256/3722
f 884/1313/3723 824/3052/3723 822/897/3723
f 884/1313/3724 822/897/3724 820/894/3724
f 884/1313/3725 820/894/3725 1150/1246/3725
f 886/966/3726 884/1313/3726 1227/967/3726
f 884/1313/3727 1150/1246/3727 1166/1247/3727
f 1228/1314/3728 872/954/3728 873/1003/3728
f 1230/1315/3729 1229/1357/3729 1231/1316/3729
f 1149/1244/3730 1225/1256/3730 1153/1251/3730
f 1225/1256/3731 1226/1312/3731 1232/1309/3731
f 1225/1256/3732 1233/1320/3732 1234/1321/3732
f 1233/1320/3733 1282/1319/3733 1235/1272/3733
f 1234/1321/75 1233/1320/75 1241/1273/75
f 1231/1316/3734 1229/1357/3734 1236/978/3734
f 1231/1316/3735 1236/978/3735 1227/967/3735
f 1231/1316/3736 1165/1323/3736 1169/1262/3736
f 1239/1324/3737 1169/1262/3737 1238/1325/3737
f 1244/1329/3738 1256/1326/3738 1238/1325/3738 1240/1328/3738
f 1169/1262/3739 1240/1328/3739 1238/1325/3739
f 1240/1328/3740 1171/1267/3740 1172/1266/3740
f 1176/1269/3741 1235/1272/3741 1177/1364/3741
f 1241/1273/3742 1233/1320/3742 1235/1272/3742
f 1243/1327/3743 1256/1326/3743 1247/1366/3743
f 1118/1217/3744 1249/1369/3744 1182/1278/3744 1117/1201/3744
f 1240/1328/3745 1172/1266/3745 1182/1278/3745
f 1187/1280/3746 1245/1332/3746 1246/2973/3746
f 1242/1336/3747 1247/1366/3747 1256/1326/3747
f 1256/1326/3748 1244/1329/3748 1248/1333/3748
f 1256/1326/3749 1248/1333/3749 1250/1335/3749
f 1277/1359/3750 1228/1314/3750 873/1003/3750 933/3056/3750
f 1249/1369/3751 1244/1329/3751 1182/1278/3751
f 1244/1329/3752 1249/1369/3752 1248/1333/3752
f 1245/1332/3753 1286/1331/3753 1211/1297/3753
f 1196/1287/3754 1255/1341/3754 1200/1289/3754
f 1255/1341/3755 1253/1337/3755 1256/1326/3755
f 1255/1341/3756 1256/1326/3756 1257/3070/3756
f 1257/3070/3757 1256/1326/3757 1258/1343/3757
f 1121/1222/3758 1260/1344/3758 1261/1346/3758
f 1260/1344/3759 1250/1335/3759 1251/1334/3759
f 1250/1335/3760 1260/1344/3760 1262/2954/3760
f 1262/2954/3761 1260/1344/3761 1259/1345/3761
f 1210/3067/3762 1207/1293/3762 1211/1297/3762
f 1266/1349/3763 1265/1371/3763 1263/1296/3763
f 1266/1349/3764 1210/3067/3764 1265/1371/3764
f 1252/1350/3765 1245/1332/3765 1211/1297/3765
f 1222/1301/3766 863/948/3766 1268/1352/3766
f 1221/1310/3767 1222/1301/3767 1268/1352/3767
f 1268/1352/3768 863/948/3768 1228/1314/3768
f 1221/1310/3769 1269/1353/3769 1270/1308/3769
f 1270/1308/3770 1269/1353/3770 1271/1384/3770
f 1270/1308/3771 1271/1384/3771 1272/1391/3771
f 1270/1308/3772 1272/1391/3772 1273/1354/3772
f 1275/1355/3773 1223/1307/3773 2970/1311/3773
f 1276/1397/3774 1223/1307/3774 1275/1355/3774
f 1278/1358/3775 1280/1405/3775 1279/1404/3775 1229/1357/3775
f 933/3056/3439 936/3057/3439 1277/1359/3439
f 1284/1074/3776 1236/978/3776 1229/1357/3776 1308/1403/3776
f 1228/1314/3777 986/1067/3777 1269/1353/3777 1268/1352/3777
f 1230/1315/3778 1281/1406/3778 1280/1405/3778 1278/1358/3778
f 1277/1359/3779 936/3057/3779 986/1067/3779
f 1292/1374/3780 1293/1092/3780 1287/1365/3780 1254/1339/3780
f 1281/1406/3781 1230/1315/3781 1239/1324/3781
f 1282/1319/3782 1323/1362/3782 1285/1363/3782
f 1243/1327/3783 1239/1324/3783 1238/1325/3783
f 1281/1406/3784 1239/1324/3784 1243/1327/3784
f 1235/1272/3785 1282/1319/3785 1177/1364/3785
f 1177/1364/1 1285/1363/1 1185/1436/1
f 1186/1330/3786 1348/1435/3786 1352/1367/3786
f 1287/1365/3787 1242/1336/3787 1254/1339/3787
f 1249/1369/3788 1289/1368/3788 1248/1333/3788
f 1248/1333/3789 1290/3071/3789 1251/1334/3789
f 1251/1334/3790 1290/3071/3790 1295/1376/3790
f 1288/1370/3791 1249/1369/3791 1118/1217/3791
f 1248/1333/3792 1289/1368/3792 1290/3071/3792
f 1291/1372/314 1190/1283/314 1209/1295/314
f 1304/1386/3793 1279/1404/3793 1305/1390/3793 1310/1387/3793
f 1295/1376/3794 1389/2964/3794 1297/1348/3794
f 1295/1376/3795 1290/3071/3795 1389/2964/3795
f 1296/1377/3796 1265/1371/3796 1210/3067/3796
f 1296/1377/3797 1210/3067/3797 1211/1297/3797
f 1296/1377/3798 1211/1297/3798 1362/1378/3798
f 1299/1473/314 641/1381/314 1298/1389/314
f 1301/752/1943 643/690/1943 1300/1379/1943
f 645/689/3799 644/691/3799 605/1351/3799
f 1276/1397/3800 646/1380/3800 645/689/3800
f 645/689/3801 1223/1307/3801 1276/1397/3801
f 644/691/3802 705/754/3802 1300/1379/3802
f 647/656/3803 646/1380/3803 1276/1397/3803
f 1269/1353/3804 1303/1383/3804 1271/1384/3804
f 1298/1389/3805 641/1381/3805 1303/1383/3805
f 1275/1355/3806 1313/1393/3806 1312/1398/3806 1276/1397/3806
f 1304/1386/3807 1307/1476/3807 1308/1403/3807
f 1309/1477/3808 1304/1386/3808 1306/1388/3808
f 970/1054/3809 974/1055/3809 1394/1385/3809
f 2554/3072/3810 1304/1386/3810 1309/1477/3810
f 1304/1386/3811 2554/3072/3811 1307/1476/3811
f 641/1381/3812 642/762/3812 1302/1382/3812
f 1310/1387/3813 1302/1382/3813 1306/1388/3813
f 1271/1384/3814 1310/1387/3814 1272/1391/3814
f 1273/1354/149 1272/1391/149 1305/1390/149
f 1311/1394/3815 1396/1479/3815 1315/1392/3815
f 1315/1392/3816 1312/1398/3816 1313/1393/3816
f 1381/1466/3817 1358/1447/3817 1357/1446/3817 1359/1445/3817
f 1311/1394/3818 1313/1393/3818 1324/1395/3818
f 1313/1393/3819 1314/1402/3819 1324/1395/3819
f 1313/1393/3820 1275/1355/3820 1224/1356/3820
f 1313/1393/3821 1224/1356/3821 1314/1402/3821
f 1314/1402/90 2967/1401/90 1328/3073/90
f 1312/1398/3822 1401/1400/3822 1316/1399/3822
f 970/1054/3823 1303/1383/3823 986/1067/3823
f 936/3057/3824 935/1068/3824 986/1067/3824
f 1229/1357/3825 1279/1404/3825 1308/1403/3825
f 1317/1408/3826 1305/1390/3826 1281/1406/3826
f 1225/1256/3827 1320/1409/3827 1319/1360/3827
f 1274/1318/3828 1273/1354/3828 1305/1390/3828
f 1274/1318/3829 1305/1390/3829 1320/1409/3829
f 1320/1409/3830 1318/1407/3830 1319/1360/3830
f 1283/1361/3831 1321/1410/3831 1323/1362/3831
f 1323/1362/3832 1325/1487/3832 1285/1363/3832
f 1326/1412/3833 1322/1396/3833 1324/1395/3833
f 1327/1413/3834 1324/1395/3834 1328/3073/3834
f 1324/1395/90 1314/1402/90 1328/3073/90
f 1284/1074/3835 1308/1403/3835 1410/1427/3835
f 1281/1406/3836 1243/1327/3836 1330/1415/3836
f 1333/1418/3837 1330/1415/3837 1331/1414/3837
f 1285/1363/3838 1335/1420/3838 1348/1435/3838
f 1337/1421/3839 1334/1417/3839 1333/1418/3839
f 1416/1501/3840 1334/1417/3840 1337/1421/3840
f 1336/1424/3841 1421/1425/3841 1356/1440/3841
f 991/1073/3842 1341/1077/3842 1339/1087/3842
f 1287/1365/3843 1339/1087/3843 1340/1426/3843
f 1287/1365/3844 1340/1426/3844 1247/1366/3844
f 1343/1431/3845 1331/1414/3845 1342/1429/3845
f 1333/1418/3846 1331/1414/3846 1345/1432/3846
f 1338/1422/3847 1333/1418/3847 1350/1434/3847
f 1335/1420/3848 1336/1424/3848 1349/1437/3848
f 1293/1092/3849 1339/1087/3849 1287/1365/3849
f 1346/1433/3850 1345/1432/3850 1372/1461/3850
f 1354/1442/3851 1192/1373/3851 1355/1444/3851
f 1374/1525/3852 1372/1461/3852 1353/1441/3852 1373/3074/3852
f 1360/1448/3853 1359/1445/3853 1356/1440/3853
f 1286/1331/3854 1357/1446/3854 1358/1447/3854
f 1294/1375/3855 1364/1454/3855 1293/1092/3855
f 1365/1452/3856 1364/1454/3856 1294/1375/3856
f 1366/1451/3857 1293/1092/3857 1364/1454/3857
f 1353/1441/3858 1344/1430/3858 1367/1456/3858
f 1370/1458/3859 1365/1452/3859 1369/1459/3859
f 1344/1430/1 1431/1519/1 1367/1456/1
f 1366/1451/3860 1364/1454/3860 1368/1455/3860
f 1345/1432/3861 1343/1431/3861 1353/1441/3861
f 1375/1523/3862 1373/3074/3862 1353/1441/3862 1437/1457/3862
f 1429/1509/3863 1427/1508/3863 1411/3075/3863 1414/1500/3863
f 1373/3074/253 1375/1523/253 1374/1525/253
f 1290/3071/3864 1289/1368/3864 1376/1443/3864
f 1376/1443/3865 1448/1527/3865 1290/3071/3865
f 1355/1444/3866 1291/1372/3866 1296/1377/3866
f 1355/1444/3867 1386/1462/3867 1377/3076/3867
f 1381/1466/3868 1359/1445/3868 1380/1464/3868
f 1359/1445/3266 1361/1512/3266 1380/1464/3266
f 1381/1466/3869 1449/1465/3869 1383/1535/3869
f 1381/1466/3870 1383/1535/3870 1382/1470/3870
f 1386/1462/3871 1296/1377/3871 1362/1378/3871
f 1386/1462/3872 1358/1447/3872 1384/1467/3872
f 1377/3076/3873 1386/1462/3873 1378/1469/3873
f 1378/1469/90 1385/1468/90 1391/3077/90
f 1358/1447/3874 1381/1466/3874 1382/1470/3874
f 1384/1467/3875 1358/1447/3875 1382/1470/3875
f 1384/1467/3286 1387/1471/3286 1385/1468/3286
f 1369/1459/3876 1365/1452/3876 1388/1453/3876
f 1390/1539/314 1377/3076/314 1378/1469/314
f 1302/1382/3877 642/762/3877 2550/2654/3877
f 1392/1474/3878 709/763/3878 1301/752/3878
f 709/763/3879 1392/1474/3879 1393/1475/3879
f 1393/1475/3880 705/754/3880 1402/1483/3880
f 1394/1385/3881 1299/1473/3881 1298/1389/3881
f 974/1055/3882 1030/1109/3882 1394/1385/3882
f 1302/1382/3883 2550/2654/3883 1306/1388/3883
f 1396/1479/3884 1311/1394/3884 1321/1410/3884
f 695/746/3143 709/763/3143 1396/1479/3143
f 1397/1480/3885 695/746/3885 1396/1479/3885
f 1399/1481/3886 695/746/3886 1397/1480/3886
f 1399/1481/3887 1397/1480/3887 1402/1483/3887
f 1315/1392/3888 1396/1479/3888 1401/1400/3888
f 1393/1475/3889 1402/1483/3889 1401/1400/3889
f 1401/1400/3890 1397/1480/3890 1398/1491/3890
f 2968/1484/3891 1401/1400/3891 1398/1491/3891
f 1308/1403/3892 1034/1121/3892 1412/1496/3892
f 1323/1362/3893 1326/1412/3893 1325/1487/3893
f 1319/1360/3894 1318/1407/3894 1405/1411/3894
f 1326/1412/3895 1397/1480/3895 1405/1411/3895
f 1327/1413/3896 1329/1494/3896 1425/1488/3896
f 1398/1491/3897 1397/1480/3897 1406/1486/3897
f 1406/1486/3898 1327/1413/3898 1425/1488/3898
f 1407/1492/3899 1398/1491/3899 1406/1486/3899
f 1407/1492/3900 1406/1486/3900 1425/1488/3900
f 1407/1492/3901 1425/1488/3901 1408/1490/3901
f 1327/1413/3902 1328/3073/3902 1329/1494/3902
f 1425/1488/90 3054/1495/90 3053/1507/90
f 1427/1508/3903 1410/1427/3903 1411/3075/3903
f 1411/3075/3904 1410/1427/3904 1412/1496/3904
f 1411/3075/3905 1412/1496/3905 1413/1498/3905
f 1411/3075/3906 1413/1498/3906 1414/1500/3906
f 1413/1498/3907 1412/1496/3907 1428/1497/3907
f 1414/1500/3908 1332/1416/3908 1415/1504/3908
f 1404/1485/3909 1332/1416/3909 1414/1500/3909
f 1415/1504/3910 1332/1416/3910 1416/1501/3910
f 1415/1504/3911 1416/1501/3911 1417/1502/3911
f 1318/1407/3912 1404/1485/3912 1416/1501/3912
f 1285/1363/3913 1325/1487/3913 1418/1419/3913
f 1418/1419/3914 1318/1407/3914 1337/1421/3914
f 1419/1423/3915 1418/1419/3915 1351/1438/3915
f 1418/1419/3916 1337/1421/3916 1338/1422/3916
f 1421/1425/3917 1419/1423/3917 1420/1489/3917
f 1423/1506/3918 1420/1489/3918 1419/1423/3918
f 1422/1505/3919 1423/1506/3919 1421/1425/3919
f 1341/1077/3920 1410/1427/3920 1427/1508/3920
f 1340/1426/3921 1427/1508/3921 1426/1428/3921
f 1012/1096/3922 1435/1513/3922 1432/1510/3922 1035/1125/3922
f 1414/1500/3923 1415/1504/3923 1429/1509/3923
f 1426/1428/3924 1427/1508/3924 1429/1509/3924
f 1429/1509/3925 1415/1504/3925 1434/2686/3925
f 1346/1433/2753 1347/1511/2753 1430/1439/2753
f 1421/1425/3926 1423/1506/3926 1356/1440/3926
f 1423/1506/3927 1351/1438/3927 1363/1449/3927
f 1356/1440/3928 1423/1506/3928 1363/1449/3928
f 1428/1497/3929 1038/1126/3929 1035/1125/3929
f 1431/1519/3930 1428/1497/3930 1432/1510/3930
f 1463/1540/3931 1462/3078/3931 1448/1527/3931 1452/1529/3931
f 1433/3079/3932 1413/1498/3932 1428/1497/3932
f 2588/2672/3933 1413/1498/3933 1433/3079/3933
f 1344/1430/3934 1429/1509/3934 1431/1519/3934
f 1434/2686/3935 1428/1497/3935 1431/1519/3935
f 1429/1509/3936 1434/2686/3936 1431/1519/3936
f 1433/3079/3937 1428/1497/3937 1434/2686/3937
f 1359/1445/3938 1360/1448/3938 1361/1512/3938
f 1436/1514/3939 1435/1513/3939 1370/1458/3939
f 1438/1517/3940 1432/1510/3940 1435/1513/3940
f 1438/1517/3941 1435/1513/3941 1436/1514/3941
f 1439/1516/3942 1438/1517/3942 1436/1514/3942
f 1370/1458/3943 1368/1455/3943 1365/1452/3943
f 1460/1538/3944 1436/1514/3944 1370/1458/3944
f 1437/1457/3945 1438/1517/3945 1442/1520/3945
f 1441/1521/3946 1442/1520/3946 1443/2937/3946
f 1375/1523/3947 1437/1457/3947 1441/1521/3947
f 1347/1511/3948 1346/1433/3948 1372/1461/3948
f 1290/3071/3949 1448/1527/3949 1389/2964/3949
f 1446/1526/3950 1374/1525/3950 1445/1524/3950
f 1450/1531/3951 1446/1526/3951 1461/1530/3951
f 1447/1528/3952 1376/1443/3952 1379/1463/3952
f 1452/1529/3953 1355/1444/3953 1377/3076/3953
f 1452/1529/3954 1377/3076/3954 1390/1539/3954
f 1452/1529/3955 1447/1528/3955 1379/1463/3955
f 1446/1526/3956 1449/1465/3956 1361/1512/3956 1347/1511/3956
f 1497/3080/3957 1515/1575/3957 1488/1566/3957 361/1565/3957
f 1380/1464/1255 1361/1512/1255 1449/1465/1255
f 1383/1535/3958 1449/1465/3958 1454/1533/3958
f 1449/1465/3959 1450/1531/3959 1455/1532/3959
f 1454/1533/3960 1455/1532/3960 2601/3081/3960
f 1453/1472/3961 1383/1535/3961 1457/1536/3961
f 1456/3082/3962 1453/1472/3962 1457/1536/3962
f 1458/1537/3963 1453/1472/3963 1456/3082/3963
f 1458/1537/3964 1459/1541/3964 1387/1471/3964
f 3047/1515/3184 1436/1514/3184 1460/1538/3184
f 1389/2964/3965 1448/1527/3965 1462/3078/3965
f 328/351/3966 1466/1545/3966 330/352/3966
f 1465/1544/3967 3079/1543/3967 3078/1552/3967
f 330/352/3968 1465/1544/3968 1468/1633/3968
f 330/352/3969 1468/1633/3969 1467/1548/3969
f 1469/1547/3970 1467/1548/3970 1470/1549/3970
f 1472/1550/3971 1564/1641/3971 1567/358/3971
f 1474/1553/3972 1477/1554/3972 1475/1570/3972
f 1465/1544/3973 338/369/3973 1474/1553/3973
f 1476/1643/3974 1474/1553/3974 1475/1570/3974
f 1468/1633/3975 1465/1544/3975 1474/1553/3975
f 1468/1633/3976 1474/1553/3976 1476/1643/3976
f 1471/1546/3977 1470/1549/3977 1490/1569/3977
f 1472/1550/3978 1471/1546/3978 1496/1576/3978
f 1479/1559/3979 1483/1557/3979 1480/1556/3979
f 1484/1647/3980 1483/1557/3980 1482/1560/3980
f 1487/1652/3981 1479/1559/3981 1486/1658/3981
f 1477/1554/3982 269/354/3982 353/1564/3982
f 1477/1554/3983 361/1565/3983 1488/1566/3983
f 1491/1571/3984 1477/1554/3984 1488/1566/3984
f 1492/1555/3985 1494/1572/3985 1495/1573/3985
f 1496/1576/3986 1490/1569/3986 1492/1555/3986
f 1492/1555/3987 1493/1574/3987 1496/1576/3987
f 1478/1656/3988 1472/1550/3988 1496/1576/3988
f 1603/1668/3989 387/417/3989 1526/1579/3989 1599/3083/3989
f 1497/3080/3990 361/1565/3990 375/410/3990
f 1481/1558/3991 1483/1557/3991 1526/1579/3991
f 364/389/3992 362/388/3992 672/720/3992
f 1485/1563/3993 1480/1556/3993 1481/1558/3993
f 1500/390/3994 364/389/3994 1485/1563/3994
f 1486/1658/3995 1479/1559/3995 1485/1563/3995
f 1486/1658/3996 1485/1563/3996 364/389/3996
f 1501/1580/3997 1486/1658/3997 364/389/3997
f 3077/397/3998 1502/1581/3998 1503/1586/3998
f 3077/397/3999 1503/1586/3999 1504/1585/3999
f 1503/1586/4000 1502/1581/4000 1507/1583/4000
f 1505/1605/4001 1503/1586/4001 1507/1583/4001
f 1489/1568/4002 1510/1567/4002 1509/398/4002
f 1512/3084/4003 1509/398/4003 1510/1567/4003
f 1511/1584/4004 1512/3084/4004 1504/1585/4004
f 1509/398/4005 1512/3084/4005 1511/1584/4005
f 1511/1584/4006 1504/1585/4006 1506/1587/4006
f 1512/3084/4007 1489/1568/4007 1504/1585/4007
f 1582/1655/4008 1512/3084/4008 1510/1567/4008
f 1510/1567/4009 1515/1575/4009 1516/1590/4009
f 1517/1592/4010 1516/1590/4010 1513/1588/4010
f 1517/1592/4011 1513/1588/4011 1514/1589/4011
f 1582/1655/4012 1510/1567/4012 1516/1590/4012
f 1517/1592/4013 1518/1594/4013 1516/1590/4013
f 1582/1655/4014 1516/1590/4014 1518/1594/4014
f 1513/1588/4015 1516/1590/4015 375/410/4015
f 1515/1575/4016 1497/3080/4016 375/410/4016
f 1519/1591/4017 1518/1594/4017 1517/1592/4017
f 1521/1664/4018 1518/1594/4018 1520/1595/4018
f 1498/1578/4019 360/409/4019 375/410/4019
f 380/406/4020 1523/1597/4020 1542/1596/4020
f 1523/1597/4021 382/3026/4021 1522/3085/4021
f 1525/416/4022 1481/1558/4022 1526/1579/4022
f 1526/1579/4023 1600/1600/4023 1599/3083/4023
f 1542/1596/4024 1543/1599/4024 1544/1617/4024 1541/1593/4024
f 1527/1666/4025 1519/1591/4025 1544/1617/4025
f 363/414/4026 1500/390/4026 1525/416/4026
f 1522/3085/4027 382/3026/4027 379/408/4027
f 1522/3085/4028 379/408/4028 378/407/4028
f 1522/3085/4029 378/407/4029 389/1601/4029
f 384/411/4030 387/417/4030 1880/1969/4030
f 1523/1597/4031 1522/3085/4031 1524/1598/4031
f 1522/3085/4032 389/1601/4032 1528/1602/4032
f 1500/390/4033 1481/1558/4033 1525/416/4033
f 387/417/4034 1603/1668/4034 1880/1969/4034
f 1506/1587/4035 1503/1586/4035 1505/1605/4035
f 1530/1679/4036 1529/1603/4036 1505/1605/4036
f 1505/1605/4037 1507/1583/4037 1530/1679/4037
f 1507/1583/1 1508/1582/1 1530/1679/1
f 1531/399/4038 1511/1584/4038 1534/1608/4038
f 1532/1606/4039 1531/399/4039 1534/1608/4039
f 1534/1608/4040 1506/1587/4040 1535/1609/4040
f 1532/1606/4041 1534/1608/4041 1535/1609/4041
f 1535/1609/4042 1506/1587/4042 1019/1106/4042
f 2164/1611/4043 1532/1606/4043 1537/1612/4043
f 1514/1589/4044 395/420/4044 1537/1612/4044
f 1538/1613/4045 395/420/4045 1539/1614/4045
f 1538/1613/4046 1539/1614/4046 1540/1615/4046
f 1539/1614/4047 372/422/4047 373/425/4047
f 1541/1593/4048 373/425/4048 381/426/4048
f 1542/1596/4049 1523/1597/4049 1543/1599/4049
f 1547/1621/4050 1551/1629/4050 1555/3086/4050 1553/1622/4050
f 1545/1616/4051 1544/1617/4051 1543/1599/4051
f 1547/1621/4052 1546/1618/4052 1548/1626/4052
f 1549/1619/4053 1546/1618/4053 1547/1621/4053
f 1560/1635/4054 1568/1642/4054 1570/1705/4054 1563/1638/4054
f 2163/1625/4055 3076/1604/4055 3075/2266/4055
f 1505/1605/4056 3076/1604/4056 2163/1625/4056
f 1506/1587/4057 1505/1605/4057 2163/1625/4057
f 1533/1607/4058 1532/1606/4058 2164/1611/4058
f 2164/1611/4059 1538/1613/4059 2165/2262/4059
f 1545/1616/581 1524/1598/581 2166/2319/581
f 1528/1602/4060 388/1110/4060 1022/1111/4060
f 1524/1598/4061 1522/3085/4061 1528/1602/4061
f 1556/1627/4062 1546/1618/4062 2167/1631/4062
f 1558/1630/4063 1547/1621/4063 1557/1628/4063
f 1561/1636/4064 3105/1640/4064 1565/1639/4064
f 1467/1548/4065 1560/1635/4065 1569/3087/4065
f 1563/1638/4066 1562/1637/4066 1569/3087/4066
f 1569/3087/4067 1560/1635/4067 1563/1638/4067
f 1567/358/4068 1564/1641/4068 1566/1645/4068
f 3096/362/4069 3108/1752/4069 337/364/4069
f 1559/1634/4070 1468/1633/4070 1476/1643/4070
f 1467/1548/4071 1569/3087/4071 1494/1572/4071
f 1569/3087/4072 1568/1642/4072 1494/1572/4072
f 1479/1559/4073 1578/1649/4073 1574/1648/4073 1482/1560/4073
f 1570/1705/4074 1569/3087/4074 1562/1637/4074
f 1569/3087/4075 1570/1705/4075 1568/1642/4075
f 1571/1644/827 1472/1550/827 1478/1656/827
f 1571/1644/4076 1565/1639/4076 1564/1641/4076
f 1571/1644/4077 1572/1708/4077 1565/1639/4077
f 1566/1645/4078 1572/1708/4078 1571/1644/4078
f 1566/1645/4079 1571/1644/4079 1573/1646/4079
f 1483/1557/4080 1484/1647/4080 1584/1561/4080
f 1484/1647/4081 1578/1649/4081 1575/1650/4081
f 1484/1647/4082 1575/1650/4082 1576/1651/4082
f 1512/3084/4083 1592/1682/4083 1581/3088/4083 1489/1568/4083
f 1578/1649/4084 1479/1559/4084 1487/1652/4084
f 1580/1654/4085 1488/1566/4085 1489/1568/4085
f 1494/1572/4086 1568/1642/4086 1491/1571/4086
f 1476/1643/4087 1475/1570/4087 1491/1571/4087
f 1583/1577/4088 1495/1573/4088 1582/1655/4088
f 1495/1573/4089 1491/1571/4089 1580/1654/4089
f 1582/1655/4090 1580/1654/4090 1581/3088/4090
f 1573/1646/4091 1571/1644/4091 1478/1656/4091
f 1583/1577/1739 1573/1646/1739 1478/1656/1739
f 1597/1657/4092 1583/1577/4092 1582/1655/4092
f 1499/1562/4093 1584/1561/4093 1573/1646/4093
f 1577/1710/4094 1567/358/4094 1573/1646/4094
f 1573/1646/4095 1584/1561/4095 1577/1710/4095
f 1579/1653/4096 1487/1652/4096 1501/1580/4096
f 1586/2024/4097 1579/1653/4097 1928/1659/4097
f 1587/1670/4098 1586/2024/4098 1941/1671/4098
f 1941/1671/90 1586/2024/90 1930/2025/90
f 1585/1711/4099 1576/1651/4099 1579/1653/4099
f 1588/1661/4100 1502/1581/4100 3095/1680/4100
f 1508/1582/4101 1502/1581/4101 1589/1660/4101
f 1508/1582/4102 1589/1660/4102 1590/1678/4102
f 1590/1678/4103 1589/1660/4103 1591/1663/4103
f 1589/1660/4104 1502/1581/4104 1588/1661/4104
f 1581/3088/4105 1580/1654/4105 1489/1568/4105
f 1530/1679/4106 1590/1678/4106 3094/1675/4106 1529/1603/4106
f 1592/1682/4107 1512/3084/4107 1582/1655/4107
f 1593/1662/4108 1581/3088/4108 1592/1682/4108
f 1591/1663/4109 1593/1662/4109 1592/1682/4109
f 1594/1716/4110 1582/1655/4110 1581/3088/4110
f 1582/1655/4111 1594/1716/4111 1592/1682/4111
f 1595/1665/4112 1582/1655/4112 1521/1664/4112
f 1595/1665/4113 1521/1664/4113 1596/1687/4113
f 1521/1664/4114 1527/1666/4114 1596/1687/4114
f 1596/1687/4115 1527/1666/4115 1615/1688/4115
f 1603/1668/4116 1599/3083/4116 1602/1669/4116
f 1527/1666/4117 1520/1595/4117 1519/1591/4117
f 1499/1562/4118 1573/1646/4118 1600/1600/4118
f 1599/3083/4119 1600/1600/4119 1601/1735/4119
f 1603/1668/4120 1587/1670/4120 1939/1672/4120
f 1605/1674/4121 1602/1669/4121 1552/1620/4121
f 1630/3089/4122 1974/1551/4122 335/365/4122 1662/1753/4122
f 3094/1675/4123 1590/1678/4123 1606/1676/4123
f 1607/1681/4124 3095/1680/4124 3100/1726/4124
f 1591/1663/4125 1609/1683/4125 1608/1730/4125
f 1608/1730/4126 1609/1683/4126 1536/1610/4126
f 1610/1684/4127 1608/1730/4127 1536/1610/4127
f 1592/1682/4128 1685/1717/4128 1610/1684/4128
f 1532/1606/4129 1536/1610/4129 1537/1612/4129
f 1537/1612/4130 1611/1685/4130 1540/1615/4130
f 1612/1731/4131 1596/1687/4131 1611/1685/4131
f 1536/1610/4132 1609/1683/4132 1611/1685/4132
f 1611/1685/4133 1609/1683/4133 1621/1692/4133
f 1621/1692/4134 1612/1731/4134 1611/1685/4134
f 1613/1686/4135 1612/1731/4135 1621/1692/4135
f 1611/1685/4136 1615/1688/4136 1613/1686/4136
f 1614/1733/4137 1613/1686/4137 1615/1688/4137
f 1602/1669/4138 1599/3083/4138 1601/1735/4138
f 1601/1735/4139 1615/1688/4139 1616/1689/4139
f 1553/1622/4140 1552/1620/4140 1549/1619/4140
f 1546/1618/4141 1552/1620/4141 1554/1623/4141
f 1618/1690/4142 1606/1676/4142 1648/1729/4142
f 1610/1684/4143 1536/1610/4143 2164/1611/4143
f 1610/1684/4144 2164/1611/4144 2216/1693/4144
f 1621/1692/4145 1610/1684/4145 1622/1694/4145
f 1622/1694/4146 2216/1693/4146 1620/1695/4146
f 1538/1613/4147 1540/1615/4147 2165/2262/4147
f 1540/1615/891 1621/1692/891 2165/2262/891
f 1613/1686/4148 1621/1692/4148 1540/1615/4148
f 2165/2262/4149 1621/1692/4149 1650/1696/4149
f 1623/1697/4150 1544/1617/4150 1545/1616/4150
f 1616/1689/4151 1598/1667/4151 1623/1697/4151
f 1601/1735/4152 1616/1689/4152 1623/1697/4152
f 1602/1669/4153 1601/1735/4153 1623/1697/4153
f 1554/1623/736 1552/1620/736 1602/1669/736
f 3105/1640/4154 1628/1701/4154 1564/1641/4154
f 1577/1710/4155 1633/1712/4155 1629/1704/4155 332/360/4155
f 1570/1705/4156 1562/1637/4156 1565/1639/4156
f 1665/1707/4157 1570/1705/4157 1565/1639/4157
f 1627/1702/4158 1563/1638/4158 1570/1705/4158
f 1631/1706/4159 1570/1705/4159 1665/1707/4159
f 1566/1645/4160 1564/1641/4160 1572/1708/4160
f 1632/1709/4161 1572/1708/4161 1628/1701/4161
f 332/360/4162 1567/358/4162 1577/1710/4162
f 1577/1710/4163 1584/1561/4163 1576/1651/4163
f 1585/1711/4164 1577/1710/4164 1576/1651/4164
f 1688/1734/4165 1614/1733/4165 1642/1721/4165 1641/1720/4165
f 1634/1723/4166 1586/2024/4166 1587/1670/4166
f 1635/1713/4167 1579/1653/4167 1586/2024/4167
f 1635/1713/4168 1586/2024/4168 1634/1723/4168
f 1636/1714/4169 1588/1661/4169 1607/1681/4169
f 1636/1714/4170 1637/3090/4170 1593/1662/4170
f 1593/1662/910 1637/3090/910 1638/1715/910
f 1581/3088/4171 1593/1662/4171 1594/1716/4171
f 1592/1682/4172 1594/1716/4172 1685/1717/4172
f 1639/1719/4173 1597/1657/4173 1595/1665/4173
f 1639/1719/4174 1595/1665/4174 1596/1687/4174
f 1639/1719/4175 1732/1778/4175 1641/1720/4175
f 1639/1719/4176 1640/1718/4176 1732/1778/4176
f 1600/1600/4177 1639/1719/4177 1642/1721/4177
f 1601/1735/4178 1600/1600/4178 1642/1721/4178
f 1643/1722/4179 1602/1669/4179 1604/1673/4179
f 1634/1723/4180 1587/1670/4180 1643/1722/4180
f 1645/1728/4181 1590/1678/4181 1591/1663/4181
f 1590/1678/4182 1645/1728/4182 1606/1676/4182
f 3100/1726/4183 1691/1783/4183 1647/1727/4183
f 1645/1728/4184 1591/1663/4184 1608/1730/4184
f 1685/1717/4185 1608/1730/4185 1610/1684/4185
f 1649/1732/4186 1612/1731/4186 1613/1686/4186
f 1649/1732/4187 1613/1686/4187 1614/1733/4187
f 1601/1735/4188 1642/1721/4188 1614/1733/4188
f 1661/1761/4189 1660/1750/4189 1659/1751/4189 1658/1759/4189
f 1624/1698/4190 2217/2320/4190 1651/1737/4190
f 1626/1739/4191 1624/1698/4191 1651/1737/4191
f 1651/1737/4192 1652/1740/4192 1969/1738/4192
f 1654/1743/4193 1627/1702/4193 1631/1706/4193
f 1657/1703/4194 3103/1745/4194 1665/1707/4194
f 1656/1748/4195 1628/1701/4195 1657/1703/4195
f 1656/1748/4196 1657/1703/4196 1632/1709/4196
f 1656/1748/4197 1668/1747/4197 1658/1759/4197
f 1633/1712/4198 1674/1822/4198 1667/1760/4198 1658/1759/4198
f 1662/1753/4199 3108/1752/4199 3109/1754/4199
f 3107/1765/4200 3106/1749/4200 1664/1756/4200
f 1665/1707/4201 1655/1744/4201 1631/1706/4201
f 1666/1801/4202 1665/1707/4202 1706/1758/4202
f 1632/1709/4203 1628/1701/4203 1667/1760/4203
f 1668/1747/674 1667/1760/674 1674/1822/674
f 1668/1747/4204 1632/1709/4204 1667/1760/4204
f 1667/1760/4205 1628/1701/4205 1656/1748/4205
f 1658/1759/4206 1659/1751/4206 1633/1712/4206
f 1664/1756/4207 1660/1750/4207 1669/1773/4207
f 1671/1764/4208 1664/1756/4208 1669/1773/4208
f 1672/1766/4209 3107/1765/4209 1664/1756/4209
f 1672/1766/4210 1664/1756/4210 1670/1763/4210
f 1633/1712/4211 1676/1768/4211 1675/1823/4211 1674/1822/4211
f 1682/1780/4212 1687/1776/4212 1677/1775/4212 1635/1713/4212
f 1635/1713/4213 1633/1712/4213 1585/1711/4213
f 1633/1712/4214 1635/1713/4214 1677/1775/4214
f 1669/1773/4215 1660/1750/4215 1678/1762/4215
f 1679/1769/4216 1633/1712/4216 1677/1775/4216
f 1678/1762/4217 1680/1770/4217 1681/1771/4217
f 1700/1790/4218 1693/1785/4218 1687/1776/4218 1690/1782/4218
f 1669/1773/4219 1683/1772/4219 1684/1781/4219
f 1683/1772/4220 1681/1771/4220 1725/3091/4220
f 1683/1772/4221 1725/3091/4221 1690/1782/4221
f 1638/1715/75 1637/3090/75 1685/1717/75
f 1641/1720/4222 1686/1777/4222 1688/1734/4222
f 1684/1781/4223 1682/1780/4223 1634/1723/4223
f 1684/1781/4224 1634/1723/4224 1644/1724/4224
f 1687/1776/4225 1682/1780/4225 1690/1782/4225
f 1690/1782/4226 1682/1780/4226 1684/1781/4226
f 1637/3090/4227 1636/1714/4227 1646/1725/4227
f 1685/1717/4228 1637/3090/4228 1646/1725/4228
f 1645/1728/4229 1646/1725/4229 1647/1727/4229
f 1645/1728/4230 1685/1717/4230 1646/1725/4230
f 1692/1842/4231 1612/1731/4231 1649/1732/4231
f 1692/1842/4232 1640/1718/4232 1612/1731/4232
f 1688/1734/4233 1687/1776/4233 1693/1785/4233
f 1698/1789/4234 1699/1861/4234 1695/1786/4234 1693/1785/4234
f 1693/1785/4235 1649/1732/4235 1688/1734/4235
f 1694/1784/4236 1649/1732/4236 1693/1785/4236
f 1648/1729/75 1691/1783/75 3099/2403/75
f 2265/1736/4237 1620/1695/4237 1696/1787/4237
f 1696/1787/4238 1620/1695/4238 1697/1788/4238
f 1708/1805/4239 1661/1761/4239 1658/1759/4239 1668/1747/4239
f 3120/1798/4240 3122/3092/4240 1701/1799/4240
f 3122/3092/90 3123/1803/90 1701/1799/90
f 1702/1792/4241 1704/1794/4241 1711/1808/4241
f 1706/1758/4242 1701/1799/4242 1713/1802/4242 1666/1801/4242
f 1708/1805/4243 3123/1803/4243 1718/1816/4243
f 3117/3093/4244 1710/1809/4244 1712/1811/4244
f 3117/3093/4245 3118/1757/4245 1711/1808/4245
f 3117/3093/4246 1711/1808/4246 1710/1809/4246
f 1710/1809/4247 1711/1808/4247 1704/1794/4247
f 1704/1794/4248 1767/1797/4248 1710/1809/4248
f 3121/1746/4249 3120/1798/4249 1706/1758/4249
f 1737/1838/4250 1736/1837/4250 1726/1828/4250 2056/3094/4250
f 1713/1802/4251 1701/1799/4251 1714/3095/4251
f 1701/1799/1886 1707/1804/1886 1714/3095/1886
f 1711/1808/4252 1665/1707/4252 1666/1801/4252
f 1715/1884/4253 1713/1802/4253 1714/3095/4253
f 1707/1804/4254 1668/1747/4254 1675/1823/4254
f 1719/1817/4255 1716/1812/4255 1722/1814/4255
f 1777/1818/4256 1716/1812/4256 1718/1816/4256
f 1661/1761/4257 1708/1805/4257 1719/1817/4257
f 1708/1805/4258 1718/1816/4258 1719/1817/4258
f 1714/3095/4259 1707/1804/4259 1675/1823/4259
f 1722/1814/4260 1714/3095/4260 1675/1823/4260
f 1788/1824/968 1714/3095/968 1722/1814/968
f 1661/1761/4261 1719/1817/4261 1680/1770/4261
f 1680/1770/4262 1722/1814/4262 1676/1768/4262
f 1725/3091/4263 1681/1771/4263 1726/1828/4263
f 1725/3091/4264 1726/1828/4264 1735/1834/4264
f 1726/1828/4265 1681/1771/4265 1724/1827/4265
f 1728/1830/4266 1724/1827/4266 1727/1836/4266
f 3115/1831/90 1730/1833/90 1752/1855/90
f 1679/1769/4267 1677/1775/4267 1686/1777/4267
f 1734/1840/4268 1689/1779/4268 1694/1784/4268
f 1690/1782/4269 1725/3091/4269 1735/1834/4269
f 1735/1834/4270 1726/1828/4270 1736/1837/4270
f 1832/1925/4271 1747/1835/4271 1735/1834/4271 1738/1924/4271
f 1727/1836/4272 1724/1827/4272 1733/1826/4272
f 1689/1779/4273 1734/1840/4273 1727/1836/4273
f 1759/1934/4274 1757/1864/4274 1756/1860/4274 1840/2568/4274
f 1739/1915/4275 1736/1837/4275 2068/1839/4275
f 1752/1855/4276 1730/1833/4276 1731/1906/4276
f 1740/1921/4277 1752/1855/4277 1731/1906/4277
f 1740/1921/4278 1741/1843/4278 1742/1846/4278
f 1741/1843/4279 1692/1842/4279 1742/1846/4279
f 1742/1846/4280 1692/1842/4280 1743/1844/4280
f 1743/1844/4281 1692/1842/4281 1649/1732/4281
f 1732/1778/866 1640/1718/866 1741/1843/866
f 1732/1778/4282 1741/1843/4282 1743/1844/4282
f 1744/1852/4283 1694/1784/4283 1695/1786/4283
f 1745/1851/4284 1734/1840/4284 1694/1784/4284
f 1745/1851/4285 1694/1784/4285 1744/1852/4285
f 1746/1909/4286 1734/1840/4286 1745/1851/4286
f 1747/1835/4287 1748/1847/4287 1760/1862/4287
f 3115/1831/90 1752/1855/90 1750/2473/90
f 1750/2473/4288 1752/1855/4288 1753/1857/4288
f 1751/1858/4289 1753/1857/4289 1754/1856/4289
f 1620/1695/4290 1751/1858/4290 1755/1859/4290
f 1752/1855/581 1740/1921/581 1742/1846/581
f 1756/1860/4291 1758/3096/4291 1840/2568/4291
f 1760/1862/4292 1700/1790/4292 1690/1782/4292 1747/1835/4292
f 1695/1786/4293 1699/1861/4293 1763/3097/4293 1744/1852/4293
f 1653/1741/4294 1760/1862/4294 1761/1791/4294
f 1760/1862/4295 1748/1847/4295 2087/1849/4295
f 1761/1791/4296 1760/1862/4296 1762/1863/4296
f 1756/1860/4297 1764/1865/4297 1763/3097/4297 1699/1861/4297
f 1764/1865/4298 1744/1852/4298 1763/3097/4298
f 1764/1865/4299 1765/1935/4299 1749/1854/4299 1744/1852/4299
f 1768/1869/4300 1767/1797/4300 1705/1796/4300 1766/3098/4300
f 1757/1864/4301 1759/1934/4301 1764/1865/4301
f 3143/1877/75 3142/3099/75 1772/1875/75
f 1797/2219/4302 1798/1892/4302 1778/1938/4302 1784/2218/4302
f 1768/1869/4303 1769/1868/4303 1767/1797/4303
f 3140/1870/4304 3141/1800/4304 1713/1802/4304
f 1771/1867/4305 3140/1870/4305 1770/1871/4305
f 3142/3099/4306 3157/1872/4306 1773/1874/4306
f 1772/1875/4307 3142/3099/4307 1773/1874/4307
f 1773/1874/4308 1844/1873/4308 1774/3100/4308
f 1773/1874/4309 1774/3100/4309 1775/1876/4309
f 1720/1819/4310 1772/1875/4310 1777/1818/4310
f 3123/1803/1 3143/1877/1 1720/1819/1
f 1768/1869/4311 1766/3098/4311 3138/1882/4311
f 1710/1809/4312 1767/1797/4312 1780/1878/4312
f 1710/1809/4313 1780/1878/4313 1779/1810/4313
f 1780/1878/4314 1767/1797/4314 1769/1868/4314
f 1779/1810/4315 1780/1878/4315 1786/1879/4315
f 1781/1880/4316 1780/1878/4316 1769/1868/4316
f 1770/1871/4317 1713/1802/4317 1715/1884/4317
f 1769/1868/4318 1771/1867/4318 1770/1871/4318
f 1781/1880/4319 1769/1868/4319 1770/1871/4319
f 1782/1881/4320 1770/1871/4320 1715/1884/4320
f 1716/1812/4321 1775/1876/4321 1783/1815/4321
f 1775/1876/4322 1776/1944/4322 1783/1815/4322
f 1775/1876/4323 1716/1812/4323 1777/1818/4323
f 1778/1938/4324 2112/1940/4324 1784/2218/4324
f 3138/1882/2568 3116/1820/2568 1721/1821/2568
f 1721/1821/4325 1786/1879/4325 1768/1869/4325
f 1787/1887/4326 1721/1821/4326 1779/1810/4326
f 1787/1887/4327 1779/1810/4327 1786/1879/4327
f 1721/1821/4328 1787/1887/4328 1812/1903/4328
f 1788/1824/4253 1715/1884/4253 1714/3095/4253
f 1787/1887/4329 1786/1879/4329 1789/1885/4329
f 1789/1885/4330 1790/1889/4330 1813/1886/4330
f 1789/1885/4331 1791/1883/4331 1715/1884/4331
f 1789/1885/4332 1723/1825/4332 1790/1889/4332
f 1790/1889/4333 1783/1815/4333 1793/1890/4333
f 1727/1836/4334 1822/1841/4334 1796/1891/4334 1728/1830/4334
f 1796/1891/4335 1798/1892/4335 1797/2219/4335
f 1785/1945/4336 1778/1938/4336 1798/1892/4336
f 1804/2220/4337 1799/1896/4337 1800/1895/4337
f 3115/1831/3998 1805/1927/3998 1806/1901/3998
f 1806/1901/4338 1805/1927/4338 1807/1917/4338
f 1810/1904/4339 1806/1901/4339 1807/1917/4339
f 1815/1922/4340 1810/1904/4340 1807/1917/4340
f 1811/1905/4341 1809/1902/4341 1810/1904/4341
f 1787/1887/4342 1813/1886/4342 1809/1902/4342
f 1808/1832/4343 1809/1902/4343 1813/1886/4343
f 1813/1886/4344 1814/1907/4344 1815/1922/4344
f 1813/1886/4345 1815/1922/4345 1731/1906/4345
f 1814/1907/4346 1810/1904/4346 1815/1922/4346
f 1811/1905/4347 1810/1904/4347 1814/1907/4347
f 1816/1943/4348 1811/1905/4348 1814/1907/4348
f 1816/1943/4349 1814/1907/4349 1793/1890/4349
f 1818/1910/4350 1794/1893/4350 1798/1892/4350
f 1819/1912/4351 1795/1911/4351 1818/1910/4351
f 1820/1913/4352 1795/1911/4352 1819/1912/4352
f 1828/1845/4353 1741/1843/4353 1740/1921/4353 1827/3101/4353
f 1734/1840/4354 1817/1908/4354 1822/1841/4354
f 1817/1908/4355 1818/1910/4355 1822/1841/4355
f 1735/1834/4356 1739/1915/4356 1738/1924/4356
f 1802/1898/4357 1799/1896/4357 1739/1915/4357
f 1739/1915/4358 1819/1912/4358 1738/1924/4358
f 1739/1915/4359 1799/1896/4359 1803/1900/4359
f 1820/1913/4360 1819/1912/4360 1739/1915/4360
f 1740/1921/4361 1829/1919/4361 1827/3101/4361
f 1731/1906/4362 1815/1922/4362 1829/1919/4362
f 1827/3101/4363 1829/1919/4363 1835/1930/4363
f 1827/3101/4364 1835/1930/4364 1834/1933/4364 1828/1845/4364
f 1748/1847/4365 1831/1850/4365 2082/1848/4365
f 1832/1925/4366 1738/1924/4366 1830/1853/4366
f 1831/1850/4367 1747/1835/4367 1832/1925/4367
f 1746/1909/4368 1745/1851/4368 1830/1853/4368
f 1839/3102/4369 1755/1859/4369 1754/1856/4369 1836/1932/4369
f 1835/1930/4370 1837/1929/4370 1838/1931/4370
f 1836/1932/4371 1838/1931/4371 1849/3103/4371
f 1849/3103/4372 1841/2569/4372 1839/3102/4372 1836/1932/4372
f 1758/3096/4373 1839/3102/4373 1841/2569/4373
f 1854/700/4374 651/699/4374 336/367/4374 1852/366/4374
f 1758/3096/4375 1841/2569/4375 1840/2568/4375
f 1775/1876/4376 1774/3100/4376 1776/1944/4376
f 3154/1941/4377 1780/1878/4377 1781/1880/4377
f 1845/1939/314 1778/1938/314 1785/1945/314
f 1847/1899/4378 1799/1896/4378 1804/2220/4378
f 1803/1900/4379 1847/1899/4379 1823/1916/4379
f 1824/1918/4380 1825/3104/4380 1826/1923/4380
f 1825/3104/4381 1824/1918/4381 1833/3105/4381
f 1842/1926/4382 1765/1935/4382 1843/1946/4382
f 3082/3106/4383 1855/1949/4383 1851/1950/4383
f 1861/1962/4384 1864/1963/4384 1857/1955/4384 1858/1957/4384
f 1852/366/4385 1853/1951/4385 1854/700/4385
f 3085/742/4386 1850/1959/4386 668/741/4386
f 668/741/4387 1850/1959/4387 1875/1960/4387
f 1944/2039/4388 698/1980/4388 1869/737/4388 1871/1968/4388
f 1859/2019/4389 1858/1957/4389 1856/1954/4389
f 663/713/1052 1857/1955/1052 675/725/1052
f 661/711/1 663/713/1 1865/733/1
f 656/708/4390 662/1956/4390 663/713/4390
f 662/1956/4391 660/710/4391 666/717/4391
f 1850/1959/4392 3083/1952/4392 666/717/4392
f 672/720/4393 669/387/4393 673/721/4393
f 1861/1962/4394 672/720/4394 673/721/4394
f 1864/1963/4395 1861/1962/4395 673/721/4395
f 1864/1963/1359 673/721/1359 1878/1970/1359
f 671/704/4396 1864/1963/4396 1863/722/4396
f 1863/722/4397 1864/1963/4397 1878/1970/4397
f 1864/1963/4398 674/724/4398 675/725/4398
f 680/732/4399 677/729/4399 1885/1965/4399
f 1865/733/4400 675/725/4400 1866/1964/4400
f 1866/1964/4401 1867/2026/4401 1870/736/4401
f 1867/2026/4402 1866/1964/4402 680/732/4402
f 1868/1966/4403 1867/2026/4403 680/732/4403
f 678/728/4404 1869/737/4404 698/1980/4404
f 1875/1960/4405 684/735/4405 1872/1967/4405
f 1869/737/4406 684/735/4406 1871/1968/4406
f 693/745/4407 1886/3107/4407 1887/1977/4407 681/1976/4407
f 1872/1967/4408 683/734/4408 668/741/4408
f 685/738/3227 683/734/3227 1872/1967/3227
f 1874/1986/4409 1872/1967/4409 668/741/4409
f 1874/1986/4410 668/741/4410 1873/2035/4410
f 1874/1986/4411 1873/2035/4411 1893/1987/4411
f 1873/2035/4412 668/741/4412 1875/1960/4412
f 1873/2035/4413 1875/1960/4413 1938/2031/4413
f 1875/1960/4414 1872/1967/4414 1874/1986/4414
f 1875/1960/4415 1874/1986/4415 1892/1988/4415
f 1876/2030/4416 1875/1960/4416 1892/1988/4416
f 1873/2035/90 1877/2036/90 1953/2051/90
f 1863/722/4417 1879/1971/4417 1881/1974/4417
f 1879/1971/4418 1880/1969/4418 1883/1973/4418
f 1883/1973/4419 1884/1978/4419 1888/1996/4419
f 1883/1973/4420 1881/1974/4420 1879/1971/4420
f 1883/1973/4421 1940/1972/4421 1884/1978/4421
f 1884/1978/4422 1885/1965/4422 1887/1977/4422
f 1555/3086/4423 1900/2009/4423 1899/2008/4423 1553/1622/4423
f 1884/1978/4424 1887/1977/4424 1888/1996/4424
f 1887/1977/4425 1943/2038/4425 1888/1996/4425
f 1886/3107/4426 693/745/4426 694/744/4426
f 692/730/4427 1889/1981/4427 696/747/4427
f 1886/3107/4428 694/744/4428 697/1984/4428
f 1889/1981/4429 1886/3107/4429 697/1984/4429
f 696/747/4430 1889/1981/4430 697/1984/4430
f 696/747/4431 697/1984/4431 1908/1983/4431
f 699/748/4432 696/747/4432 1890/1982/4432
f 699/748/4433 1890/1982/4433 1891/1989/4433
f 699/748/4434 1891/1989/4434 1910/756/4434
f 1892/1988/4435 1893/1987/4435 1891/1989/4435
f 1895/1991/4436 1891/1989/4436 1893/1987/4436
f 1891/1989/4437 1895/1991/4437 1894/1990/4437
f 1895/1991/4438 1892/1988/4438 1890/1982/4438
f 1893/1987/4439 1873/2035/4439 1953/2051/4439
f 1897/1992/4440 1882/1975/4440 1898/2067/4440
f 689/723/4441 1882/1975/4441 1896/1993/4441 702/751/4441
f 1909/2002/4442 1908/1983/4442 1907/1985/4442 1906/2061/4442
f 1882/1975/4443 1961/2056/4443 1898/2067/4443
f 1883/1973/4444 1888/1996/4444 1902/1994/4444
f 1882/1975/4445 1883/1973/4445 1901/1995/4445
f 1961/2056/4446 1882/1975/4446 1901/1995/4446
f 1906/2061/4447 1907/1985/4447 2562/2001/4447
f 1907/1985/4448 697/1984/4448 695/746/4448
f 1911/2004/4449 707/759/4449 703/413/4449 1897/1992/4449
f 1898/2067/4450 1917/2011/4450 1911/2004/4450 1897/1992/4450
f 706/760/4451 1911/2004/4451 1916/761/4451
f 1912/2006/4452 1913/2005/4452 1558/1630/4452 1557/1628/4452
f 1932/3108/4453 1934/2028/4453 1926/2073/4453 1922/2016/4453
f 1914/2010/4454 1913/2005/4454 1915/2007/4454
f 1904/1999/4455 1906/2061/4455 1918/2000/4455
f 1852/366/4456 1974/1551/4456 1853/1951/4456
f 1919/2013/314 3082/3106/314 1851/1950/314
f 3097/1953/4457 1920/2014/4457 1975/2015/4457
f 1924/2021/4458 3097/1953/4458 1975/2015/4458
f 1925/2023/4459 1859/2019/4459 1924/2021/4459
f 1923/2020/4460 1859/2019/4460 1928/1659/4460
f 1928/1659/4461 1859/2019/4461 1925/2023/4461
f 1860/1958/4462 3097/1953/4462 1924/2021/4462
f 1932/3108/4463 1922/2016/4463 1935/2033/4463
f 1886/3107/4464 1944/2039/4464 1943/2038/4464 1887/1977/4464
f 1922/2016/90 1927/2018/90 1935/2033/90
f 1870/736/4465 1868/1966/4465 1931/2029/4465
f 1871/1968/4466 1933/2027/4466 1944/2039/4466
f 1933/2027/4467 1870/736/4467 1932/3108/4467
f 1932/3108/4468 1935/2033/4468 1933/2027/4468
f 1933/2027/4469 1931/2029/4469 1944/2039/4469
f 1934/2028/4470 1932/3108/4470 1870/736/4470
f 1933/2027/4471 1934/2028/4471 1931/2029/4471
f 1935/2033/4472 1936/2032/4472 1933/2027/4472
f 1937/2034/4473 1876/2030/4473 1892/1988/4473
f 2010/2096/4474 1933/2027/4474 1936/2032/4474
f 1935/2033/4475 1927/2018/4475 1938/2031/4475
f 1880/1969/4476 1603/1668/4476 1939/1672/4476
f 1880/1969/4477 1939/1672/4477 1940/1972/4477
f 1941/1671/4478 1604/1673/4478 1939/1672/4478
f 1940/1972/4479 1939/1672/4479 1604/1673/4479
f 1884/1978/4480 1940/1972/4480 1942/1979/4480
f 1942/1979/4481 1940/1972/4481 1617/2037/4481
f 1949/2044/4482 1965/2063/4482 1946/2040/4482 1947/2047/4482
f 1888/1996/4483 1943/2038/4483 1962/3109/4483
f 1943/2038/4484 1946/2040/4484 1965/2063/4484
f 1931/2029/4485 1868/1966/4485 1945/2041/4485
f 1944/2039/4486 1886/3107/4486 1889/1981/4486
f 1955/3110/4487 1957/2053/4487 1956/2052/4487 1899/2008/4487
f 1947/2047/4488 1946/2040/4488 1986/2042/4488
f 1948/2043/4489 1892/1988/4489 1895/1991/4489
f 1948/2043/4490 1895/1991/4490 1893/1987/4490
f 1950/2049/4491 1948/2043/4491 1893/1987/4491
f 1949/2044/4492 1948/2043/4492 1951/2045/4492
f 2618/2712/4493 1972/2069/4493 1961/2056/4493 1960/2058/4493
f 1552/1620/4494 1553/1622/4494 1956/2052/4494
f 1959/2057/121 1901/1995/121 1902/1994/121
f 1960/2058/4495 1961/2056/4495 1959/2057/4495
f 1888/1996/4496 1962/3109/4496 1903/1997/4496
f 1903/1997/4497 1962/3109/4497 1963/2062/4497
f 1904/1999/4498 1963/2062/4498 1967/2060/4498
f 1960/2058/4499 1902/1994/4499 1905/1998/4499
f 1962/3109/4500 1943/2038/4500 1963/2062/4500
f 1906/2061/4501 1967/2060/4501 1909/2002/4501
f 1909/2002/4502 1967/2060/4502 1964/3111/4502
f 1965/2063/4503 1949/2044/4503 1952/2046/4503
f 1955/3110/4504 1899/2008/4504 1915/2007/4504
f 1968/2065/4505 1955/3110/4505 1915/2007/4505
f 1957/2053/4506 1955/3110/4506 1968/2065/4506
f 1617/2037/4507 1957/2053/4507 1968/2065/4507
f 1971/2179/4508 1970/2066/4508 1968/2065/4508
f 1898/2067/4509 1961/2056/4509 2552/2068/4509
f 1977/2072/4510 1975/2015/4510 1974/1551/4510 1976/2084/4510
f 1973/2713/4511 1905/1998/4511 1918/2000/4511
f 1960/2058/4512 1905/1998/4512 1973/2713/4512
f 2618/2712/4513 1960/2058/4513 1973/2713/4513
f 1909/2002/4514 1964/3111/4514 2622/2716/4514
f 1974/1551/4515 1630/3089/4515 1994/3112/4515
f 1982/2075/4516 1604/1673/4516 1930/2025/4516 1979/1774/4516
f 1974/1551/4517 1994/3112/4517 1976/2084/4517
f 1922/2016/4518 1926/2073/4518 2001/2017/4518
f 1975/2015/4519 1977/2072/4519 1929/2022/4519
f 1928/1659/4520 1979/1774/4520 1930/2025/4520
f 1978/2070/4521 1928/1659/4521 1929/2022/4521
f 1934/2028/4522 1933/2027/4522 2010/2096/4522
f 1980/2074/4523 1934/2028/4523 2010/2096/4523
f 1981/2098/4524 1937/2034/4524 1892/1988/4524
f 1991/2080/4525 1989/2059/4525 1958/2054/4525 1990/2079/4525
f 1644/1724/4526 1643/1722/4526 1982/2075/4526
f 1947/2047/4527 1986/2042/4527 1985/2048/4527
f 1985/2048/4528 2016/2103/4528 1987/2078/4528
f 1988/2106/4529 1948/2043/4529 1950/2049/4529
f 1948/2043/4530 1988/2106/4530 1951/2045/4530
f 1988/2106/4531 1950/2049/4531 1954/2050/4531
f 1951/2045/4532 1988/2106/4532 1993/2081/4532
f 2676/3113/4533 2622/2716/4533 1964/3111/4533 1992/2116/4533
f 1984/2077/4534 1983/2076/4534 1989/2059/4534
f 1992/2116/4535 1967/2060/4535 1966/2064/4535
f 1967/2060/4536 1992/2116/4536 1964/3111/4536
f 1992/2116/4537 1966/2064/4537 1993/2081/4537
f 1968/2065/4538 1969/1738/4538 1971/2179/4538
f 1980/2074/4539 2007/2071/4539 1999/2143/4539 2003/2090/4539
f 3110/2086/90 3111/3114/90 1997/2089/90
f 3109/1754/4540 3126/2082/4540 1663/1755/4540
f 1630/3089/4541 1662/1753/4541 1663/1755/4541
f 1630/3089/4542 1663/1755/4542 1994/3112/4542
f 1670/1763/4543 3126/2082/4543 3125/2126/4543
f 1977/2072/4544 1976/2084/4544 1995/2083/4544
f 3129/2087/4545 1995/2083/4545 1996/2085/4545
f 1997/2089/90 3111/3114/90 1998/2142/90
f 3111/3114/4546 3131/2140/4546 1998/2142/4546
f 2003/2090/4547 1999/2143/4547 2002/2091/4547
f 1926/2073/4548 2002/2091/4548 2000/2092/4548
f 1994/3112/4549 1663/1755/4549 1670/1763/4549
f 1994/3112/4550 1670/1763/4550 1671/1764/4550
f 1977/2072/4551 1995/2083/4551 2007/2071/4551
f 1976/2084/4552 1994/3112/4552 1671/1764/4552
f 1976/2084/4553 1671/1764/4553 1978/2070/4553
f 2003/2090/4554 1926/2073/4554 1980/2074/4554
f 2000/2092/3753 2002/2091/3753 2008/2095/3753
f 1978/2070/75 1671/1764/75 1979/1774/75
f 2005/2093/4555 1978/2070/4555 2007/2071/4555
f 2006/2088/4556 2005/2093/4556 2008/2095/4556
f 1997/2089/4557 1998/2142/4557 2007/2071/4557
f 1998/2142/4558 1999/2143/4558 2007/2071/4558
f 2017/2117/4559 1984/2077/4559 2014/2101/4559 2070/2100/4559
f 2008/2095/4560 2007/2071/4560 1980/2074/4560
f 2010/2096/4561 1937/2034/4561 1981/2098/4561
f 2012/2110/4562 1644/1724/4562 1982/2075/4562
f 2012/2110/4563 1982/2075/4563 2004/2094/4563
f 2012/2110/4564 2004/2094/4564 2011/2111/4564
f 2004/2094/4565 1644/1724/4565 2013/3115/4565
f 2013/3115/4566 1644/1724/4566 2012/2110/4566
f 2004/2094/4567 2013/3115/4567 2070/2100/4567
f 1737/1838/4568 2013/3115/4568 2012/2110/4568
f 2013/3115/4569 2066/3116/4569 2070/2100/4569
f 2066/3116/4570 2013/3115/4570 1737/1838/4570
f 2004/2094/4571 2014/2101/4571 2011/2111/4571
f 2014/2101/4572 1984/2077/4572 1991/2080/4572
f 2617/2055/4573 2675/2183/4573 2027/2173/4573 2026/2115/4573
f 1984/2077/4574 2017/2117/4574 2015/2102/4574
f 2015/2102/4575 2017/2117/4575 2031/2119/4575
f 1985/2048/4576 2015/2102/4576 2016/2103/4576
f 2018/2104/4577 2030/2169/4577 1987/2078/4577
f 2020/2099/4578 1892/1988/4578 1987/2078/4578
f 1987/2078/4579 2030/2169/4579 2079/2168/4579
f 1987/2078/4580 2079/2168/4580 2021/2109/4580
f 1737/1838/4581 2012/2110/4581 2022/2112/4581
f 2024/2171/4582 1737/1838/4582 2023/2113/4582
f 2011/2111/1353 2025/2114/1353 2022/2112/1353
f 2026/2115/4583 2011/2111/4583 1990/2079/4583
f 2011/2111/4584 2014/2101/4584 1991/2080/4584
f 1990/2079/4585 2011/2111/4585 1991/2080/4585
f 1992/2116/4586 2028/2108/4586 2029/2122/4586
f 1993/2081/4587 1988/2106/4587 2028/2108/4587
f 2028/2108/4588 2019/2107/4588 3101/2789/4588
f 1969/1738/4589 1761/1791/4589 1971/2179/4589
f 2026/2115/4590 1990/2079/4590 2617/2055/4590
f 2043/2131/4591 2042/2141/4591 3132/3117/4591 3133/2129/4591
f 2031/2119/4592 2016/2103/4592 2015/2102/4592
f 2031/2119/4593 2033/2118/4593 2034/2120/4593
f 2676/3113/4594 1992/2116/4594 2705/2123/4594
f 2031/2119/4595 2032/2121/4595 2035/2105/4595
f 2029/2122/4596 2028/2108/4596 2709/2791/4596
f 2037/2128/4597 3127/2127/4597 3128/2132/4597
f 3131/2140/4598 3132/3117/4598 2042/2141/4598
f 2051/3118/4599 2050/2138/4599 3130/2137/4599 3147/2193/4599
f 3128/2132/4600 3129/2087/4600 2039/2133/4600
f 2099/2201/4601 2051/3118/4601 3147/2193/4601 2101/2195/4601
f 1999/2143/4602 2042/2141/4602 2044/2144/4602
f 3148/3119/4603 2040/2136/4603 2041/2139/4603
f 2043/2131/4604 2046/2130/4604 2052/2145/4604
f 2049/2135/4605 1672/1766/4605 2037/2128/4605
f 2038/2197/4606 3144/2134/4606 2049/2135/4606
f 2038/2197/4607 2049/2135/4607 2039/2133/4607
f 2050/2138/4608 2051/3118/4608 2039/2133/4608
f 2052/2145/4609 2104/2150/4609 2045/2215/4609 2053/3120/4609
f 2100/2200/4610 2039/2133/4610 2051/3118/4610
f 2100/2200/4611 2051/3118/4611 2099/2201/4611
f 2041/2139/4612 2050/2138/4612 2059/2154/4612
f 2052/2145/4613 2041/2139/4613 2059/2154/4613
f 2052/2145/4481 2059/2154/4481 2063/2149/4481
f 2053/3120/4614 3148/3119/4614 2041/2139/4614
f 2045/2215/4615 3148/3119/4615 2053/3120/4615
f 2002/2091/4616 2052/2145/4616 2009/2097/4616
f 2053/3120/4617 2041/2139/4617 2052/2145/4617
f 2070/2100/4618 2072/2174/4618 2073/2166/4618 2071/2156/4618
f 2054/2209/4619 2047/2146/4619 2065/2152/4619
f 2047/2146/90 2048/2148/90 2055/2151/90
f 2056/3094/4620 1726/1828/4620 1729/1829/4620
f 2056/3094/4621 1729/1829/4621 2068/1839/4621
f 2058/2153/4622 2006/2088/4622 2057/2155/4622
f 2063/2149/4623 2064/2160/4623 2062/2158/4623
f 2063/2149/2506 2008/2095/2506 2009/2097/2506
f 2061/2159/4624 2062/2158/4624 2064/2160/4624
f 2066/3116/4625 2056/3094/4625 2067/2162/4625
f 2066/3116/4626 2067/2162/4626 2070/2100/4626
f 1737/1838/4627 2056/3094/4627 2066/3116/4627
f 2056/3094/4628 2068/1839/4628 2067/2162/4628
f 2067/2162/4629 1737/1838/4629 2024/2171/4629
f 2072/2174/4630 2070/2100/4630 2069/2163/4630
f 2072/2174/732 2069/2163/732 2067/2162/732
f 1801/1897/4631 2068/1839/4631 1797/2219/4631 1800/1895/4631
f 2057/2155/4632 2061/2159/4632 2071/2156/4632
f 2076/2164/4633 2061/2159/4633 2074/2165/4633
f 2073/2166/4634 2072/2174/4634 2074/2165/4634
f 2082/1848/4635 2024/2171/4635 2023/2113/4635
f 2080/2172/4636 2023/2113/4636 2025/2114/4636
f 2081/2247/4637 2080/2172/4637 2024/2171/4637
f 2080/2172/4638 2081/2247/4638 2023/2113/4638
f 2024/2171/4639 2082/1848/4639 2081/2247/4639
f 2087/1849/4640 2023/2113/4640 1762/1863/4640
f 2086/2178/4641 1761/1791/4641 1762/1863/4641
f 2023/2113/4642 2081/2247/4642 2148/2180/4642
f 2088/2182/4643 2089/2181/4643 2151/2187/4643
f 2090/2184/4644 2151/2187/4644 2092/2185/4644
f 2707/2188/4645 2074/2165/4645 2072/2174/4645
f 2017/2117/457 2074/2165/457 2033/2118/457
f 2033/2118/4646 2707/2188/4646 2757/2189/4646
f 2034/2120/4647 2757/2189/4647 2155/2190/4647
f 2032/2121/4648 2155/2190/4648 2093/2125/4648
f 2030/2169/4649 2018/2104/4649 2036/2124/4649
f 2078/2170/4650 2036/2124/4650 2094/2191/4650
f 3145/2196/4651 3144/2134/4651 2038/2197/4651
f 3158/2258/4652 3148/3119/4652 2096/2206/4652
f 2046/2130/4653 3159/3121/4653 2105/3122/4653
f 3146/2194/4654 3145/2196/4654 2100/2200/4654
f 2100/2200/4655 3145/2196/4655 2112/1940/4655
f 2099/2201/4656 2101/2195/4656 2114/2204/4656
f 2096/2206/4657 3148/3119/4657 2045/2215/4657
f 2116/2203/4658 2102/2202/4658 2096/2206/4658
f 2046/2130/4659 2105/3122/4659 2104/2150/4659
f 2105/3122/4660 2158/3123/4660 2106/2211/4660
f 2047/2146/4661 2054/2209/4661 2111/2147/4661
f 2107/2207/4662 2106/2211/4662 2109/2208/4662
f 2054/2209/4663 2109/2208/4663 2108/2210/4663
f 2112/1940/4664 2038/2197/4664 1784/2218/4664
f 1784/2218/4665 2038/2197/4665 2097/2199/4665
f 1784/2218/4666 2097/2199/4666 2098/2198/4666
f 2097/2199/4667 2039/2133/4667 2100/2200/4667
f 2113/2213/4668 2100/2200/4668 2099/2201/4668
f 2115/2946/4669 2114/2204/4669 2113/2213/4669
f 2116/2203/4670 2104/2150/4670 2117/2216/4670
f 2104/2150/4671 2105/3122/4671 2106/2211/4671
f 2117/2216/4672 2104/2150/4672 2106/2211/4672
f 2117/2216/4673 2106/2211/4673 2133/2230/4673
f 2106/2211/4674 2107/2207/4674 2133/2230/4674
f 2107/2207/4675 2054/2209/4675 2132/2233/4675
f 2108/2210/4676 2109/2208/4676 2136/2236/4676
f 1729/1829/4677 1796/1891/4677 1797/2219/4677
f 1729/1829/4678 1797/2219/4678 2068/1839/4678
f 1797/2219/4679 2098/2198/4679 1800/1895/4679
f 2126/2214/4680 2064/2160/4680 2060/2157/4680 2120/2222/4680
f 2068/1839/4681 1801/1897/4681 1802/1898/4681
f 2120/2222/4682 2060/2157/4682 2071/2156/4682
f 2121/2223/4683 2113/2213/4683 2120/2222/4683
f 2122/2224/4684 2113/2213/4684 2121/2223/4684
f 2122/2224/4685 2121/2223/4685 2124/2226/4685
f 2185/2285/4686 2184/2287/4686 2187/2288/4686 2186/2334/4686
f 2126/2214/4687 2117/2216/4687 2127/2227/4687
f 2126/2214/4688 2127/2227/4688 2125/2161/4688
f 2127/2227/4689 2124/2226/4689 2125/2161/4689
f 2128/2228/4690 2122/2224/4690 2124/2226/4690
f 2117/2216/4691 2133/2230/4691 2129/2229/4691
f 2128/2228/4692 2127/2227/4692 2129/2229/4692
f 2132/2233/1751 2065/2152/1751 2055/2151/1751
f 2131/2234/4693 2133/2230/4693 2132/2233/4693
f 2131/2234/4694 2108/2210/4694 2136/2236/4694
f 2131/2234/4695 2136/2236/4695 2133/2230/4695
f 2133/2230/4696 2136/2236/4696 2135/2235/4696
f 2136/2236/4697 2110/2212/4697 2135/2235/4697
f 2131/2234/4698 2055/2151/4698 2118/2217/4698
f 2121/2223/4699 2071/2156/4699 2073/2166/4699
f 2137/2239/4700 2121/2223/4700 2075/2237/4700
f 2139/2238/4701 2121/2223/4701 2137/2239/4701
f 2141/3124/4702 2140/2240/4702 2138/2241/4702
f 2137/2239/4703 2142/2242/4703 2143/2245/4703
f 2125/2161/4552 2121/2223/4552 2139/2238/4552
f 2075/2237/4704 2073/2166/4704 2077/2167/4704
f 2061/2159/4705 2125/2161/4705 2077/2167/4705
f 2077/2167/4706 2125/2161/4706 2145/2243/4706
f 2081/2247/4707 2146/2246/4707 2148/2180/4707
f 2083/2175/4708 2084/2248/4708 2085/2176/4708
f 1762/1863/4709 2790/2250/4709 2089/2181/4709
f 2149/2251/4710 2151/2187/4710 2150/2253/4710
f 2152/2252/1310 2153/2916/1310 2155/2190/1310
f 2757/2189/4711 2758/2255/4711 2155/2190/4711
f 2147/2249/75 2084/2248/75 2768/2256/75
f 2112/1940/4712 1845/1939/4712 2156/2257/4712
f 2114/2204/4713 2115/2946/4713 2102/2202/4713
f 2105/3122/4714 2157/3125/4714 2158/3123/4714
f 2105/3122/4715 3159/3121/4715 2157/3125/4715
f 2106/2211/4716 2158/3123/4716 2110/2212/4716
f 2098/2198/891 2156/2257/891 2119/2221/891
f 2130/2232/4717 2129/2229/4717 2134/2231/4717
f 2140/2240/4718 2141/3124/4718 2144/2244/4718
f 2159/2260/121 2134/2231/121 2135/2235/121
f 2135/2235/1 2110/2212/1 2160/3126/1
f 2082/1848/910 1842/1926/910 2146/2246/910
f 2161/3127/314 2141/3124/314 2138/2241/314
f 2162/2259/121 2138/2241/121 2143/2245/121
f 2161/3127/121 2138/2241/121 2162/2259/121
f 2163/1625/4719 1017/1105/4719 1018/1104/4719
f 323/347/4720 1531/399/4720 1533/1607/4720
f 2164/1611/4721 1019/1106/4721 1533/1607/4721
f 2167/1631/4722 2166/2319/4722 1524/1598/4722
f 1022/1111/4723 2167/1631/4723 1528/1602/4723
f 1026/1102/4724 2163/1625/4724 2169/2265/4724
f 3074/2267/4725 3091/2321/4725 2169/2265/4725
f 2164/1611/3041 2171/2263/3041 2174/2378/3041
f 2170/2269/4726 2171/2263/4726 2165/2262/4726
f 2172/2268/4727 2228/2277/4727 2171/2263/4727
f 1022/1111/314 974/1055/314 975/1056/314
f 2173/3128/121 1031/1119/121 1033/1120/121
f 2164/1611/1886 2174/2378/1886 2185/2285/1886
f 2185/2285/4728 2174/2378/4728 2190/2286/4728
f 2174/2378/4729 2171/2263/4729 2176/2271/4729
f 2175/2382/4730 2174/2378/4730 2176/2271/4730
f 2171/2263/4731 2228/2277/4731 2178/2273/4731
f 2179/2272/4732 2171/2263/4732 2178/2273/4732
f 2177/2270/4733 2171/2263/4733 2179/2272/4733
f 2178/2273/4734 2181/2281/4734 2182/2274/4734
f 2181/2281/4735 1037/1123/4735 2182/2274/4735
f 2168/2264/4736 2181/2281/4736 2183/2280/4736
f 2182/2274/4737 1037/1123/4737 2183/2280/4737
f 2182/2274/4738 2183/2280/4738 2244/2293/4738
f 2184/2287/1958 988/1069/1958 943/1070/1958
f 2186/2334/4739 2164/1611/4739 2185/2285/4739
f 2211/2317/4740 2213/2313/4740 2212/2312/4740 2200/2302/4740
f 2186/2334/4741 2187/2288/4741 2188/2289/4741
f 989/1072/4742 2190/2286/4742 1040/2290/4742
f 3088/2282/90 2196/2284/90 3073/2295/90
f 2195/1127/4743 2194/2294/4743 2197/2296/4743
f 3073/2295/4744 2196/2284/4744 2197/2296/4744
f 1045/2298/4745 2187/2288/4745 2204/1128/4745
f 2195/1127/4746 2197/2296/4746 2204/1128/4746
f 2191/2291/4747 2187/2288/4747 1045/2298/4747
f 2199/2299/4748 1048/1135/4748 2198/2300/4748
f 1041/1136/4749 2199/2299/4749 2245/2301/4749
f 1041/1136/2599 2245/2301/2599 2200/2302/2599
f 2201/1140/4750 1041/1136/4750 2200/2302/4750
f 2203/2297/4751 3071/3129/4751 3070/2305/4751
f 3072/2354/4752 3071/3129/4752 2203/2297/4752
f 2202/2348/4753 3072/2354/4753 2203/2297/4753
f 2205/1132/4754 1043/1129/4754 1045/2298/4754
f 1048/1135/4755 1047/1138/4755 1060/1150/4755
f 2201/1140/4756 2200/2302/4756 2210/2311/4756
f 2208/2309/4757 1050/1144/4757 1054/1145/4757
f 1051/1142/4758 2208/2309/4758 1052/1155/4758
f 2207/2308/4759 1060/1150/4759 1062/1152/4759
f 2200/2302/4760 2250/2304/4760 2211/2317/4760
f 2218/2329/4761 1651/1737/4761 2217/2320/4761 1625/1699/4761
f 2166/2319/4762 2167/1631/4762 1625/1699/4762
f 2217/2320/4763 2166/2319/4763 1625/1699/4763
f 1625/1699/4764 1624/1698/4764 1626/1739/4764
f 2218/2329/4765 1625/1699/4765 1626/1739/4765
f 2218/2329/4766 1626/1739/4766 2219/2330/4766
f 3089/3130/4767 2173/3128/4767 2223/2332/4767 2220/2364/4767
f 2220/2364/4768 3090/3131/4768 3089/3130/4768
f 2221/2322/4769 3091/2321/4769 1618/1690/4769
f 2221/2322/4770 1618/1690/4770 2229/2324/4770
f 1618/1690/4771 1648/1729/4771 2305/2405/4771
f 2638/2347/4772 2251/2352/4772 2243/2345/4772 2238/2346/4772
f 2224/2336/4773 2216/1693/4773 2230/2335/4773
f 2224/2336/4774 2272/2370/4774 2216/1693/4774
f 2225/2326/4775 2274/2368/4775 2226/2327/4775
f 2226/2327/4776 2274/2368/4776 2282/2376/4776
f 1027/1115/1 2221/2322/1 1033/1120/1
f 2229/2324/760 2173/3128/760 1033/1120/760
f 1033/1120/4777 2221/2322/4777 2229/2324/4777
f 2223/2332/4778 2173/3128/4778 2229/2324/4778
f 2222/2323/4779 2224/2336/4779 2229/2324/4779
f 2231/2333/4780 2224/2336/4780 2230/2335/4780
f 2232/2325/4781 2226/2327/4781 2282/2376/4781
f 2181/2281/4782 2234/2338/4782 2235/2339/4782
f 2181/2281/4783 2235/2339/4783 2183/2280/4783
f 2236/2331/4784 2219/2330/4784 2237/2340/4784
f 2235/2339/4785 2237/2340/4785 2238/2346/4785
f 3088/2282/253 2239/2341/253 2240/2283/253
f 2241/2343/4786 2186/2334/4786 2189/2385/4786
f 2242/2344/121 2192/2276/121 2193/2292/121
f 2243/2345/4787 2180/2275/4787 2242/2344/4787
f 2238/2346/4788 2242/2344/4788 2244/2293/4788
f 2196/2284/4789 2240/2283/4789 2203/2297/4789
f 2198/2300/4790 2206/2307/4790 2245/2301/4790
f 2247/2349/4791 2243/2345/4791 2251/2352/4791
f 2249/2350/4792 2248/2389/4792 2247/2349/4792
f 2264/2396/4793 2256/2393/4793 2257/2356/4793 2258/3132/4793
f 2251/2352/4794 2638/2347/4794 2252/2353/4794
f 2246/2303/4795 2247/2349/4795 2253/2351/4795
f 2253/2351/4796 2254/2355/4796 2211/2317/4796
f 2257/2356/4797 2207/2308/4797 1062/1152/4797
f 2212/2312/4798 2262/2358/4798 1062/1152/4798 2210/2311/4798
f 2257/2356/4799 2262/2358/4799 2258/3132/4799
f 2262/2358/4800 2263/2361/4800 2264/2396/4800 2258/3132/4800
f 2262/2358/4801 2212/2312/4801 2214/2315/4801
f 2262/2358/4802 2214/2315/4802 2261/2360/4802
f 2283/2421/4803 2282/2376/4803 2274/2368/4803 2307/2420/4803
f 2211/2317/4804 2254/2355/4804 2260/2318/4804
f 2261/2360/314 2214/2315/314 3086/2316/314
f 1650/1696/4805 2265/1736/4805 2165/2262/4805
f 2266/2401/4806 1652/1740/4806 1651/1737/4806
f 2268/2363/4807 3090/3131/4807 2220/2364/4807
f 2270/2365/4808 2220/2364/4808 2269/2366/4808
f 2275/2371/4809 2274/2368/4809 2273/2369/4809
f 2300/2412/4810 2216/1693/4810 2272/2370/4810
f 2222/2323/253 2271/2362/253 2224/2336/253
f 1620/1695/4811 2216/1693/4811 2300/2412/4811
f 2276/2381/4812 2225/2326/4812 2232/2325/4812
f 2277/2372/4813 2273/2369/4813 2225/2326/4813
f 2278/2413/4814 2225/2326/4814 2276/2381/4814
f 2172/2268/4815 2279/2373/4815 2227/2328/4815
f 2228/2277/1 2313/2416/1 2310/2278/1
f 2269/2366/4816 2220/2364/4816 2223/2332/4816
f 2281/2367/3433 2269/2366/3433 2231/2333/3433
f 2254/2355/4817 2252/2353/4817 2248/2389/4817 2249/2350/4817
f 2282/2376/4818 2283/2421/4818 2284/2422/4818
f 2282/2376/4819 2284/2422/4819 2285/2377/4819
f 2175/2382/4820 2176/2271/4820 2177/2270/4820
f 2288/2383/4821 2177/2270/4821 2179/2272/4821
f 2288/2383/4822 2179/2272/4822 2180/2275/4822
f 2288/2383/4823 2180/2275/4823 2289/2387/4823
f 2189/2385/4824 2186/2334/4824 2188/2289/4824
f 2190/2286/4825 2287/2379/4825 2188/2289/4825
f 2289/2387/827 2180/2275/827 2243/2345/827
f 2243/2345/4826 2247/2349/4826 2248/2389/4826
f 2290/2388/4827 2243/2345/4827 2291/2390/4827
f 2291/2390/4828 2248/2389/4828 2292/2391/4828
f 2415/2514/4829 2335/2434/4829 2330/2431/4829 2414/2430/4829
f 2255/2392/4830 2248/2389/4830 2252/2353/4830
f 2293/2461/4831 2256/2393/4831 2299/2397/4831
f 2256/2393/4832 2293/2461/4832 2294/2394/4832
f 2257/2356/4833 2256/2393/4833 2259/2357/4833
f 2260/2318/4834 2259/2357/4834 2296/2359/4834
f 2259/2357/4835 2295/2395/4835 2296/2359/4835
f 2296/2359/4836 2295/2395/4836 2297/2468/4836
f 2296/2359/4837 2297/2468/4837 2298/3133/4837
f 2265/1736/4838 1696/1787/4838 2279/2373/4838
f 2303/2398/4839 1698/1789/4839 2301/2400/4839
f 1698/1789/4840 1700/1790/4840 2302/2399/4840
f 2381/2477/4841 2303/2398/4841 2301/2400/4841
f 2302/2399/4842 1700/1790/4842 1652/1740/4842
f 2268/2363/4843 2270/2365/4843 2304/2418/4843
f 1618/1690/4844 2305/2405/4844 2271/2362/4844
f 2304/2418/4845 2270/2365/4845 2318/2375/4845
f 2271/2362/4846 2305/2405/4846 2319/2407/4846
f 2305/2405/4847 3114/2404/4847 2306/2406/4847
f 2274/2368/4848 2275/2371/4848 2307/2420/4848
f 2307/2420/4849 2275/2371/4849 2272/2370/4849
f 2307/2420/4850 2272/2370/4850 2321/2409/4850
f 2308/2411/4851 2275/2371/4851 2309/2410/4851
f 2227/2328/4852 2279/2373/4852 2311/2414/4852
f 2313/2416/4853 2278/2413/4853 2310/2278/4853
f 2277/2372/4854 2278/2413/4854 2312/2415/4854
f 1696/1787/4855 2303/2398/4855 2311/2414/4855
f 2227/2328/4856 2311/2414/4856 2312/2415/4856
f 2311/2414/4857 2303/2398/4857 2312/2415/4857
f 2303/2398/4858 2393/2490/4858 2312/2415/4858
f 2314/2766/4859 2280/2374/4859 2326/2417/4859
f 2267/2402/4860 2280/2374/4860 2314/2766/4860
f 2319/2407/4861 2316/2419/4861 2318/2375/4861
f 2306/2406/4862 2320/2408/4862 2319/2407/4862
f 2317/2501/121 2316/2419/121 2319/2407/121
f 2321/2409/4863 2230/2335/4863 2233/2337/4863
f 2284/2422/4864 2283/2421/4864 2321/2409/4864
f 2285/2377/4865 2284/2422/4865 2322/2423/4865
f 2286/2380/4866 2285/2377/4866 2322/2423/4866
f 2323/2425/4867 2286/2380/4867 2336/2424/4867
f 2175/2382/4868 2288/2383/4868 2324/2436/4868
f 2324/2436/4869 2288/2383/4869 2339/2437/4869
f 2178/2273/4870 2325/2279/4870 2327/2384/4870
f 2325/2279/4871 2404/2426/4871 2327/2384/4871
f 2314/2766/4872 2326/2417/4872 2328/2428/4872
f 2344/2438/4873 2328/2428/4873 2329/2427/4873
f 2327/2384/4874 2404/2426/4874 2329/2427/4874
f 2331/2446/2236 2330/2431/2236 2349/2433/2236
f 2331/2446/197 2332/2429/197 2330/2431/197
f 2333/2432/4875 2241/2343/4875 2189/2385/4875
f 2345/3134/4876 2344/2438/4876 2329/2427/4876 2407/2510/4876
f 2287/2379/4877 2175/2382/4877 2338/2386/4877
f 2333/2432/4878 2338/2386/4878 2334/2448/4878
f 2336/2424/4879 2241/2343/4879 2335/2434/4879
f 2338/2386/4880 2418/3135/4880 2334/2448/4880
f 2404/2426/4881 2323/2425/4881 2336/2424/4881
f 2335/2434/4882 2415/2514/4882 2337/2435/4882
f 2341/2442/4883 2338/2386/4883 2339/2437/4883
f 2290/2388/4884 2339/2437/4884 2289/2387/4884
f 2340/2443/4885 2339/2437/4885 2290/2388/4885
f 2341/2442/4886 2339/2437/4886 2340/2443/4886
f 2362/2456/4887 2359/2534/4887 2351/2451/4887 2361/2453/4887
f 2344/2438/4888 2345/3134/4888 2346/2441/4888
f 2333/2432/4889 2334/2448/4889 2349/2433/4889
f 2349/2433/90 2334/2448/90 2350/2450/90
f 2351/2451/4890 2349/2433/4890 2350/2450/4890
f 2340/2443/4891 2290/2388/4891 2291/2390/4891
f 2353/2454/4892 2291/2390/4892 2352/2452/4892
f 2354/3136/4893 2340/2443/4893 2353/2454/4893
f 2348/2445/4894 2340/2443/4894 2354/3136/4894
f 2355/2531/4895 2354/3136/4895 2353/2454/4895
f 2357/2447/4896 2349/2433/4896 2356/2533/4896
f 2357/2447/314 2331/2446/314 2349/2433/314
f 2358/2516/4897 2357/2447/4897 2356/2533/4897
f 2359/2534/4898 2349/2433/4898 2351/2451/4898
f 2356/2533/4899 2349/2433/4899 2359/2534/4899
f 2363/2546/4900 2361/2453/4900 2292/2391/4900 2255/2392/4900
f 2376/2472/1054 2598/2695/1054 2298/3133/1054 2373/2470/1054
f 2361/2453/4901 2363/2546/4901 2362/2456/4901
f 2370/2467/1 2363/2546/1 2447/2545/1
f 2370/2467/4902 2447/2545/4902 2375/2469/4902
f 2255/2392/4903 2364/2544/4903 2363/2546/4903
f 2365/2459/4904 2293/2461/4904 2299/2397/4904
f 2365/2459/4905 3113/2463/4905 2368/2460/4905
f 2293/2461/4906 2368/2460/4906 2366/2462/4906
f 2366/2462/4907 2368/2460/4907 2367/2471/4907
f 3113/2463/261 2451/2550/261 2456/2552/261
f 3113/2463/3441 2456/2552/3441 2454/2464/3441
f 2294/2394/4908 2366/2462/4908 2367/2471/4908
f 2433/2458/4909 2360/2457/4909 2371/2466/4909
f 2360/2457/4910 2362/2456/4910 2370/2467/4910
f 2295/2395/4911 2360/2457/4911 2297/2468/4911
f 2373/2470/4912 2294/2394/4912 2367/2471/4912
f 2371/2466/4913 2294/2394/4913 2375/2469/4913
f 2362/2456/90 2363/2546/90 2370/2467/90
f 2297/2468/4914 2375/2469/4914 2298/3133/4914
f 2298/3133/4915 2375/2469/4915 2373/2470/4915
f 2267/2402/4916 2315/2497/4916 2383/2479/4916 2266/2401/4916
f 2374/2562/4917 2371/2466/4917 2375/2469/4917
f 2367/2471/4918 2368/2460/4918 2369/2465/4918
f 1751/1858/4919 1620/1695/4919 2300/2412/4919
f 1751/1858/4920 2377/2474/4920 1753/1857/4920
f 2379/2476/4921 1751/1858/4921 2300/2412/4921
f 2380/2478/121 2301/2400/121 2302/2399/121
f 2303/2398/4922 2381/2477/4922 2393/2490/4922
f 2383/2479/4923 2381/2477/4923 2380/2478/4923
f 2383/2479/4924 2302/2399/4924 2266/2401/4924
f 2383/2479/4925 2394/2499/4925 2382/2496/4925 2381/2477/4925
f 2312/2415/4926 2393/2490/4926 2309/2410/4926 2277/2372/4926
f 3114/2404/4927 2477/2487/4927 2389/2486/4927
f 3114/2404/4928 2389/2486/4928 2320/2408/4928
f 2320/2408/4929 2389/2486/4929 2397/2502/4929
f 2390/2488/4930 2391/2489/4930 2392/2492/4930
f 2391/2489/4931 2393/2490/4931 2392/2492/4931
f 2390/2488/1886 2392/2492/1886 2399/2494/1886
f 2399/2494/4932 2397/2502/4932 2389/2486/4932 2390/2488/4932
f 2392/2492/90 2382/2496/90 2412/2495/90
f 2395/2500/4933 2394/2499/4933 2315/2497/4933
f 2386/2498/4934 2395/2500/4934 2315/2497/4934
f 2386/2498/4935 2384/2481/4935 2396/2485/4935
f 2386/2498/4936 2396/2485/4936 2395/2500/4936
f 2409/2511/4937 2411/2600/4937 2410/3137/4937 2403/2506/4937
f 2398/2589/4938 2397/2502/4938 2399/2494/4938
f 2317/2501/4939 2397/2502/4939 2398/2589/4939
f 2404/2426/4940 2402/2493/4940 2405/2512/4940
f 2407/2510/4941 2403/2506/4941 2408/2522/4941
f 2341/2442/4942 2421/2520/4942 2418/3135/4942 2338/2386/4942
f 2329/2427/4943 2405/2512/4943 2407/2510/4943
f 2405/2512/4944 2402/2493/4944 2412/2495/4944
f 2412/2495/4945 2396/2485/4945 2406/2509/4945
f 2405/2512/4946 2406/2509/4946 2407/2510/4946
f 2406/2509/4947 2396/2485/4947 2409/2511/4947
f 2396/2485/4948 2509/2604/4948 2413/2513/4948
f 2401/2505/3974 2400/2503/3974 2416/2504/3974
f 2415/2514/4949 2416/2504/4949 2337/2435/4949
f 2422/2519/4950 2403/2506/4950 2420/2508/4950
f 2422/2519/4951 2420/2508/4951 2419/2517/4951
f 2428/2530/4952 2351/2451/4952 2350/2450/4952 2426/2449/4952
f 2418/3135/4953 2421/2520/4953 2427/2525/4953
f 2408/2522/4954 2403/2506/4954 2422/2519/4954
f 2407/2510/4955 2408/2522/4955 2423/2521/4955
f 2423/2521/4956 2424/2523/4956 2421/2520/4956
f 2427/2525/4957 2421/2520/4957 2424/2523/4957
f 2423/2521/4958 2341/2442/4958 2347/2444/4958
f 2345/3134/4959 2407/2510/4959 2347/2444/4959
f 2346/2441/4960 2345/3134/4960 2347/2444/4960
f 2414/2430/75 2332/2429/75 2357/2447/75
f 2515/2608/4961 2417/2515/4961 2432/2527/4961
f 2334/2448/4962 2418/3135/4962 2426/2449/4962
f 2430/2528/4963 2352/2452/4963 2351/2451/4963 2428/2530/4963
f 2426/2449/4964 2418/3135/4964 2428/2530/4964
f 2429/2529/4965 2428/2530/4965 2418/3135/4965 2427/2525/4965
f 2362/2456/4966 2433/2458/4966 2434/2535/4966 2359/2534/4966
f 2427/2525/4967 2523/2524/4967 2429/2529/4967
f 2348/2445/314 2354/3136/314 2355/2531/314
f 2356/2533/4968 2434/2535/4968 2432/2527/4968
f 2358/2516/4969 2356/2533/4969 2432/2527/4969
f 2515/2608/4970 2432/2527/4970 2455/2554/4970
f 2438/2542/4971 2443/2631/4971 2442/2628/4971 2435/2538/4971
f 2439/2543/4972 2435/2538/4972 2440/3138/4972
f 2440/3138/4973 2435/2538/4973 2466/2540/4973
f 2638/2347/4974 2446/2547/4974 2364/2544/4974 2255/2392/4974
f 2438/2542/4975 2439/2543/4975 2441/2642/4975
f 2444/3139/4976 2438/2542/4976 2441/2642/4976
f 2445/2632/4977 2438/2542/4977 2444/3139/4977
f 2540/2643/4978 2441/2642/4978 2466/2540/4978 2467/2639/4978
f 2447/2545/4979 2364/2544/4979 2449/2549/4979
f 2451/2550/3967 2450/3140/3967 3112/2566/3967
f 3113/2463/3998 2450/3140/3998 2451/2550/3998
f 2452/2551/4980 2451/2550/4980 2470/2567/4980
f 2452/2551/4981 2453/2633/4981 2456/2552/4981
f 2369/2465/4982 2454/2464/4982 2458/2555/4982
f 2454/2464/4983 2455/2554/4983 2458/2555/4983
f 2458/2555/4984 2536/2636/4984 2459/2556/4984
f 2457/2553/4985 2432/2527/4985 2460/2537/4985
f 2460/2537/4986 2434/2535/4986 2372/2536/4986
f 2372/2536/4987 2463/2558/4987 2460/2537/4987
f 2464/2559/4988 2372/2536/4988 2461/2637/4988
f 2372/2536/4989 2371/2466/4989 2374/2562/4989
f 2372/2536/4990 2465/2561/4990 2461/2637/4990
f 2461/2637/4991 2465/2561/4991 2471/2565/4991
f 2441/2642/4992 2439/2543/4992 2440/3138/4992
f 2441/2642/4993 2440/3138/4993 2466/2540/4993
f 2466/2540/4994 2533/2560/4994 2467/2639/4994
f 2503/2603/4995 2502/2615/4995 2496/2507/4995 2411/2600/4995
f 2465/2561/4996 2372/2536/4996 2374/2562/4996
f 2468/2641/4997 2444/3139/4997 2441/2642/4997
f 2449/2549/4998 2448/2548/4998 2784/2864/4998
f 2469/2563/121 2449/2549/121 2784/2864/121
f 2469/2563/121 2374/2562/121 2449/2549/121
f 2462/2644/90 2461/2637/90 2471/2565/90
f 2472/1920/4999 1750/2473/4999 2377/2474/4999
f 1833/3105/5000 1824/1918/5000 2472/1920/5000
f 1833/3105/4939 2472/1920/4939 2377/2474/4939
f 2384/2481/5001 2388/2483/5001 2475/2484/5001
f 2388/2483/5002 1765/1935/5002 1759/1934/5002
f 2475/2484/5003 2388/2483/5003 1759/1934/5003
f 1843/1946/5004 2388/2483/5004 2753/2571/5004
f 2476/1947/5005 1843/1946/5005 2753/2571/5005
f 2473/2591/3598 2379/2476/3598 2300/2412/3598
f 2473/2591/5006 2300/2412/5006 2479/2491/5006
f 2479/2491/5007 2477/2487/5007 2478/2573/5007
f 2473/2591/5008 2479/2491/5008 2480/2590/5008
f 2474/2570/5009 2481/2575/5009 2485/2581/5009
f 2485/2581/5010 2481/2575/5010 2482/2577/5010
f 2487/2956/5011 2481/2575/5011 2486/2579/5011
f 1759/1934/5012 1840/2568/5012 2474/2570/5012
f 2475/2484/785 1759/1934/785 2505/2580/785
f 2474/2570/5013 1841/2569/5013 2486/2579/5013
f 2475/2484/5014 2505/2580/5014 2507/2601/5014
f 2490/2574/5015 2317/2501/5015 2398/2589/5015
f 2478/2573/5016 2493/2588/5016 2514/2585/5016
f 2480/2590/5017 2399/2494/5017 2401/2505/5017
f 2480/2590/5018 2479/2491/5018 2398/2589/5018
f 2494/2595/5019 2480/2590/5019 2401/2505/5019
f 2498/2645/5020 2494/2595/5020 2519/2614/5020
f 2501/2597/5021 2494/2595/5021 2498/2645/5021
f 2496/2507/5022 2403/2506/5022 2410/3137/5022
f 2496/2507/5023 2410/3137/5023 2411/2600/5023
f 2516/2609/5024 2519/2614/5024 2494/2595/5024 2401/2505/5024
f 2482/2577/5025 2499/2594/5025 2504/2598/5025
f 2505/2580/5026 2506/2599/5026 2411/2600/5026
f 2507/2601/5027 2409/2511/5027 2413/2513/5027
f 2503/2603/5028 2411/2600/5028 2506/2599/5028
f 2396/2485/5029 2475/2484/5029 2509/2604/5029
f 2507/2601/5030 2413/2513/5030 2510/2605/5030
f 2509/2604/5031 2507/2601/5031 2512/2647/5031
f 2509/2604/5032 2512/2647/5032 2851/2649/5032
f 2512/2647/5033 2507/2601/5033 2510/2605/5033
f 2512/2647/5034 2510/2605/5034 2511/2650/5034
f 2513/2648/5035 2512/2647/5035 2511/2650/5035
f 2517/2610/5036 2515/2608/5036 2518/2627/5036
f 2492/2586/5037 2544/2612/5037 2517/2610/5037
f 2420/2508/3611 2497/2593/3611 2419/2517/3611
f 2419/2517/5038 2497/2593/5038 2521/2518/5038
f 2497/2593/5039 2496/2507/5039 2521/2518/5039
f 2463/2558/5040 2464/2559/5040 2533/2560/5040 2528/2629/5040
f 2519/2614/5041 2516/2609/5041 2544/2612/5041
f 2520/2646/5042 2498/2645/5042 2519/2614/5042
f 2521/2518/5043 2502/2615/5043 2522/2616/5043
f 2502/2615/522 2503/2603/522 2522/2616/522
f 2424/2523/5044 2521/2518/5044 2523/2524/5044
f 2523/2524/5045 2521/2518/5045 2524/2617/5045
f 2523/2524/5046 2524/2617/5046 2530/2619/5046
f 2524/2617/5047 2546/2621/5047 2525/2618/5047
f 2511/2650/5048 2510/2605/5048 2527/2622/5048
f 2489/2583/5049 2492/2586/5049 3135/2611/5049
f 2518/2627/5050 2515/2608/5050 2528/2629/5050
f 2430/2528/5051 2530/2619/5051 2529/2623/5051
f 2525/2618/581 2527/2622/581 2827/2624/581
f 2528/2629/5052 2515/2608/5052 2455/2554/5052
f 3135/2611/5053 2517/2610/5053 2518/2627/5053
f 2528/2629/5054 2532/2626/5054 2518/2627/5054
f 2442/2628/5055 2532/2626/5055 2528/2629/5055
f 2436/2539/5056 2437/2541/5056 2533/2560/5056
f 2435/2538/5057 2442/2628/5057 2437/2541/5057
f 3149/2630/5058 2442/2628/5058 2443/2631/5058
f 2443/2631/5059 2445/2632/5059 2534/2906/5059
f 2537/2635/5060 2457/2553/5060 2460/2537/5060
f 2458/2555/5061 2537/2635/5061 2536/2636/5061
f 2456/2552/5062 2453/2633/5062 2538/2557/5062
f 2537/2635/4645 2528/2629/4645 2538/2557/4645
f 1309/1477/5063 1395/1478/5063 2557/2660/5063 2554/3072/5063
f 2541/2640/5064 2464/2559/5064 2542/2638/5064
f 2467/2639/5065 2533/2560/5065 2464/2559/5065
f 2540/2643/5066 2467/2639/5066 2541/2640/5066
f 2445/2632/5067 2444/3139/5067 2468/2641/5067
f 2465/2561/5068 2541/2640/5068 2539/2564/5068
f 2541/2640/5069 2465/2561/5069 2469/2563/5069
f 2541/2640/5070 2445/2632/5070 2468/2641/5070
f 2469/2563/5071 2445/2632/5071 2541/2640/5071
f 1841/2569/4715 1849/3103/4715 2488/2582/4715
f 2481/2575/5072 2487/2956/5072 2484/2578/5072
f 3151/2587/253 3150/3141/253 2493/2588/253
f 2483/2576/5073 2484/2578/5073 2499/2594/5073
f 2492/2586/5074 2543/2607/5074 2544/2612/5074
f 2544/2612/5075 2543/2607/5075 2545/2613/5075
f 2503/2603/491 2508/2602/491 2526/2620/491
f 2525/2618/5076 2546/2621/5076 2527/2622/5076
f 2527/2622/5077 2546/2621/5077 2547/2651/5077
f 2168/2264/5078 2549/2652/5078 1912/2006/5078
f 2548/2653/5079 1915/2007/5079 1912/2006/5079
f 642/762/1911 1916/761/1911 2550/2654/1911
f 2551/2710/5080 2548/2653/5080 2549/2652/5080
f 1917/2011/5081 2551/2710/5081 2549/2652/5081
f 2550/2654/5082 2549/2652/5082 2168/2264/5082
f 2552/2068/5083 2548/2653/5083 2551/2710/5083
f 1402/1483/5084 705/754/5084 1910/756/5084
f 1307/1476/5085 2554/3072/5085 2553/2656/5085
f 2575/2661/5086 2555/3142/5086 2554/3072/5086 2557/2660/5086
f 2566/2667/5087 1409/1493/5087 1407/1492/5087 1408/1490/5087
f 1395/1478/5088 2550/2654/5088 2557/2660/5088
f 2550/2654/5089 2168/2264/5089 2558/2658/5089
f 2559/2663/2236 1918/2000/2236 2560/2655/2236
f 2557/2660/5090 2559/2663/5090 2560/2655/5090
f 2559/2663/5091 2557/2660/5091 2558/2658/5091
f 2559/2663/5092 2558/2658/5092 2630/2662/5092
f 2560/2655/5093 1906/2061/5093 2562/2001/5093
f 2562/2001/5094 695/746/5094 1400/1482/5094
f 2563/2003/5095 1400/1482/5095 1910/756/5095
f 1400/1482/5096 2563/2003/5096 2564/2664/5096
f 1403/2659/5097 1036/1122/5097 2553/2656/5097
f 2553/2656/5098 2554/3072/5098 2555/3142/5098
f 2555/3142/5099 1403/2659/5099 2553/2656/5099
f 2565/2670/5100 2555/3142/5100 2575/2661/5100
f 2183/2280/5101 1036/1122/5101 1403/2659/5101
f 1403/2659/5102 2555/3142/5102 2565/2670/5102
f 2571/2666/5103 2556/2657/5103 1403/2659/5103
f 2571/2666/5104 1403/2659/5104 2565/2670/5104
f 1424/3143/5105 2581/2683/5105 2584/2682/5105 2580/3144/5105
f 2566/2667/4654 1408/1490/4654 2582/2668/4654
f 2567/1499/5106 1413/1498/5106 2588/2672/5106
f 2571/2666/5107 2565/2670/5107 2567/1499/5107
f 2568/2673/5108 2571/2666/5108 2567/1499/5108
f 2570/2671/5109 2568/2673/5109 2567/1499/5109
f 2569/2674/5110 2568/2673/5110 2570/2671/5110
f 2574/2676/5111 2569/2674/5111 2573/2687/5111
f 2575/2661/5112 2560/2655/5112 2577/3145/5112
f 2642/2732/5113 2577/3145/5113 2560/2655/5113
f 2576/2678/2258 1400/1482/2258 2578/2679/2258
f 2578/2679/5114 2584/2682/5114 2587/2681/5114
f 2580/3144/5115 1408/1490/5115 1422/1505/5115
f 2580/3144/5116 1422/1505/5116 1424/3143/5116
f 1424/3143/5117 1422/1505/5117 2585/2669/5117
f 2590/2677/5118 1434/2686/5118 1415/1504/5118 2572/1503/5118
f 2582/2668/5119 1424/3143/5119 2585/2669/5119
f 2582/2668/5120 1408/1490/5120 2580/3144/5120
f 2583/3146/5121 2582/2668/5121 2580/3144/5121
f 2582/2668/5122 2583/3146/5122 1424/3143/5122
f 2581/2683/5123 1424/3143/5123 2583/3146/5123
f 2580/3144/5124 2584/2682/5124 2583/3146/5124
f 2585/2669/2506 1421/1425/2506 3053/1507/2506
f 2586/2684/5125 2570/2671/5125 2588/2672/5125
f 2573/2687/5126 2569/2674/5126 2586/2684/5126
f 2575/2661/5127 2577/3145/5127 2591/2689/5127
f 2581/2683/5128 2648/2745/5128 2592/2685/5128
f 2581/2683/5129 2583/3146/5129 2648/2745/5129
f 2588/2672/5130 1433/3079/5130 1434/2686/5130
f 3081/2705/1 1443/2937/1 1442/1520/1 1444/1522/1
f 2586/2684/5131 2588/2672/5131 2590/2677/5131
f 2589/2688/2414 2586/2684/2414 2591/2689/2414
f 1438/1517/4750 1440/1518/4750 1444/1522/4750
f 2594/2314/5132 2213/2313/5132 2595/2691/5132
f 2595/2691/5133 2213/2313/5133 2597/2694/5133
f 1972/2069/5134 2619/2711/5134 2617/2055/5134 2552/2068/5134
f 1444/1522/5135 2595/2691/5135 2596/2693/5135
f 1455/1532/1 2602/1534/1 2601/3081/1
f 2602/1534/5136 1450/1531/5136 2603/2699/5136
f 2602/1534/5137 2603/2699/5137 2604/3147/5137
f 2604/3147/5138 2603/2699/5138 2605/2707/5138
f 1450/1531/5139 1451/2696/5139 2600/2698/5139
f 2603/2699/462 1450/1531/462 2600/2698/462
f 2606/2700/5140 2600/2698/5140 2614/2706/5140
f 2609/2701/5141 1459/1541/5141 2608/3148/5141
f 2608/3148/5142 1459/1541/5142 1464/1542/5142
f 2609/2701/5143 2606/2700/5143 2612/2702/5143
f 1459/1541/5144 2612/2702/5144 2610/2703/5144
f 2610/2703/5145 2612/2702/5145 2611/2989/5145
f 2611/2989/5146 2612/2702/5146 2670/2762/5146
f 2615/2708/5147 1915/2007/5147 2552/2068/5147
f 1626/1739/5148 1969/1738/5148 2219/2330/5148
f 1969/1738/5149 1968/2065/5149 2615/2708/5149
f 1970/2066/5150 2615/2708/5150 2552/2068/5150
f 1970/2066/5151 1971/2179/5151 2615/2708/5151
f 2615/2708/5152 2314/2766/5152 2616/2709/5152
f 2648/2745/5153 2583/3146/5153 2584/2682/5153 2647/2739/5153
f 2620/2714/5154 2621/2715/5154 1973/2713/5154
f 2620/2714/5155 2622/2716/5155 2621/2715/5155
f 2625/2665/5156 2219/2330/5156 2616/2709/5156
f 2625/2665/5157 2628/2721/5157 2626/2719/5157
f 2626/2719/5158 2628/2721/5158 2686/2818/5158
f 2556/2657/5159 2626/2719/5159 2630/2662/5159
f 2630/2662/5160 2629/2723/5160 2679/2768/5160
f 2630/2662/5161 2626/2719/5161 2629/2723/5161
f 2620/2714/5162 1918/2000/5162 2561/2722/5162
f 2624/2718/5163 2620/2714/5163 2561/2722/5163
f 2630/2662/5164 2679/2768/5164 2561/2722/5164
f 2624/2718/5165 2561/2722/5165 2634/2769/5165
f 2627/2720/5166 2625/2665/5166 2571/2666/5166
f 2634/2769/5167 2633/2725/5167 2639/2726/5167
f 2564/2664/5168 2624/2718/5168 2634/2769/5168
f 2564/2664/5169 2634/2769/5169 2639/2726/5169
f 2631/2727/90 2681/2730/90 2635/2728/90
f 2632/2771/5170 2631/2727/5170 2636/2729/5170
f 2637/2724/5171 2627/2720/5171 2571/2666/5171
f 2638/2347/5172 2237/2340/5172 2627/2720/5172
f 2637/2724/5173 2626/2719/5173 2686/2818/5173
f 2637/2724/5174 2568/2673/5174 2640/2675/5174
f 2641/2733/121 2560/2655/121 2576/2678/121
f 2642/2732/5175 2645/2734/5175 2643/2738/5175
f 2645/2734/5176 2576/2678/5176 2579/2680/5176
f 2578/2679/5177 2689/2736/5177 2644/2735/5177
f 2564/2664/5178 2639/2726/5178 2689/2736/5178
f 2644/2735/5179 2689/2736/5179 2693/2744/5179
f 2664/2753/5180 2667/2763/5180 2661/2784/5180 2656/2746/5180
f 2636/2729/5181 2635/2728/5181 2648/2745/5181
f 2648/2745/5182 2647/2739/5182 2636/2729/5182
f 2649/2741/5183 2636/2729/5183 2647/2739/5183
f 2649/2741/5184 2648/2745/5184 2635/2728/5184
f 2637/2724/5185 2686/2818/5185 2638/2347/5185
f 2591/2689/5186 2577/3145/5186 2642/2732/5186
f 2645/2734/5187 2579/2680/5187 2587/2681/5187
f 2646/2737/5188 2645/2734/5188 2653/2748/5188
f 2655/2782/5189 2654/2740/5189 2693/2744/5189
f 2649/2741/5190 2654/2740/5190 2655/2782/5190
f 2656/2746/5191 2649/2741/5191 2655/2782/5191
f 2255/2392/5192 2252/2353/5192 2638/2347/5192
f 2650/2742/314 2573/2687/314 2589/2688/314
f 2651/2747/314 2650/2742/314 2589/2688/314
f 2658/2836/314 2651/2747/314 2665/2755/314
f 2651/2747/3557 2659/3149/3557 2701/2754/3557
f 2652/2743/5193 2643/2738/5193 2660/2749/5193
f 2643/2738/581 2646/2737/581 2660/2749/581
f 2651/2747/5194 2652/2743/5194 2659/3149/5194
f 2653/2748/5195 2645/2734/5195 2593/2690/5195
f 2653/2748/5196 2656/2746/5196 2661/2784/5196
f 2662/2758/5197 2661/2784/5197 2667/2763/5197
f 2648/2745/5198 2656/2746/5198 2592/2685/5198
f 2656/2746/5199 2655/2782/5199 2657/2751/5199
f 2622/2716/5200 2676/3113/5200 2619/2711/5200 2621/2715/5200
f 2656/2746/5201 2657/2751/5201 2664/2753/5201
f 2667/2763/5202 2664/2753/5202 2672/2764/5202
f 2213/2313/5203 2296/2359/5203 2598/2695/5203
f 2668/2759/193 2661/2784/193 2662/2758/193
f 2606/2700/5204 2666/2756/5204 2673/2704/5204
f 2670/2762/5205 2673/2704/5205 2671/2761/5205
f 2666/2756/5206 2662/2758/5206 2673/2704/5206
f 2669/2760/5207 2673/2704/5207 2672/2764/5207
f 2673/2704/5208 2669/2760/5208 2671/2761/5208
f 2671/2761/5209 2668/2759/5209 2607/2757/5209
f 2615/2708/5210 1971/2179/5210 2314/2766/5210
f 2675/2183/5211 2617/2055/5211 2619/2711/5211
f 2619/2711/5212 2618/2712/5212 2621/2715/5212
f 2732/2821/5213 2689/2736/5213 2687/2776/5213 2688/2775/5213
f 2677/2767/5214 2629/2723/5214 2633/2725/5214
f 2677/2767/4170 2678/2796/4170 2679/2768/4170
f 2679/2768/5215 2678/2796/5215 2680/2795/5215
f 2679/2768/5216 2680/2795/5216 2711/2799/5216
f 2679/2768/5217 2711/2799/5217 2712/2798/5217
f 2631/2727/910 2682/2770/910 2681/2730/910
f 2681/2730/5218 2682/2770/5218 2717/2804/5218
f 2628/2721/5219 2314/2766/5219 2686/2818/5219
f 2683/2772/5220 2677/2767/5220 2633/2725/5220
f 2678/2796/314 2677/2767/314 2684/2773/314
f 2683/2772/5221 2633/2725/5221 2634/2769/5221
f 2679/2768/5222 2712/2798/5222 2729/2810/5222
f 2684/2773/5223 2683/2772/5223 2726/2774/5223
f 2679/2768/5224 2729/2810/5224 2726/2774/5224
f 2687/2776/5225 2639/2726/5225 2574/2676/5225
f 3101/2789/5226 2710/3150/5226 2759/2845/5226 2708/2790/5226
f 2690/2777/5227 2649/2741/5227 2635/2728/5227
f 2632/2771/5228 2636/2729/5228 2649/2741/5228
f 2690/2777/3433 2635/2728/3433 3092/2731/3433
f 2687/2776/5229 2574/2676/5229 2650/2742/5229
f 2650/2742/4682 2651/2747/4682 2658/2836/4682
f 2689/2736/5230 2732/2821/5230 2695/2779/5230
f 2693/2744/5231 2695/2779/5231 2696/2780/5231
f 2657/2751/5232 2655/2782/5232 2694/2781/5232
f 2698/3151/5233 2652/2743/5233 2660/2749/5233
f 2652/2743/5234 2698/3151/5234 2659/3149/5234
f 2659/3149/1 2702/2786/1 2701/2754/1
f 2659/3149/5235 2698/3151/5235 2702/2786/5235
f 2698/3151/5236 2660/2749/5236 2663/2750/5236
f 2700/2783/5237 2653/2748/5237 2661/2784/5237
f 2597/2694/1 2598/2695/1 2376/2472/1
f 2703/3152/5238 2661/2784/5238 2668/2759/5238
f 2703/3152/5239 2668/2759/5239 2669/2760/5239
f 2699/2785/5240 2661/2784/5240 2703/3152/5240
f 2699/2785/5241 2703/3152/5241 2746/2787/5241
f 2669/2760/5242 2672/2764/5242 2664/2753/5242
f 2746/2787/5243 2703/3152/5243 2669/2760/5243
f 2705/2123/5244 2704/2788/5244 2619/2711/5244
f 2706/2800/5245 2704/2788/5245 2680/2795/5245
f 2705/2123/5246 2619/2711/5246 2676/3113/5246
f 2704/2788/5247 2705/2123/5247 2713/2801/5247
f 2713/2801/5248 2705/2123/5248 2029/2122/5248
f 2709/2791/5249 2028/2108/5249 2708/2790/5249
f 2029/2122/5250 2709/2791/5250 2713/2801/5250
f 2713/2801/5251 2709/2791/5251 2719/2793/5251
f 2759/2845/5252 2709/2791/5252 2708/2790/5252
f 2386/2498/5253 2267/2402/5253 2763/2794/5253
f 2704/2788/5254 2713/2801/5254 2711/2799/5254
f 2706/2800/5255 2712/2798/5255 2711/2799/5255
f 2682/2770/5256 2713/2801/5256 2717/2804/5256
f 2714/2802/5257 2713/2801/5257 2682/2770/5257
f 2716/2805/5258 2714/2802/5258 2682/2770/5258
f 2716/2805/5259 2682/2770/5259 2632/2771/5259
f 2713/2801/5260 2719/2793/5260 2717/2804/5260
f 2717/2804/5261 2714/2802/5261 2716/2805/5261
f 2715/2177/5262 2711/2799/5262 2714/2802/5262
f 2715/2177/5263 2714/2802/5263 2719/2793/5263
f 2681/2730/5264 2717/2804/5264 2720/2806/5264
f 2721/2807/5265 2678/2796/5265 2684/2773/5265
f 2722/2797/5266 2678/2796/5266 2721/2807/5266
f 2724/2811/4085 2723/2808/4085 2721/2807/4085
f 2728/2809/5267 2684/2773/5267 2726/2774/5267
f 2726/2774/5268 2727/2814/5268 2725/2813/5268
f 2721/2807/5269 2728/2809/5269 2725/2813/5269
f 2729/2810/5270 2712/2798/5270 2722/2797/5270
f 2726/2774/5271 2729/2810/5271 2769/2812/5271
f 2727/2814/5272 2769/2812/5272 2685/2816/5272
f 2727/2814/5273 2632/2771/5273 2733/2823/5273
f 2716/2805/5274 2632/2771/5274 2685/2816/5274
f 2718/2803/5275 2716/2805/5275 2685/2816/5275
f 2686/2818/5276 2314/2766/5276 2342/2439/5276
f 2343/2440/5277 2346/2441/5277 2425/2526/5277
f 2343/2440/5278 2425/2526/5278 2686/2818/5278
f 2692/2820/5279 2721/2807/5279 2731/2819/5279
f 2688/2775/5280 2731/2819/5280 2732/2821/5280
f 2725/2813/5281 2727/2814/5281 2733/2823/5281
f 2733/2823/5282 2632/2771/5282 2690/2777/5282
f 2733/2823/5283 2690/2777/5283 2691/2778/5283
f 2733/2823/5284 2691/2778/5284 2735/3153/5284
f 2733/2823/5285 2735/3153/5285 2734/2822/5285
f 2696/2780/5286 2695/2779/5286 2734/2822/5286
f 2698/3151/2850 2700/2783/2850 2736/2824/2850
f 2698/3151/5287 2736/2824/5287 2738/2826/5287
f 2702/2786/5288 2698/3151/5288 2738/2826/5288
f 2700/2783/5289 2698/3151/5289 2663/2750/5289
f 2736/2824/5290 2700/2783/5290 2737/2825/5290
f 2737/2825/5291 2700/2783/5291 2699/2785/5291
f 2740/2828/3373 2739/2827/3373 2741/2832/3373
f 2741/2832/5292 2739/2827/5292 2742/2831/5292
f 2744/2833/5293 2739/2827/5293 2743/2829/5293
f 2747/2839/5294 2740/2828/5294 2746/2787/5294
f 2748/2834/5295 2743/2829/5295 2740/2828/5295
f 2749/2835/5296 2740/2828/5296 2747/2839/5296
f 2296/2359/5297 2298/3133/5297 2598/2695/5297
f 2750/2837/121 2665/2755/121 2738/2826/121
f 2738/2826/5298 2665/2755/5298 2702/2786/5298
f 2750/2837/3390 2738/2826/3390 2737/2825/3390
f 2742/2831/5299 2750/2837/5299 2737/2825/5299
f 2741/2832/5300 2742/2831/5300 2699/2785/5300
f 2742/2831/5301 2745/2830/5301 2786/2838/5301
f 2751/2868/2969 2747/2839/2969 2664/2753/2969
f 2086/2178/5302 1762/1863/5302 2763/2794/5302
f 2754/2847/5303 2385/2482/5303 2764/2841/5303
f 2755/2842/5304 2675/2183/5304 2091/2186/5304
f 2755/2842/5305 2092/2185/5305 2756/2843/5305
f 2755/2842/5306 2091/2186/5306 2092/2185/5306
f 2091/2186/5307 2675/2183/5307 2619/2711/5307
f 2707/2188/5308 2090/2184/5308 2091/2186/5308
f 2757/2189/5309 2704/2788/5309 2706/2800/5309
f 2758/2255/5310 2757/2189/5310 2706/2800/5310
f 2836/2901/5311 2825/2900/5311 2824/2862/5311 2823/2893/5311
f 2709/2791/5312 2759/2845/5312 2762/2792/5312
f 2759/2845/5313 2710/3150/5313 2760/3154/5313
f 2759/2845/5314 2760/3154/5314 2761/2846/5314
f 2761/2846/90 2760/3154/90 2767/2849/90
f 2764/2841/5315 2386/2498/5315 2763/2794/5315
f 2801/2880/121 2706/2800/121 2766/2844/121
f 2078/2170/5316 2094/2191/5316 2715/2177/5316
f 2715/2177/5317 2762/2792/5317 2761/2846/5317
f 2768/2256/121 2715/2177/121 2767/2849/121
f 2769/2812/75 2724/2811/75 2775/2855/75
f 2770/2815/5318 2805/2883/5318 2811/2851/5318
f 2685/2816/5319 2811/2851/5319 2774/2852/5319
f 2685/2816/5320 2774/2852/5320 2730/2817/5320
f 2730/2817/5321 2772/2853/5321 2773/3155/5321
f 2772/2853/5322 2774/2852/5322 2779/2860/5322
f 2724/2811/1591 2721/2807/1591 2692/2820/1591
f 2775/2855/5323 2778/2858/5323 2785/3156/5323
f 2781/2886/5324 2770/2815/5324 2771/2850/5324
f 2781/2886/5325 2771/2850/5325 2779/2860/5325
f 2788/2869/5326 2772/2853/5326 2780/2861/5326
f 2824/2862/5327 2781/2886/5327 2779/2860/5327
f 2773/3155/75 2772/2853/75 2788/2869/75
f 2686/2818/5328 2425/2526/5328 2783/2532/5328
f 2446/2547/5329 2686/2818/5329 2783/2532/5329
f 2776/2865/314 2692/2820/314 2650/2742/314
f 2786/2838/5330 2775/2855/5330 2785/3156/5330
f 2780/2861/5331 2771/2850/5331 2744/2833/5331
f 2788/2869/5332 2780/2861/5332 2748/2834/5332
f 2785/3156/5333 2650/2742/5333 2658/2836/5333
f 2786/2838/75 2658/2836/75 2750/2837/75
f 2785/3156/5334 2658/2836/5334 2786/2838/5334
f 2787/2866/5335 2650/2742/5335 2785/3156/5335
f 2785/3156/5336 2778/2858/5336 2787/2866/5336
f 2739/2827/5337 2744/2833/5337 2745/2830/5337
f 2788/2869/4654 2749/2835/4654 2751/2868/4654
f 2753/2571/5338 2385/2482/5338 2754/2847/5338
f 2790/2250/5339 2753/2571/5339 2754/2847/5339
f 2089/2181/5340 2790/2250/5340 2754/2847/5340
f 2789/2870/5341 2089/2181/5341 2754/2847/5341
f 2149/2251/5342 2150/2253/5342 2799/2874/5342
f 3137/3157/75 2147/2249/75 2768/2256/75
f 2789/2870/5343 2754/2847/5343 2794/2873/5343
f 2794/2873/5344 2765/2848/5344 2793/2875/5344
f 2795/2917/5345 2794/2873/5345 2793/2875/5345
f 2793/2875/5346 2799/2874/5346 2796/2876/5346
f 2793/2875/5347 2796/2876/5347 2817/2606/5347
f 2791/2871/5348 2151/2187/5348 2789/2870/5348
f 2799/2874/5349 2797/2918/5349 2796/2876/5349
f 2792/2872/5350 2758/2255/5350 2801/2880/5350
f 2792/2872/5351 2804/2881/5351 2802/2921/5351
f 2802/2921/5352 2804/2881/5352 2810/2887/5352
f 2803/2923/5353 2802/2921/5353 2810/2887/5353
f 2800/2920/5354 2792/2872/5354 2802/2921/5354
f 2768/2256/121 2767/2849/121 3137/3157/121
f 2509/2604/5355 2807/2884/5355 2817/2606/5355
f 2805/2883/5356 2806/2882/5356 2811/2851/5356
f 2809/2889/5357 2803/2923/5357 2810/2887/5357
f 2813/2890/5358 2810/2887/5358 2781/2886/5358
f 2814/2854/5359 2811/2851/5359 2815/2891/5359
f 2814/2854/5360 2815/2891/5360 2824/2862/5360
f 2811/2851/5361 2812/2888/5361 2815/2891/5361
f 2816/2894/5362 2817/2606/5362 2818/2895/5362
f 2692/2820/5363 2816/2894/5363 2777/2859/5363
f 2816/2894/5364 2818/2895/5364 2821/3158/5364
f 2816/2894/5365 2821/3158/5365 2777/2859/5365
f 2821/3158/5366 2818/2895/5366 2820/2910/5366
f 2774/2852/5367 2814/2854/5367 2824/2862/5367
f 2825/2900/5368 2822/2897/5368 2824/2862/5368
f 2829/2896/5369 2840/2911/5369 2827/2624/5369 2817/2606/5369
f 2826/2927/5370 2822/2897/5370 2825/2900/5370
f 2431/2455/5371 2529/2623/5371 2828/2863/5371
f 2527/2622/5372 2817/2606/5372 2827/2624/5372
f 2529/2623/5373 2530/2619/5373 2828/2863/5373
f 2829/2896/5374 2816/2894/5374 2776/2865/5374
f 2820/2910/5375 2818/2895/5375 2830/2899/5375
f 2778/2858/5376 2777/2859/5376 2831/2867/5376
f 2777/2859/75 2821/3158/75 2831/2867/75
f 2840/2911/5377 2828/2863/5377 2827/2624/5377
f 2838/2912/5378 2534/2906/5378 2837/2907/5378
f 2535/2908/5379 2443/2631/5379 2534/2906/5379
f 2839/2909/5380 2534/2906/5380 2838/2912/5380
f 2830/2899/5381 2829/2896/5381 2776/2865/5381
f 2840/2911/5382 2829/2896/5382 2830/2899/5382
f 2840/2911/5383 2830/2899/5383 2842/2929/5383
f 2830/2899/5384 2852/2898/5384 2856/2930/5384
f 2820/2910/5385 2830/2899/5385 2776/2865/5385
f 2831/2867/5386 2821/3158/5386 2820/2910/5386
f 2832/2904/90 2833/2902/90 2843/2915/90
f 2837/2907/5387 2445/2632/5387 2469/2563/5387
f 2837/2907/5388 2469/2563/5388 2840/2911/5388
f 2841/2987/5389 2838/2912/5389 2840/2911/5389
f 2830/2899/5390 2856/2930/5390 2842/2929/5390
f 2843/2915/5391 2833/2902/5391 2844/2913/5391
f 2843/2915/336 2845/2914/336 2860/3159/336
f 2844/2913/5392 2857/2931/5392 2845/2914/5392
f 2476/1947/5393 2753/2571/5393 2847/2261/5393
f 2794/2873/5394 2795/2917/5394 2849/2879/5394
f 2797/2918/5395 2799/2874/5395 2792/2872/5395
f 2797/2918/5396 2792/2872/5396 2800/2920/5396
f 2819/2877/1 2848/2919/1 2852/2898/1
f 2853/2924/121 2803/2923/121 2809/2889/121
f 2782/2926/121 2781/2886/121 2854/2925/121
f 2854/2925/5397 2822/2897/5397 2826/2927/5397
f 2832/2904/253 2855/2928/253 2835/2905/253
f 2859/2932/5398 2844/2913/5398 2858/2933/5398
f 2845/2914/5399 2857/2931/5399 2860/3159/5399
f 2860/3159/5400 2857/2931/5400 2861/3160/5400
f 3008/3161/314 3007/3162/314 3013/3163/314 3014/3164/314 3015/3165/314 2862/3166/314 3016/3167/314 3012/3168/314 3011/3169/314 3004/3170/314 3005/3171/314 116/3172/314 3006/3173/314 3003/3174/314 3001/3175/314 3002/3176/314 3009/3177/314
f 18/113/5401 2928/2982/5401 2930/2988/5401 17/2939/5401
f 20/3178/253 3019/3179/253 3024/3180/253 2862/3181/253 3015/3182/253 19/3183/253 3018/3184/253 24/3185/253 3010/3186/253 3009/3187/253 3002/3188/253 264/3189/253 114/3190/253 3029/3191/253 112/3192/253 3030/3193/253
f 365/392/5402 390/418/5402 398/428/5402
f 1124/1225/1 1205/1223/1 1267/1294/1
f 3116/1820/5403 3117/3093/5403 1712/1811/5403
f 1257/3070/5404 1201/1342/5404 1255/1341/5404
f 2883/3049/1 783/2969/1 731/2968/1
f 2021/2109/5405 2001/2017/5405 2020/2099/5405
f 415/507/5406 2950/3037/5406 2949/2967/5406 416/2943/5406
f 2961/2981/5407 418/443/5407 2962/445/5407
f 2299/2397/5408 3098/2975/5408 2365/2459/5408
f 1456/3082/5409 1464/1542/5409 1458/1537/5409
f 2159/2260/121 2135/2235/121 2160/3126/121
f 2969/2972/5410 1276/1397/5410 1316/1399/5410
f 2376/2472/5411 2613/2692/5411 2597/2694/5411
f 1068/1097/75 1067/1094/75 1002/1147/75
f 3149/2630/121 2443/2631/121 2535/2908/121
f 3056/3194/5412 1398/1491/5412 1409/1493/5412
f 2997/606/121 458/617/121 459/496/121
f 3050/2948/5413 1450/1531/5413 1461/1530/5413
f 1005/3061/5404 950/1028/5404 948/1027/5404
f 2123/2225/121 2122/2224/121 2128/2228/121
f 1791/3195/75 1846/3196/75 1812/3197/75 1816/3198/75 1776/3199/75 1774/3200/75 1844/3201/75 3156/3202/75 3155/3203/75 3154/3204/75 1781/3205/75 1782/3206/75 1792/3207/75
f 2110/3208/75 2158/3209/75 2157/3210/75 3159/3211/75 3158/3212/75 2103/3213/75 2102/3214/75 2115/3215/75 2123/3216/75 2128/3217/75 2130/3218/75 2159/3219/75 2160/3220/75
f 2144/3221/75 2141/3222/75 2161/3223/75 2162/3224/75
f 1823/3225/75 1847/3226/75 1804/3227/75 2119/3228/75 2156/3229/75 1845/3230/75 1785/3231/75 1848/3232/75 1795/3233/75 1821/3234/75
f 2476/3235/75 2847/3236/75 2146/3237/75 1842/3238/75
f 2839/3239/75 2841/3240/75 2856/3241/75 2852/3242/75 2848/3243/75 2797/3244/75 2800/3245/75 2850/3246/75 2853/3247/75 2809/3248/75 2813/3249/75 2782/3250/75 2854/3251/75 2826/3252/75 2834/3253/75 2835/3254/75 2855/3255/75 2846/3256/75 2861/3257/75 2857/3258/75 2859/3259/75 2858/3260/75 3153/3261/75 2812/3262/75 2806/3263/75 2155/3264/75 2153/3265/75 2798/3266/75 2849/3267/75 2795/3268/75 2808/3269/75 2851/3270/75 2513/3271/75 2511/3272/75 2547/3273/75 2546/3274/75 2526/3275/75 2508/3276/75 2504/3277/75 2499/3278/75 2484/3279/75 2487/3280/75 2488/3281/75 1849/3282/75 1838/3283/75 1837/3284/75 1826/3285/75 1825/3286/75 1833/3287/75 2377/3288/75 2378/3289/75 2379/3290/75 2495/3291/75 2500/3292/75 2501/3293/75 2520/3294/75 2545/3295/75 2543/3296/75 2514/3297/75 2493/3298/75 3150/3299/75 2531/3300/75 3149/3301/75 2535/3302/75
f 416/2943/5414 2931/2974/5414 2929/2983/5414 18/113/5414
f 2459/2556/75 2453/2633/75 3134/2634/75
f 3017/3303/90 3016/3167/90 2862/3166/90 3024/3304/90 1/3305/90 3023/3306/90 3022/3307/90 2/3308/90 3020/3309/90 3021/3310/90
f 2882/3311/90 2883/3312/90 731/3313/90 2863/3314/90
f 1070/3315/522 2942/3316/522 2924/3317/522 2926/3318/522 2927/3319/522 2925/3320/522 2919/3321/522 2898/3322/522 2886/3323/522 2884/3324/522 2896/3325/522 724/3326/522 2899/3327/522 2916/3328/522 2915/3329/522 2914/3330/522 711/3331/522 716/3332/522 2897/3333/522 2894/3334/522 2893/3335/522 2892/3336/522 2895/3337/522 720/3338/522 2913/3339/522 12/3340/522 13/3341/522 2917/3342/522 2918/3343/522 2922/3344/522 2921/3345/522 14/3346/522 15/3347/522 2920/3348/522 2923/3349/522 2940/3350/522 2939/3351/522 2938/3352/522 2937/3353/522 2935/3354/522 2934/3355/522 2936/3356/522 2930/3357/522 2928/3358/522 2929/3359/522 2931/3360/522 2932/3361/522 2933/3362/522 2943/3363/522 2947/3364/522 2948/3365/522 2949/3366/522 2950/3367/522 2951/3368/522 417/3369/522 2961/3370/522 2962/3371/522 2963/3372/522 414/3373/522 2906/3374/522 2905/3375/522 2965/3376/522 2966/3377/522 2964/3378/522 1073/3379/522 2904/3380/522 2903/3381/522 2901/3382/522 2902/3383/522 2960/3384/522 2946/3385/522 2945/3386/522 2944/3387/522
f 2887/3388/90 732/3389/90 2874/3390/90 2885/3391/90
f 729/3392/90 2888/3393/90 722/3394/90 2900/3395/90
f 2991/3396/90 2982/3397/90 3/3398/90 3033/3399/90 3034/3400/90 402/3401/90 404/3402/90 2995/3403/90 408/3404/90 2996/3405/90 2998/3406/90 2999/3407/90 414/3373/90 2963/3372/90 2993/3408/90 2994/3409/90 2992/3410/90
f 52/3411/90 5/3412/90 8/3413/90 2980/3414/90 11/3415/90 2982/3397/90 2991/3396/90 412/3416/90 2990/3417/90 413/3418/90 417/3369/90 2951/3368/90 2952/3419/90 2953/3420/90 2954/3421/90 2955/3422/90 2956/3423/90 2957/3424/90 2958/3425/90 2959/3426/90 2987/3427/90 2989/3428/90 2988/3429/90 2985/3430/90 2986/3431/90 2984/3432/90 2983/3433/90 2981/3434/90 2941/3435/90 2940/3350/90 2923/3349/90 2979/3436/90 2978/3437/90 2922/3344/90 2918/3343/90 2977/3438/90 2975/3439/90
f 2471/3440/121 2539/3441/121 2542/3442/121 2462/3443/121
f 2949/3366/90 2948/3365/90 2947/3364/90 2943/3363/90 2933/3362/90 2932/3361/90 2931/3360/90 2929/3359/90 2928/3358/90 2930/3357/90 2936/3356/90 2934/3355/90 2935/3354/90 2937/3353/90 2938/3352/90 2939/3351/90 2940/3350/90 2941/3435/90 2981/3434/90 2983/3433/90 2984/3432/90 2986/3431/90 2985/3430/90 2988/3429/90 2989/3428/90 2987/3427/90 2959/3426/90 2958/3425/90 2957/3424/90 2956/3423/90 2955/3422/90 2954/3421/90 2953/3420/90 2952/3419/90 2951/3368/90 2950/3367/90
f 2860/3444/121 2861/3257/121 2846/3256/121 2843/3445/121
f 3084/3446/760 2611/3447/760 2670/3448/760 2674/3449/760 2607/3450/760 2605/3451/760 2608/3452/760 1464/3453/760 1456/3454/760 1457/3455/760 1391/3456/760
f 732/3457/121 797/3458/121 799/3459/121 2874/3460/121
f 2215/3461/121 3070/3462/121 3046/3463/121 1069/3464/121
f 786/3465/5415 2866/3466/5415 850/3467/5415 848/3468/5415 902/3469/5415 2865/3470/5415 2864/3471/5415 2863/3472/5415 731/3473/5415
f 845/3474/1487 1198/3475/1487 1123/3476/1487 2868/3477/1487 1124/3478/1487 1212/3479/1487 1199/3480/1487 1201/3481/1487 1257/3482/1487 1258/3483/1487 1441/3484/1487 3049/3485/1487 3081/3486/1487 2596/3487/1487 2613/3488/1487 2376/3489/1487 2367/3490/1487 2369/3491/1487 2459/3492/1487 3134/3493/1487 2470/3494/1487 3112/3495/1487 3098/3496/1487 2299/3497/1487 2264/3498/1487 2263/3499/1487 2261/3500/1487 3086/3501/1487 1439/3502/1487 3047/3503/1487 1460/3504/1487 3048/3505/1487 1369/3506/1487 1388/3507/1487 2867/3508/1487 1292/3509/1487 915/3510/1487 913/3511/1487 950/3512/1487 1005/3513/1487 1006/3514/1487 1011/3515/1487 1068/3516/1487 1002/3517/1487 1014/3518/1487 1015/3519/1487 949/3520/1487 916/3521/1487 917/3522/1487
f 626/3523/1 3040/3524/1 3042/3525/1 3069/3526/1
f 1124/3478/5416 1267/3527/5416 1264/3528/5416 1297/3529/5416 2870/3530/5416 3051/3531/5416 1462/3532/5416 1463/3533/5416 1390/3534/5416 1378/3535/5416 1391/3456/5416 1457/3455/5416 1454/3536/5416 2601/3537/5416 2604/3538/5416 2605/3451/5416 2607/3450/5416 2614/3539/5416 2599/3540/5416 3050/3541/5416 1461/3542/5416 1441/3484/5416 1258/3483/5416 1262/3543/5416 2869/3544/5416 2871/3545/5416 1212/3479/5416
f 2871/2985/5417 1204/1292/5417 1212/1298/5417
f 2608/3148/5418 2605/2707/5418 2609/2701/5418
f 532/3546/1 542/3547/1 423/3548/1 3045/3549/1
f 465/3550/5419 1092/3551/5419 1146/3552/5419 1096/3553/5419 2906/3554/5419 414/3555/5419
f 3153/3261/1 2858/3260/1 2836/3556/1 2823/3557/1
f 2718/3558/1532 2730/3559/1532 2773/3560/1532 2788/3561/1532 2664/3562/1532 2697/3563/1532 2696/3564/1532 2734/3565/1532 2735/3566/1532 2691/3567/1532 3092/3568/1532 2681/3569/1532 2720/3570/1532
f 1216/3571/5420 1130/3572/5420 527/3573/5420 582/3574/5420 606/3575/5420 647/3576/5420 2969/3577/5420 1316/3578/5420 2968/3579/5420 3056/3580/5420 1409/3581/5420 2566/3582/5420 2585/3583/5420 3053/3584/5420 3054/3585/5420 1329/3586/5420 1328/3587/5420 2967/3588/5420 1224/3589/5420 2970/3590/5420 1218/3591/5420
f 2055/3592/1 2048/3593/1 2111/3594/1 2118/3595/1
f 1193/3596/5421 1189/3597/5421 1188/3598/5421 1119/3599/5421 1108/3600/5421 1180/3601/5421 1183/3602/5421 1187/3603/5421 1246/3604/5421 1252/3605/5421 1208/3606/5421
f 3101/3607/5422 2019/3608/5422 1954/3609/5422 1953/3610/5422 1877/3611/5422 1938/3612/5422 1927/3613/5422 2001/3614/5422 2021/3615/5422 2079/3616/5422 2085/3617/5422 2147/3618/5422 3137/3619/5422 2767/3620/5422 2760/3621/5422 2710/3622/5422
f 638/3623/1 632/3624/1 701/3625/1 704/3626/1
f 2997/3627/1 459/3628/1 444/3629/1 565/3630/1
f 532/3631/253 3045/3632/253 3044/3633/253 3043/3634/253
f 2896/3045/5423 723/820/5423 724/822/5423
f 3051/2965/5424 1389/2964/5424 1462/3078/5424
f 2495/2592/314 2379/2476/314 2473/2591/314
f 3056/3194/5425 2968/1484/5425 1398/1491/5425
f 3093/1677/90 1606/1676/90 1619/1691/90
f 2539/2564/75 2541/2640/75 2542/2638/75
f 2871/2985/314 1259/1345/314 1204/1292/314
f 1919/3635/253 1920/3636/253 3097/3637/253 3083/3638/253 1850/3639/253 3085/3640/253 3068/3641/253 3069/3642/253 3042/3643/253 3041/3644/253 607/3645/253 654/3646/253 3067/3647/253 3066/3648/253 1855/3649/253 3082/3650/253
f 3036/3651/253 3035/3652/253 3032/3653/253 586/3654/253 3037/3655/253 3038/3656/253 3039/3657/253
f 199/3658/253 3028/3659/253 3025/3660/253 3026/3661/253 3062/3662/253 327/3663/253 3063/3664/253 3080/3665/253 3106/3666/253 3107/3667/253 3124/3668/253 1709/3669/253 3144/3670/253 3145/3671/253 3146/3672/253 3147/3673/253 3130/3674/253 2040/3675/253 3148/3676/253 3158/3212/253 3159/3211/253 2046/3677/253 3133/3678/253 3132/3679/253 3131/3680/253 3111/3681/253 3110/3682/253 3129/3683/253 3128/3684/253 3127/3685/253 3125/3686/253 3126/3687/253 3109/3688/253 3108/3689/253 3096/3690/253 3064/3691/253 3065/3692/253 3031/3693/253 265/3694/253 3027/3695/253 203/3696/253
f 1654/3697/253 3102/3698/253 1703/3699/253 1702/3700/253 3141/3701/253 3140/3702/253 1771/3703/253 3139/3704/253 3155/3203/253 3156/3202/253 3157/3705/253 3142/3706/253 3143/3707/253 3123/3708/253 3122/3709/253 3120/3710/253 3121/3711/253 3103/3712/253 3104/3713/253 3105/3714/253 1561/3715/253 1627/3716/253
f 3061/3717/253 3079/3718/253 1466/3719/253 328/3720/253
f 3078/3721/314 3079/3722/314 3061/3723/314 3060/3724/314
f 3138/3725/314 1766/3726/314 1705/3727/314 3119/3728/314 1703/3729/314 3102/3730/314 1655/3731/314 3118/3732/314 3117/3733/314 3116/3734/314
f 3098/3735/314 3112/3736/314 2450/3737/314 3113/3738/314
f 734/3739/314 2912/3740/314 801/3741/314 891/3742/314 3052/3743/314 1031/3744/314 2173/3745/314 3089/3746/314 3090/3747/314 2268/3748/314 2304/3749/314 2316/3750/314 2317/3751/314 2489/3752/314 3135/3753/314 2531/3300/314 3150/3299/314 3151/3754/314 3152/3755/314 2477/3756/314 3114/3757/314 3099/3758/314 1691/3759/314 3093/3760/314 1619/3761/314 3091/3762/314 3074/3763/314 3075/3764/314 3055/3765/314 2889/3766/314 2890/3767/314 2907/3768/314 2908/3769/314 2909/3770/314 2910/3771/314 96/3772/314
f 2194/3773/314 1039/3774/314 3046/3775/314 3070/3776/314 3071/3777/314 3072/3778/314 3087/3779/314 2239/3780/314 3088/3781/314 3073/3782/314
f 2873/3783/314 944/3784/314 992/3785/314 2875/3786/314 2877/3787/314 2876/3788/314 2878/3789/314 2879/3790/314 835/3791/314 2881/3792/314 2880/3793/314 781/3794/314 2882/3311/314 2863/3314/314 2864/3795/314 2872/3796/314
f 2892/3336/314 2891/3797/314 717/3798/314 2895/3337/314
f 3077/3799/314 3057/3800/314 3058/3801/314 349/3802/314 3059/3803/314 3000/3804/314 3001/3175/314 3003/3174/314 2973/3805/314 214/3806/314 136/3807/314 3004/3170/314 3011/3169/314 2976/3808/314 50/3809/314 134/3810/314 163/3811/314 162/3812/314 2974/3813/314 96/3772/314 2910/3771/314 2911/3814/314 165/3815/314 2971/3816/314 2972/3817/314 250/3818/314 292/3819/314 365/3820/314 1502/3821/314
f 3094/3822/314 3093/3760/314 1691/3759/314 3100/3823/314 3095/3824/314 1502/3821/314 365/3820/314 3055/3765/314 3075/3764/314 3076/3825/314 1529/3826/314
f 3136/3827/314 1805/3828/314 3115/3829/314 1750/3830/314
f 17/2939/5426 2939/2984/5426 2940/2957/5426 9/93/5426
f 365/392/5427 398/428/5427 1024/1103/5427
f 2900/1242/253 722/816/253 749/818/253
f 2839/2909/5428 2838/2912/5428 2841/2987/5428
f 3049/2936/1204 1443/2937/1204 3081/2705/1204
f 2604/3147/5404 2601/3081/5404 2602/1534/5404
