[Licensing::Module] Trying to connect to existing licensing client channel...
Built from '6000.0/staging' branch; Version is '6000.0.62f1 (f99f05b3e950) revision 16359173'; Using compiler version '193933523'; Build Type 'Release'
OS: 'Windows 10  (10.0.19045) 64bit Professional' Language: 'en' Physical Memory: 65467 MB
[Licensing::IpcConnector] Successfully connected to: "LicenseClient-Dan-Mechanics" at "2025-11-12T20:24:31.0635824Z"
BatchMode: 1, IsHumanControllingUs: 0, StartBugReporterOnCrash: 0, Is64bit: 1
Date: 2025-11-12T20:24:31Z

COMMAND LINE ARGUMENTS:
C:\Program Files\Unity\Hub\Editor\6000.0.62f1\Editor\Unity.exe
-adb2
-batchMode
-noUpm
-name
AssetImportWorker3
-projectPath
C:/Users/Dan-Mechanics/Development/GITHUB/Mitholca/Mitholca
-logFile
Logs/AssetImportWorker3.log
-srvPort
56563
-job-worker-count
7
-background-job-worker-count
8
-gc-helper-count
1
-name
AssetImport
Successfully changed project path to: C:/Users/Dan-Mechanics/Development/GITHUB/Mitholca/Mitholca
C:/Users/Dan-Mechanics/Development/GITHUB/Mitholca/Mitholca
[UnityMemory] Configuration Parameters - Can be set up in boot.config
    "memorysetup-bucket-allocator-granularity=16"
    "memorysetup-bucket-allocator-bucket-count=8"
    "memorysetup-bucket-allocator-block-size=33554432"
    "memorysetup-bucket-allocator-block-count=8"
    "memorysetup-main-allocator-block-size=16777216"
    "memorysetup-thread-allocator-block-size=16777216"
    "memorysetup-gfx-main-allocator-block-size=16777216"
    "memorysetup-gfx-thread-allocator-block-size=16777216"
    "memorysetup-cache-allocator-block-size=4194304"
    "memorysetup-typetree-allocator-block-size=2097152"
    "memorysetup-profiler-bucket-allocator-granularity=16"
    "memorysetup-profiler-bucket-allocator-bucket-count=8"
    "memorysetup-profiler-bucket-allocator-block-size=33554432"
    "memorysetup-profiler-bucket-allocator-block-count=8"
    "memorysetup-profiler-allocator-block-size=16777216"
    "memorysetup-profiler-editor-allocator-block-size=1048576"
    "memorysetup-temp-allocator-size-main=16777216"
    "memorysetup-job-temp-allocator-block-size=2097152"
    "memorysetup-job-temp-allocator-block-size-background=1048576"
    "memorysetup-job-temp-allocator-reduction-small-platforms=262144"
    "memorysetup-allocator-temp-initial-block-size-main=262144"
    "memorysetup-allocator-temp-initial-block-size-worker=262144"
    "memorysetup-temp-allocator-size-background-worker=32768"
    "memorysetup-temp-allocator-size-job-worker=262144"
    "memorysetup-temp-allocator-size-preload-manager=33554432"
    "memorysetup-temp-allocator-size-nav-mesh-worker=65536"
    "memorysetup-temp-allocator-size-audio-worker=65536"
    "memorysetup-temp-allocator-size-cloud-worker=32768"
    "memorysetup-temp-allocator-size-gi-baking-worker=262144"
    "memorysetup-temp-allocator-size-gi-baking-worker=262144"
    "memorysetup-temp-allocator-size-gi-baking-worker=262144"
    "memorysetup-temp-allocator-size-gi-baking-worker=262144"
    "memorysetup-temp-allocator-size-gi-baking-worker=262144"
    "memorysetup-temp-allocator-size-gfx=262144"
Player connection [9468]  Target information:

Player connection [9468]  * "[IP] 192.168.10.123 [Port] 0 [Flags] 2 [Guid] 2731528672 [EditorId] 2731528672 [Version] 1048832 [Id] WindowsEditor(7,DESKTOP-U6NUIV5) [Debug] 1 [PackageName] WindowsEditor [ProjectName] Editor" 

Player connection [9468] Host joined multi-casting on [225.0.0.222:54997]...
Player connection [9468] Host joined alternative multi-casting on [225.0.0.222:34997]...
JobSystem: Creating JobQueue using job-worker-count value 7
Input System module state changed to: Initialized.
[Physics::Module] Initialized fallback backend.
[Physics::Module] Id: 0xdecafbad
[Licensing::Client] Code 10 while verifying Licensing Client signature (process Id: 33392, path: "C:/Program Files/Unity Hub/UnityLicensingClient_V1/Unity.Licensing.Client.exe")
[Licensing::Module] LicensingClient has failed validation; ignoring
[Licensing::Client] Handshaking with LicensingClient:
  Version:                 1.17.3+a4e98f1
  Session Id:              71e006903a2a491b8ff537d0fe41cf84
  Correlation Id:          26e876dcb5783b2fe795d0bdf3b0c7b6
  External correlation Id: 5474002497200963451
  Machine Id:              ODCQMik/u22XElO5ffrmoqn68WU=
[Licensing::Module] Successfully connected to LicensingClient on channel: "LicenseClient-Dan-Mechanics" (connect: 0.00s, validation: 0.00s, handshake: 0.03s)
[Licensing::IpcConnector] Successfully connected to: "LicenseClient-Dan-Mechanics-notifications" at "2025-11-12T20:24:31.095321Z"
[Licensing::Module] Licensing Background thread has ended after 0.03s
Library Redirect Path: Library/
[Physics::Module] Selected backend.
[Physics::Module] Name: PhysX
[Physics::Module] Id: 0xf2b8ea05
[Physics::Module] SDK Version: 4.1.2
[Physics::Module] Integration Version: 1.0.0
[Physics::Module] Threading Mode: Multi-Threaded
Refreshing native plugins compatible for Editor in 0.00 ms, found 0 plugins.
Preloading 0 native plugins for Editor in 0.00 ms.
Initialize engine version: 6000.0.62f1 (f99f05b3e950)
[Subsystems] Discovering subsystems at path C:/Program Files/Unity/Hub/Editor/6000.0.62f1/Editor/Data/Resources/UnitySubsystems
[Subsystems] Discovering subsystems at path C:/Users/Dan-Mechanics/Development/GITHUB/Mitholca/Mitholca/Assets
GfxDevice: creating device client; kGfxThreadingModeNonThreaded
Direct3D:
    Version:  Direct3D 11.0 [level 11.1]
    Renderer: NVIDIA GeForce RTX 2080 SUPER (ID=0x1e81)
    Vendor:   NVIDIA
    VRAM:     7987 MB
    Driver:   32.0.15.7283
Initialize mono
Mono path[0] = 'C:/Program Files/Unity/Hub/Editor/6000.0.62f1/Editor/Data/Managed'
Mono path[1] = 'C:/Program Files/Unity/Hub/Editor/6000.0.62f1/Editor/Data/MonoBleedingEdge/lib/mono/unityjit-win32'
Mono config path = 'C:/Program Files/Unity/Hub/Editor/6000.0.62f1/Editor/Data/MonoBleedingEdge/etc'
Using monoOptions --debugger-agent=transport=dt_socket,embedding=1,server=y,suspend=n,address=127.0.0.1:56356
Begin MonoManager ReloadAssembly
Registering precompiled unity dll's ...
Register platform support module: C:/Program Files/Unity/Hub/Editor/6000.0.62f1/Editor/Data/PlaybackEngines/WebGLSupport/UnityEditor.WebGL.Extensions.dll
Register platform support module: C:/Program Files/Unity/Hub/Editor/6000.0.62f1/Editor/Data/PlaybackEngines/WindowsStandaloneSupport/UnityEditor.WindowsStandalone.Extensions.dll
Registered in 0.006412 seconds.
- Loaded All Assemblies, in  0.399 seconds
Native extension for WindowsStandalone target not found
Native extension for WebGL target not found
Mono: successfully reloaded assembly
- Finished resetting the current domain, in  0.302 seconds
Domain Reload Profiling: 698ms
	BeginReloadAssembly (121ms)
		ExecutionOrderSort (0ms)
		DisableScriptedObjects (0ms)
		BackupInstance (0ms)
		ReleaseScriptingObjects (0ms)
		CreateAndSetChildDomain (1ms)
	RebuildCommonClasses (34ms)
	RebuildNativeTypeToScriptingClass (12ms)
	initialDomainReloadingComplete (65ms)
	LoadAllAssembliesAndSetupDomain (163ms)
		LoadAssemblies (118ms)
		RebuildTransferFunctionScriptingTraits (0ms)
		AnalyzeDomain (160ms)
			TypeCache.Refresh (159ms)
				TypeCache.ScanAssembly (145ms)
			BuildScriptInfoCaches (0ms)
			ResolveRequiredComponents (0ms)
	FinalizeReload (302ms)
		ReleaseScriptCaches (0ms)
		RebuildScriptCaches (0ms)
		SetupLoadedEditorAssemblies (270ms)
			LogAssemblyErrors (0ms)
			InitializePlatformSupportModulesInManaged (23ms)
			SetLoadedEditorAssemblies (4ms)
			BeforeProcessingInitializeOnLoad (54ms)
			ProcessInitializeOnLoadAttributes (138ms)
			ProcessInitializeOnLoadMethodAttributes (50ms)
			AfterProcessingInitializeOnLoad (0ms)
			EditorAssembliesLoaded (0ms)
		ExecutionOrderSort2 (0ms)
		AwakeInstancesAfterBackupRestoration (0ms)
========================================================================
Worker process is ready to serve import requests
Import Worker Mode flag is 0x00
Begin MonoManager ReloadAssembly
[Licensing::Client] Successfully resolved entitlement details
[Licensing::Module] License group:
  Id: F4-S7ZB-6RJN-A89E-YAVT-XXXX
  Product: Unity Personal
  Type: ULF
  Expiration: Unlimited
[Licensing::Module] License group:
  Id: 9071164294287-UnityPersXXXX
  Product: Unity Personal
  Type: Assigned
  Expiration: Unlimited
- Loaded All Assemblies, in  0.475 seconds
Refreshing native plugins compatible for Editor in 0.00 ms, found 0 plugins.
Native extension for WindowsStandalone target not found
Native extension for WebGL target not found
Package Manager log level set to [2]
[Package Manager] Failed to launch server process. Reason: Unity was launched with the -noUpm command-line argument
[Package Manager] Unable to send message (not connected to server process).
[Package Manager] Cannot connect to Unity Package Manager local server
Mono: successfully reloaded assembly
- Finished resetting the current domain, in  0.328 seconds
Domain Reload Profiling: 800ms
	BeginReloadAssembly (184ms)
		ExecutionOrderSort (0ms)
		DisableScriptedObjects (9ms)
		BackupInstance (0ms)
		ReleaseScriptingObjects (0ms)
		CreateAndSetChildDomain (27ms)
	RebuildCommonClasses (34ms)
	RebuildNativeTypeToScriptingClass (12ms)
	initialDomainReloadingComplete (34ms)
	LoadAllAssembliesAndSetupDomain (208ms)
		LoadAssemblies (222ms)
		RebuildTransferFunctionScriptingTraits (0ms)
		AnalyzeDomain (79ms)
			TypeCache.Refresh (65ms)
				TypeCache.ScanAssembly (56ms)
			BuildScriptInfoCaches (10ms)
			ResolveRequiredComponents (2ms)
	FinalizeReload (328ms)
		ReleaseScriptCaches (0ms)
		RebuildScriptCaches (0ms)
		SetupLoadedEditorAssemblies (230ms)
			LogAssemblyErrors (0ms)
			InitializePlatformSupportModulesInManaged (3ms)
			SetLoadedEditorAssemblies (3ms)
			BeforeProcessingInitializeOnLoad (70ms)
			ProcessInitializeOnLoadAttributes (127ms)
			ProcessInitializeOnLoadMethodAttributes (21ms)
			AfterProcessingInitializeOnLoad (6ms)
			EditorAssembliesLoaded (0ms)
		ExecutionOrderSort2 (0ms)
		AwakeInstancesAfterBackupRestoration (7ms)
Launched and connected shader compiler UnityShaderCompiler.exe after 0.01 seconds
Refreshing native plugins compatible for Editor in 0.00 ms, found 0 plugins.
Preloading 0 native plugins for Editor in 0.00 ms.
Unloading 0 Unused Serialized files (Serialized files now loaded: 0)
Unloading 1316 unused Assets / (401.6 KB). Loaded Objects now: 1814.
Memory consumption went from 62.4 MB to 62.0 MB.
Total: 6.465800 ms (FindLiveObjects: 0.337400 ms CreateObjectMapping: 0.416500 ms MarkObjects: 5.097800 ms  DeleteObjects: 0.612800 ms)

========================================================================
Received Prepare
Begin MonoManager ReloadAssembly
- Loaded All Assemblies, in  0.451 seconds
Refreshing native plugins compatible for Editor in 0.00 ms, found 0 plugins.
Native extension for WindowsStandalone target not found
Native extension for WebGL target not found
[Package Manager] Failed to launch server process. Reason: Unity was launched with the -noUpm command-line argument
[Package Manager] Unable to send message (not connected to server process).
[Package Manager] Cannot connect to Unity Package Manager local server
Mono: successfully reloaded assembly
- Finished resetting the current domain, in  0.385 seconds
Domain Reload Profiling: 834ms
	BeginReloadAssembly (183ms)
		ExecutionOrderSort (0ms)
		DisableScriptedObjects (6ms)
		BackupInstance (0ms)
		ReleaseScriptingObjects (0ms)
		CreateAndSetChildDomain (27ms)
	RebuildCommonClasses (35ms)
	RebuildNativeTypeToScriptingClass (12ms)
	initialDomainReloadingComplete (23ms)
	LoadAllAssembliesAndSetupDomain (194ms)
		LoadAssemblies (235ms)
		RebuildTransferFunctionScriptingTraits (0ms)
		AnalyzeDomain (62ms)
			TypeCache.Refresh (4ms)
				TypeCache.ScanAssembly (0ms)
			BuildScriptInfoCaches (54ms)
			ResolveRequiredComponents (2ms)
	FinalizeReload (386ms)
		ReleaseScriptCaches (0ms)
		RebuildScriptCaches (0ms)
		SetupLoadedEditorAssemblies (267ms)
			LogAssemblyErrors (0ms)
			InitializePlatformSupportModulesInManaged (3ms)
			SetLoadedEditorAssemblies (2ms)
			BeforeProcessingInitializeOnLoad (80ms)
			ProcessInitializeOnLoadAttributes (148ms)
			ProcessInitializeOnLoadMethodAttributes (25ms)
			AfterProcessingInitializeOnLoad (8ms)
			EditorAssembliesLoaded (0ms)
		ExecutionOrderSort2 (0ms)
		AwakeInstancesAfterBackupRestoration (10ms)
Refreshing native plugins compatible for Editor in 0.00 ms, found 0 plugins.
Preloading 0 native plugins for Editor in 0.00 ms.
Unloading 0 Unused Serialized files (Serialized files now loaded: 0)
Unloading 1314 unused Assets / (357.0 KB). Loaded Objects now: 1814.
Memory consumption went from 62.2 MB to 61.8 MB.
Total: 5.471200 ms (FindLiveObjects: 0.311400 ms CreateObjectMapping: 0.160600 ms MarkObjects: 4.495900 ms  DeleteObjects: 0.502000 ms)

Prepare: number of updated asset objects reloaded= 0
========================================================================
Received Prepare
Refreshing native plugins compatible for Editor in 0.00 ms, found 0 plugins.
Preloading 0 native plugins for Editor in 0.00 ms.
Unloading 0 Unused Serialized files (Serialized files now loaded: 0)
Unloading 1314 unused Assets / (333.4 KB). Loaded Objects now: 1814.
Memory consumption went from 62.4 MB to 62.1 MB.
Total: 7.414500 ms (FindLiveObjects: 0.239100 ms CreateObjectMapping: 0.221600 ms MarkObjects: 6.449400 ms  DeleteObjects: 0.503400 ms)

Prepare: number of updated asset objects reloaded= 0
========================================================================
Received Prepare
Begin MonoManager ReloadAssembly
[Licensing::Client] Successfully resolved entitlement details
[Licensing::Module] License group:
  Id: F4-S7ZB-6RJN-A89E-YAVT-XXXX
  Product: Unity Personal
  Type: ULF
  Expiration: Unlimited
[Licensing::Module] License group:
  Id: 9071164294287-UnityPersXXXX
  Product: Unity Personal
  Type: Assigned
  Expiration: Unlimited
- Loaded All Assemblies, in  0.431 seconds
Refreshing native plugins compatible for Editor in 0.00 ms, found 0 plugins.
Native extension for WindowsStandalone target not found
Native extension for WebGL target not found
[Package Manager] Failed to launch server process. Reason: Unity was launched with the -noUpm command-line argument
[Package Manager] Unable to send message (not connected to server process).
[Package Manager] Cannot connect to Unity Package Manager local server
Mono: successfully reloaded assembly
- Finished resetting the current domain, in  0.331 seconds
Domain Reload Profiling: 760ms
	BeginReloadAssembly (170ms)
		ExecutionOrderSort (0ms)
		DisableScriptedObjects (6ms)
		BackupInstance (0ms)
		ReleaseScriptingObjects (0ms)
		CreateAndSetChildDomain (25ms)
	RebuildCommonClasses (35ms)
	RebuildNativeTypeToScriptingClass (12ms)
	initialDomainReloadingComplete (24ms)
	LoadAllAssembliesAndSetupDomain (188ms)
		LoadAssemblies (220ms)
		RebuildTransferFunctionScriptingTraits (0ms)
		AnalyzeDomain (61ms)
			TypeCache.Refresh (6ms)
				TypeCache.ScanAssembly (0ms)
			BuildScriptInfoCaches (51ms)
			ResolveRequiredComponents (2ms)
	FinalizeReload (332ms)
		ReleaseScriptCaches (0ms)
		RebuildScriptCaches (0ms)
		SetupLoadedEditorAssemblies (231ms)
			LogAssemblyErrors (0ms)
			InitializePlatformSupportModulesInManaged (3ms)
			SetLoadedEditorAssemblies (2ms)
			BeforeProcessingInitializeOnLoad (70ms)
			ProcessInitializeOnLoadAttributes (129ms)
			ProcessInitializeOnLoadMethodAttributes (20ms)
			AfterProcessingInitializeOnLoad (6ms)
			EditorAssembliesLoaded (0ms)
		ExecutionOrderSort2 (0ms)
		AwakeInstancesAfterBackupRestoration (7ms)
Refreshing native plugins compatible for Editor in 0.00 ms, found 0 plugins.
Preloading 0 native plugins for Editor in 0.00 ms.
Unloading 0 Unused Serialized files (Serialized files now loaded: 0)
Unloading 1314 unused Assets / (371.7 KB). Loaded Objects now: 1814.
Memory consumption went from 62.2 MB to 61.8 MB.
Total: 6.733600 ms (FindLiveObjects: 0.248500 ms CreateObjectMapping: 0.218300 ms MarkObjects: 5.447900 ms  DeleteObjects: 0.817700 ms)

Prepare: number of updated asset objects reloaded= 0
========================================================================
Received Import Request.
  Time since last request: 1393944.325080 seconds.
  path: Assets/Scenes/Main.unity
  artifactKey: Guid(9fc0d4010bbf28b4594072e72b8655ab) Importer(2089858483,192608db42251d675da83286b1cce702)
Start importing Assets/Scenes/Main.unity using Guid(9fc0d4010bbf28b4594072e72b8655ab) Importer(2089858483,192608db42251d675da83286b1cce702) (ScriptedImporter) -> (artifact id: '5b97e31d5956e730df9d83a4078ca5d7') in 0.0862035 seconds
Number of updated asset objects reloaded before import = 0Number of asset objects unloaded after import = 1

========================================================================
Received Import Request.
  Time since last request: 9.963734 seconds.
  path: Assets/cube.prefab
  artifactKey: Guid(9261b816da904c54eada861fc2819fa3) Importer(2089858483,192608db42251d675da83286b1cce702)
Start importing Assets/cube.prefab using Guid(9261b816da904c54eada861fc2819fa3) Importer(2089858483,192608db42251d675da83286b1cce702) (ScriptedImporter) -> (artifact id: '33eaa253dc4ef216cf7e16ac84881416') in 0.0566447 seconds
Number of updated asset objects reloaded before import = 0Number of asset objects unloaded after import = 7

========================================================================
Received Prepare
Begin MonoManager ReloadAssembly
[Licensing::Client] Successfully resolved entitlement details
[Licensing::Module] License group:
  Id: F4-S7ZB-6RJN-A89E-YAVT-XXXX
  Product: Unity Personal
  Type: ULF
  Expiration: Unlimited
[Licensing::Module] License group:
  Id: 9071164294287-UnityPersXXXX
  Product: Unity Personal
  Type: Assigned
  Expiration: Unlimited
- Loaded All Assemblies, in  0.456 seconds
Refreshing native plugins compatible for Editor in 0.00 ms, found 0 plugins.
Native extension for WindowsStandalone target not found
Native extension for WebGL target not found
[Package Manager] Failed to launch server process. Reason: Unity was launched with the -noUpm command-line argument
[Package Manager] Unable to send message (not connected to server process).
[Package Manager] Cannot connect to Unity Package Manager local server
Mono: successfully reloaded assembly
- Finished resetting the current domain, in  0.344 seconds
Domain Reload Profiling: 797ms
	BeginReloadAssembly (179ms)
		ExecutionOrderSort (0ms)
		DisableScriptedObjects (6ms)
		BackupInstance (0ms)
		ReleaseScriptingObjects (0ms)
		CreateAndSetChildDomain (27ms)
	RebuildCommonClasses (43ms)
	RebuildNativeTypeToScriptingClass (12ms)
	initialDomainReloadingComplete (23ms)
	LoadAllAssembliesAndSetupDomain (195ms)
		LoadAssemblies (224ms)
		RebuildTransferFunctionScriptingTraits (0ms)
		AnalyzeDomain (64ms)
			TypeCache.Refresh (4ms)
				TypeCache.ScanAssembly (0ms)
			BuildScriptInfoCaches (56ms)
			ResolveRequiredComponents (2ms)
	FinalizeReload (344ms)
		ReleaseScriptCaches (0ms)
		RebuildScriptCaches (0ms)
		SetupLoadedEditorAssemblies (241ms)
			LogAssemblyErrors (0ms)
			InitializePlatformSupportModulesInManaged (3ms)
			SetLoadedEditorAssemblies (3ms)
			BeforeProcessingInitializeOnLoad (74ms)
			ProcessInitializeOnLoadAttributes (134ms)
			ProcessInitializeOnLoadMethodAttributes (22ms)
			AfterProcessingInitializeOnLoad (6ms)
			EditorAssembliesLoaded (0ms)
		ExecutionOrderSort2 (0ms)
		AwakeInstancesAfterBackupRestoration (7ms)
Refreshing native plugins compatible for Editor in 0.00 ms, found 0 plugins.
Preloading 0 native plugins for Editor in 0.00 ms.
Unloading 0 Unused Serialized files (Serialized files now loaded: 0)
Unloading 1314 unused Assets / (263.6 KB). Loaded Objects now: 1819.
Memory consumption went from 63.3 MB to 63.1 MB.
Total: 6.431400 ms (FindLiveObjects: 0.220500 ms CreateObjectMapping: 0.192000 ms MarkObjects: 5.466100 ms  DeleteObjects: 0.550700 ms)

Prepare: number of updated asset objects reloaded= 0
========================================================================
Received Prepare
Begin MonoManager ReloadAssembly
[Licensing::Client] Successfully resolved entitlement details
[Licensing::Module] License group:
  Id: F4-S7ZB-6RJN-A89E-YAVT-XXXX
  Product: Unity Personal
  Type: ULF
  Expiration: Unlimited
[Licensing::Module] License group:
  Id: 9071164294287-UnityPersXXXX
  Product: Unity Personal
  Type: Assigned
  Expiration: Unlimited
- Loaded All Assemblies, in  0.431 seconds
Refreshing native plugins compatible for Editor in 0.00 ms, found 0 plugins.
Native extension for WindowsStandalone target not found
Native extension for WebGL target not found
[Package Manager] Failed to launch server process. Reason: Unity was launched with the -noUpm command-line argument
[Package Manager] Unable to send message (not connected to server process).
[Package Manager] Cannot connect to Unity Package Manager local server
Mono: successfully reloaded assembly
- Finished resetting the current domain, in  0.342 seconds
Domain Reload Profiling: 770ms
	BeginReloadAssembly (175ms)
		ExecutionOrderSort (0ms)
		DisableScriptedObjects (8ms)
		BackupInstance (0ms)
		ReleaseScriptingObjects (0ms)
		CreateAndSetChildDomain (28ms)
	RebuildCommonClasses (33ms)
	RebuildNativeTypeToScriptingClass (12ms)
	initialDomainReloadingComplete (23ms)
	LoadAllAssembliesAndSetupDomain (184ms)
		LoadAssemblies (219ms)
		RebuildTransferFunctionScriptingTraits (0ms)
		AnalyzeDomain (58ms)
			TypeCache.Refresh (5ms)
				TypeCache.ScanAssembly (0ms)
			BuildScriptInfoCaches (49ms)
			ResolveRequiredComponents (2ms)
	FinalizeReload (342ms)
		ReleaseScriptCaches (0ms)
		RebuildScriptCaches (0ms)
		SetupLoadedEditorAssemblies (241ms)
			LogAssemblyErrors (0ms)
			InitializePlatformSupportModulesInManaged (3ms)
			SetLoadedEditorAssemblies (2ms)
			BeforeProcessingInitializeOnLoad (73ms)
			ProcessInitializeOnLoadAttributes (133ms)
			ProcessInitializeOnLoadMethodAttributes (23ms)
			AfterProcessingInitializeOnLoad (7ms)
			EditorAssembliesLoaded (0ms)
		ExecutionOrderSort2 (0ms)
		AwakeInstancesAfterBackupRestoration (7ms)
Refreshing native plugins compatible for Editor in 0.00 ms, found 0 plugins.
Preloading 0 native plugins for Editor in 0.00 ms.
Unloading 0 Unused Serialized files (Serialized files now loaded: 0)
Unloading 1314 unused Assets / (288.9 KB). Loaded Objects now: 1819.
Memory consumption went from 63.3 MB to 63.0 MB.
Total: 6.457500 ms (FindLiveObjects: 0.248600 ms CreateObjectMapping: 0.188600 ms MarkObjects: 5.503800 ms  DeleteObjects: 0.515100 ms)

Prepare: number of updated asset objects reloaded= 0
========================================================================
Received Prepare
Refreshing native plugins compatible for Editor in 0.00 ms, found 0 plugins.
Preloading 0 native plugins for Editor in 0.00 ms.
Unloading 0 Unused Serialized files (Serialized files now loaded: 0)
Unloading 1314 unused Assets / (285.1 KB). Loaded Objects now: 1819.
Memory consumption went from 63.6 MB to 63.3 MB.
Total: 6.978100 ms (FindLiveObjects: 0.343900 ms CreateObjectMapping: 0.224900 ms MarkObjects: 5.746900 ms  DeleteObjects: 0.660900 ms)

Prepare: number of updated asset objects reloaded= 0
========================================================================
Received Prepare
Begin MonoManager ReloadAssembly
- Loaded All Assemblies, in  0.440 seconds
Refreshing native plugins compatible for Editor in 0.00 ms, found 0 plugins.
Native extension for WindowsStandalone target not found
Native extension for WebGL target not found
[Package Manager] Failed to launch server process. Reason: Unity was launched with the -noUpm command-line argument
[Package Manager] Unable to send message (not connected to server process).
[Package Manager] Cannot connect to Unity Package Manager local server
Mono: successfully reloaded assembly
- Finished resetting the current domain, in  0.326 seconds
Domain Reload Profiling: 762ms
	BeginReloadAssembly (171ms)
		ExecutionOrderSort (0ms)
		DisableScriptedObjects (6ms)
		BackupInstance (0ms)
		ReleaseScriptingObjects (0ms)
		CreateAndSetChildDomain (26ms)
	RebuildCommonClasses (34ms)
	RebuildNativeTypeToScriptingClass (12ms)
	initialDomainReloadingComplete (28ms)
	LoadAllAssembliesAndSetupDomain (189ms)
		LoadAssemblies (215ms)
		RebuildTransferFunctionScriptingTraits (0ms)
		AnalyzeDomain (70ms)
			TypeCache.Refresh (7ms)
				TypeCache.ScanAssembly (0ms)
			BuildScriptInfoCaches (59ms)
			ResolveRequiredComponents (2ms)
	FinalizeReload (327ms)
		ReleaseScriptCaches (0ms)
		RebuildScriptCaches (0ms)
		SetupLoadedEditorAssemblies (229ms)
			LogAssemblyErrors (0ms)
			InitializePlatformSupportModulesInManaged (3ms)
			SetLoadedEditorAssemblies (2ms)
			BeforeProcessingInitializeOnLoad (70ms)
			ProcessInitializeOnLoadAttributes (125ms)
			ProcessInitializeOnLoadMethodAttributes (22ms)
			AfterProcessingInitializeOnLoad (7ms)
			EditorAssembliesLoaded (0ms)
		ExecutionOrderSort2 (0ms)
		AwakeInstancesAfterBackupRestoration (7ms)
Refreshing native plugins compatible for Editor in 0.00 ms, found 0 plugins.
Preloading 0 native plugins for Editor in 0.00 ms.
Unloading 0 Unused Serialized files (Serialized files now loaded: 0)
Unloading 1314 unused Assets / (315.9 KB). Loaded Objects now: 1819.
Memory consumption went from 63.3 MB to 63.0 MB.
Total: 6.422500 ms (FindLiveObjects: 0.229100 ms CreateObjectMapping: 0.234200 ms MarkObjects: 5.417000 ms  DeleteObjects: 0.538900 ms)

Prepare: number of updated asset objects reloaded= 0
========================================================================
Received Prepare
Begin MonoManager ReloadAssembly
- Loaded All Assemblies, in  0.434 seconds
Refreshing native plugins compatible for Editor in 0.00 ms, found 0 plugins.
Native extension for WindowsStandalone target not found
Native extension for WebGL target not found
[Package Manager] Failed to launch server process. Reason: Unity was launched with the -noUpm command-line argument
[Package Manager] Unable to send message (not connected to server process).
[Package Manager] Cannot connect to Unity Package Manager local server
Mono: successfully reloaded assembly
- Finished resetting the current domain, in  0.356 seconds
Domain Reload Profiling: 788ms
	BeginReloadAssembly (171ms)
		ExecutionOrderSort (0ms)
		DisableScriptedObjects (6ms)
		BackupInstance (0ms)
		ReleaseScriptingObjects (0ms)
		CreateAndSetChildDomain (30ms)
	RebuildCommonClasses (33ms)
	RebuildNativeTypeToScriptingClass (12ms)
	initialDomainReloadingComplete (23ms)
	LoadAllAssembliesAndSetupDomain (192ms)
		LoadAssemblies (217ms)
		RebuildTransferFunctionScriptingTraits (0ms)
		AnalyzeDomain (66ms)
			TypeCache.Refresh (4ms)
				TypeCache.ScanAssembly (0ms)
			BuildScriptInfoCaches (56ms)
			ResolveRequiredComponents (3ms)
	FinalizeReload (357ms)
		ReleaseScriptCaches (0ms)
		RebuildScriptCaches (0ms)
		SetupLoadedEditorAssemblies (243ms)
			LogAssemblyErrors (0ms)
			InitializePlatformSupportModulesInManaged (3ms)
			SetLoadedEditorAssemblies (2ms)
			BeforeProcessingInitializeOnLoad (74ms)
			ProcessInitializeOnLoadAttributes (134ms)
			ProcessInitializeOnLoadMethodAttributes (23ms)
			AfterProcessingInitializeOnLoad (6ms)
			EditorAssembliesLoaded (0ms)
		ExecutionOrderSort2 (0ms)
		AwakeInstancesAfterBackupRestoration (7ms)
Refreshing native plugins compatible for Editor in 0.00 ms, found 0 plugins.
Preloading 0 native plugins for Editor in 0.00 ms.
Unloading 0 Unused Serialized files (Serialized files now loaded: 0)
Unloading 1314 unused Assets / (321.8 KB). Loaded Objects now: 1819.
Memory consumption went from 63.3 MB to 63.0 MB.
Total: 6.647200 ms (FindLiveObjects: 0.239300 ms CreateObjectMapping: 0.237500 ms MarkObjects: 5.581800 ms  DeleteObjects: 0.586900 ms)

Prepare: number of updated asset objects reloaded= 0
========================================================================
Received Prepare
Refreshing native plugins compatible for Editor in 0.00 ms, found 0 plugins.
Preloading 0 native plugins for Editor in 0.00 ms.
Unloading 0 Unused Serialized files (Serialized files now loaded: 0)
Unloading 1314 unused Assets / (335.3 KB). Loaded Objects now: 1819.
Memory consumption went from 63.6 MB to 63.2 MB.
Total: 6.360700 ms (FindLiveObjects: 0.209700 ms CreateObjectMapping: 0.176500 ms MarkObjects: 5.351600 ms  DeleteObjects: 0.621400 ms)

Prepare: number of updated asset objects reloaded= 0
========================================================================
Received Prepare
Begin MonoManager ReloadAssembly
- Loaded All Assemblies, in  0.439 seconds
Refreshing native plugins compatible for Editor in 0.00 ms, found 0 plugins.
Native extension for WindowsStandalone target not found
Native extension for WebGL target not found
[Package Manager] Failed to launch server process. Reason: Unity was launched with the -noUpm command-line argument
[Package Manager] Unable to send message (not connected to server process).
[Package Manager] Cannot connect to Unity Package Manager local server
Mono: successfully reloaded assembly
- Finished resetting the current domain, in  0.354 seconds
Domain Reload Profiling: 790ms
	BeginReloadAssembly (175ms)
		ExecutionOrderSort (0ms)
		DisableScriptedObjects (6ms)
		BackupInstance (0ms)
		ReleaseScriptingObjects (0ms)
		CreateAndSetChildDomain (26ms)
	RebuildCommonClasses (38ms)
	RebuildNativeTypeToScriptingClass (12ms)
	initialDomainReloadingComplete (23ms)
	LoadAllAssembliesAndSetupDomain (186ms)
		LoadAssemblies (218ms)
		RebuildTransferFunctionScriptingTraits (0ms)
		AnalyzeDomain (65ms)
			TypeCache.Refresh (8ms)
				TypeCache.ScanAssembly (0ms)
			BuildScriptInfoCaches (53ms)
			ResolveRequiredComponents (2ms)
	FinalizeReload (354ms)
		ReleaseScriptCaches (0ms)
		RebuildScriptCaches (0ms)
		SetupLoadedEditorAssemblies (250ms)
			LogAssemblyErrors (0ms)
			InitializePlatformSupportModulesInManaged (3ms)
			SetLoadedEditorAssemblies (3ms)
			BeforeProcessingInitializeOnLoad (77ms)
			ProcessInitializeOnLoadAttributes (136ms)
			ProcessInitializeOnLoadMethodAttributes (24ms)
			AfterProcessingInitializeOnLoad (7ms)
			EditorAssembliesLoaded (0ms)
		ExecutionOrderSort2 (0ms)
		AwakeInstancesAfterBackupRestoration (8ms)
Refreshing native plugins compatible for Editor in 0.00 ms, found 0 plugins.
Preloading 0 native plugins for Editor in 0.00 ms.
Unloading 0 Unused Serialized files (Serialized files now loaded: 0)
Unloading 1314 unused Assets / (332.3 KB). Loaded Objects now: 1819.
Memory consumption went from 63.3 MB to 63.0 MB.
Total: 6.174900 ms (FindLiveObjects: 0.265100 ms CreateObjectMapping: 0.190000 ms MarkObjects: 5.177800 ms  DeleteObjects: 0.540900 ms)

Prepare: number of updated asset objects reloaded= 0
========================================================================
Received Prepare
Begin MonoManager ReloadAssembly
- Loaded All Assemblies, in  0.441 seconds
Refreshing native plugins compatible for Editor in 0.00 ms, found 0 plugins.
Native extension for WindowsStandalone target not found
Native extension for WebGL target not found
[Package Manager] Failed to launch server process. Reason: Unity was launched with the -noUpm command-line argument
[Package Manager] Unable to send message (not connected to server process).
[Package Manager] Cannot connect to Unity Package Manager local server
Mono: successfully reloaded assembly
- Finished resetting the current domain, in  0.347 seconds
Domain Reload Profiling: 785ms
	BeginReloadAssembly (182ms)
		ExecutionOrderSort (0ms)
		DisableScriptedObjects (6ms)
		BackupInstance (0ms)
		ReleaseScriptingObjects (0ms)
		CreateAndSetChildDomain (32ms)
	RebuildCommonClasses (40ms)
	RebuildNativeTypeToScriptingClass (12ms)
	initialDomainReloadingComplete (24ms)
	LoadAllAssembliesAndSetupDomain (180ms)
		LoadAssemblies (225ms)
		RebuildTransferFunctionScriptingTraits (0ms)
		AnalyzeDomain (56ms)
			TypeCache.Refresh (4ms)
				TypeCache.ScanAssembly (0ms)
			BuildScriptInfoCaches (49ms)
			ResolveRequiredComponents (2ms)
	FinalizeReload (347ms)
		ReleaseScriptCaches (0ms)
		RebuildScriptCaches (0ms)
		SetupLoadedEditorAssemblies (247ms)
			LogAssemblyErrors (0ms)
			InitializePlatformSupportModulesInManaged (3ms)
			SetLoadedEditorAssemblies (2ms)
			BeforeProcessingInitializeOnLoad (74ms)
			ProcessInitializeOnLoadAttributes (137ms)
			ProcessInitializeOnLoadMethodAttributes (25ms)
			AfterProcessingInitializeOnLoad (7ms)
			EditorAssembliesLoaded (0ms)
		ExecutionOrderSort2 (0ms)
		AwakeInstancesAfterBackupRestoration (8ms)
Refreshing native plugins compatible for Editor in 0.00 ms, found 0 plugins.
Preloading 0 native plugins for Editor in 0.00 ms.
Unloading 0 Unused Serialized files (Serialized files now loaded: 0)
Unloading 1314 unused Assets / (252.1 KB). Loaded Objects now: 1819.
Memory consumption went from 63.3 MB to 63.1 MB.
Total: 6.243200 ms (FindLiveObjects: 0.246600 ms CreateObjectMapping: 0.229400 ms MarkObjects: 5.227000 ms  DeleteObjects: 0.538900 ms)

Prepare: number of updated asset objects reloaded= 0
========================================================================
Received Prepare
Refreshing native plugins compatible for Editor in 0.00 ms, found 0 plugins.
Preloading 0 native plugins for Editor in 0.00 ms.
Unloading 0 Unused Serialized files (Serialized files now loaded: 0)
Unloading 1314 unused Assets / (292.8 KB). Loaded Objects now: 1819.
Memory consumption went from 63.6 MB to 63.3 MB.
Total: 6.255800 ms (FindLiveObjects: 0.260400 ms CreateObjectMapping: 0.222600 ms MarkObjects: 5.252900 ms  DeleteObjects: 0.518800 ms)

Prepare: number of updated asset objects reloaded= 0
========================================================================
Received Prepare
Begin MonoManager ReloadAssembly
[Licensing::Client] Successfully resolved entitlement details
[Licensing::Module] License group:
  Id: F4-S7ZB-6RJN-A89E-YAVT-XXXX
  Product: Unity Personal
  Type: ULF
  Expiration: Unlimited
[Licensing::Module] License group:
  Id: 9071164294287-UnityPersXXXX
  Product: Unity Personal
  Type: Assigned
  Expiration: Unlimited
- Loaded All Assemblies, in  0.438 seconds
Refreshing native plugins compatible for Editor in 0.00 ms, found 0 plugins.
Native extension for WindowsStandalone target not found
Native extension for WebGL target not found
[Package Manager] Failed to launch server process. Reason: Unity was launched with the -noUpm command-line argument
[Package Manager] Unable to send message (not connected to server process).
[Package Manager] Cannot connect to Unity Package Manager local server
Mono: successfully reloaded assembly
- Finished resetting the current domain, in  0.339 seconds
Domain Reload Profiling: 774ms
	BeginReloadAssembly (178ms)
		ExecutionOrderSort (0ms)
		DisableScriptedObjects (6ms)
		BackupInstance (0ms)
		ReleaseScriptingObjects (0ms)
		CreateAndSetChildDomain (25ms)
	RebuildCommonClasses (37ms)
	RebuildNativeTypeToScriptingClass (14ms)
	initialDomainReloadingComplete (23ms)
	LoadAllAssembliesAndSetupDomain (183ms)
		LoadAssemblies (220ms)
		RebuildTransferFunctionScriptingTraits (0ms)
		AnalyzeDomain (61ms)
			TypeCache.Refresh (5ms)
				TypeCache.ScanAssembly (0ms)
			BuildScriptInfoCaches (51ms)
			ResolveRequiredComponents (2ms)
	FinalizeReload (340ms)
		ReleaseScriptCaches (0ms)
		RebuildScriptCaches (0ms)
		SetupLoadedEditorAssemblies (237ms)
			LogAssemblyErrors (0ms)
			InitializePlatformSupportModulesInManaged (3ms)
			SetLoadedEditorAssemblies (2ms)
			BeforeProcessingInitializeOnLoad (72ms)
			ProcessInitializeOnLoadAttributes (127ms)
			ProcessInitializeOnLoadMethodAttributes (26ms)
			AfterProcessingInitializeOnLoad (6ms)
			EditorAssembliesLoaded (0ms)
		ExecutionOrderSort2 (0ms)
		AwakeInstancesAfterBackupRestoration (7ms)
Refreshing native plugins compatible for Editor in 0.00 ms, found 0 plugins.
Preloading 0 native plugins for Editor in 0.00 ms.
Unloading 0 Unused Serialized files (Serialized files now loaded: 0)
Unloading 1314 unused Assets / (193.1 KB). Loaded Objects now: 1819.
Memory consumption went from 63.3 MB to 63.2 MB.
Total: 5.740900 ms (FindLiveObjects: 0.273400 ms CreateObjectMapping: 0.228900 ms MarkObjects: 4.935500 ms  DeleteObjects: 0.302200 ms)

Prepare: number of updated asset objects reloaded= 0
========================================================================
Received Prepare
Refreshing native plugins compatible for Editor in 0.00 ms, found 0 plugins.
Preloading 0 native plugins for Editor in 0.00 ms.
Unloading 0 Unused Serialized files (Serialized files now loaded: 0)
Unloading 1314 unused Assets / (396.4 KB). Loaded Objects now: 1819.
Memory consumption went from 63.6 MB to 63.2 MB.
Total: 8.017500 ms (FindLiveObjects: 0.266800 ms CreateObjectMapping: 0.324300 ms MarkObjects: 6.394700 ms  DeleteObjects: 1.030700 ms)

Prepare: number of updated asset objects reloaded= 0
========================================================================
Received Prepare
Begin MonoManager ReloadAssembly
- Loaded All Assemblies, in  0.454 seconds
Refreshing native plugins compatible for Editor in 0.00 ms, found 0 plugins.
Native extension for WindowsStandalone target not found
Native extension for WebGL target not found
[Package Manager] Failed to launch server process. Reason: Unity was launched with the -noUpm command-line argument
[Package Manager] Unable to send message (not connected to server process).
[Package Manager] Cannot connect to Unity Package Manager local server
Mono: successfully reloaded assembly
- Finished resetting the current domain, in  0.346 seconds
Domain Reload Profiling: 797ms
	BeginReloadAssembly (184ms)
		ExecutionOrderSort (0ms)
		DisableScriptedObjects (6ms)
		BackupInstance (0ms)
		ReleaseScriptingObjects (0ms)
		CreateAndSetChildDomain (33ms)
	RebuildCommonClasses (36ms)
	RebuildNativeTypeToScriptingClass (15ms)
	initialDomainReloadingComplete (24ms)
	LoadAllAssembliesAndSetupDomain (192ms)
		LoadAssemblies (225ms)
		RebuildTransferFunctionScriptingTraits (0ms)
		AnalyzeDomain (61ms)
			TypeCache.Refresh (6ms)
				TypeCache.ScanAssembly (0ms)
			BuildScriptInfoCaches (52ms)
			ResolveRequiredComponents (2ms)
	FinalizeReload (347ms)
		ReleaseScriptCaches (0ms)
		RebuildScriptCaches (0ms)
		SetupLoadedEditorAssemblies (240ms)
			LogAssemblyErrors (0ms)
			InitializePlatformSupportModulesInManaged (4ms)
			SetLoadedEditorAssemblies (3ms)
			BeforeProcessingInitializeOnLoad (72ms)
			ProcessInitializeOnLoadAttributes (132ms)
			ProcessInitializeOnLoadMethodAttributes (23ms)
			AfterProcessingInitializeOnLoad (6ms)
			EditorAssembliesLoaded (0ms)
		ExecutionOrderSort2 (0ms)
		AwakeInstancesAfterBackupRestoration (7ms)
Refreshing native plugins compatible for Editor in 0.00 ms, found 0 plugins.
Preloading 0 native plugins for Editor in 0.00 ms.
Unloading 0 Unused Serialized files (Serialized files now loaded: 0)
Unloading 1314 unused Assets / (208.4 KB). Loaded Objects now: 1819.
Memory consumption went from 63.3 MB to 63.1 MB.
Total: 4.947500 ms (FindLiveObjects: 0.271200 ms CreateObjectMapping: 0.224300 ms MarkObjects: 4.059600 ms  DeleteObjects: 0.390000 ms)

Prepare: number of updated asset objects reloaded= 0
========================================================================
Received Prepare
Refreshing native plugins compatible for Editor in 0.00 ms, found 0 plugins.
Preloading 0 native plugins for Editor in 0.00 ms.
Unloading 0 Unused Serialized files (Serialized files now loaded: 0)
Unloading 1314 unused Assets / (282.1 KB). Loaded Objects now: 1819.
Memory consumption went from 63.5 MB to 63.3 MB.
Total: 6.287900 ms (FindLiveObjects: 0.258300 ms CreateObjectMapping: 0.261600 ms MarkObjects: 5.329000 ms  DeleteObjects: 0.437600 ms)

Prepare: number of updated asset objects reloaded= 0
========================================================================
Received Prepare
Begin MonoManager ReloadAssembly
- Loaded All Assemblies, in  0.434 seconds
Refreshing native plugins compatible for Editor in 0.00 ms, found 0 plugins.
Native extension for WindowsStandalone target not found
Native extension for WebGL target not found
[Package Manager] Failed to launch server process. Reason: Unity was launched with the -noUpm command-line argument
[Package Manager] Unable to send message (not connected to server process).
[Package Manager] Cannot connect to Unity Package Manager local server
Mono: successfully reloaded assembly
- Finished resetting the current domain, in  0.352 seconds
Domain Reload Profiling: 784ms
	BeginReloadAssembly (168ms)
		ExecutionOrderSort (0ms)
		DisableScriptedObjects (6ms)
		BackupInstance (0ms)
		ReleaseScriptingObjects (0ms)
		CreateAndSetChildDomain (25ms)
	RebuildCommonClasses (35ms)
	RebuildNativeTypeToScriptingClass (14ms)
	initialDomainReloadingComplete (24ms)
	LoadAllAssembliesAndSetupDomain (190ms)
		LoadAssemblies (221ms)
		RebuildTransferFunctionScriptingTraits (0ms)
		AnalyzeDomain (63ms)
			TypeCache.Refresh (5ms)
				TypeCache.ScanAssembly (0ms)
			BuildScriptInfoCaches (53ms)
			ResolveRequiredComponents (2ms)
	FinalizeReload (353ms)
		ReleaseScriptCaches (0ms)
		RebuildScriptCaches (0ms)
		SetupLoadedEditorAssemblies (242ms)
			LogAssemblyErrors (0ms)
			InitializePlatformSupportModulesInManaged (3ms)
			SetLoadedEditorAssemblies (2ms)
			BeforeProcessingInitializeOnLoad (75ms)
			ProcessInitializeOnLoadAttributes (132ms)
			ProcessInitializeOnLoadMethodAttributes (22ms)
			AfterProcessingInitializeOnLoad (8ms)
			EditorAssembliesLoaded (0ms)
		ExecutionOrderSort2 (0ms)
		AwakeInstancesAfterBackupRestoration (7ms)
Refreshing native plugins compatible for Editor in 0.00 ms, found 0 plugins.
Preloading 0 native plugins for Editor in 0.00 ms.
Unloading 0 Unused Serialized files (Serialized files now loaded: 0)
Unloading 1314 unused Assets / (280.0 KB). Loaded Objects now: 1819.
Memory consumption went from 63.3 MB to 63.1 MB.
Total: 6.143700 ms (FindLiveObjects: 0.259900 ms CreateObjectMapping: 0.182300 ms MarkObjects: 5.206600 ms  DeleteObjects: 0.493700 ms)

Prepare: number of updated asset objects reloaded= 0
========================================================================
Received Prepare
Refreshing native plugins compatible for Editor in 0.00 ms, found 0 plugins.
Preloading 0 native plugins for Editor in 0.00 ms.
Unloading 0 Unused Serialized files (Serialized files now loaded: 0)
Unloading 1314 unused Assets / (299.8 KB). Loaded Objects now: 1819.
Memory consumption went from 63.6 MB to 63.3 MB.
Total: 6.750600 ms (FindLiveObjects: 0.278400 ms CreateObjectMapping: 0.229700 ms MarkObjects: 5.728400 ms  DeleteObjects: 0.513100 ms)

Prepare: number of updated asset objects reloaded= 0
========================================================================
Received Prepare
Begin MonoManager ReloadAssembly
- Loaded All Assemblies, in  0.459 seconds
Refreshing native plugins compatible for Editor in 0.00 ms, found 0 plugins.
Native extension for WindowsStandalone target not found
Native extension for WebGL target not found
[Package Manager] Failed to launch server process. Reason: Unity was launched with the -noUpm command-line argument
[Package Manager] Unable to send message (not connected to server process).
[Package Manager] Cannot connect to Unity Package Manager local server
Mono: successfully reloaded assembly
- Finished resetting the current domain, in  0.350 seconds
Domain Reload Profiling: 806ms
	BeginReloadAssembly (177ms)
		ExecutionOrderSort (0ms)
		DisableScriptedObjects (6ms)
		BackupInstance (0ms)
		ReleaseScriptingObjects (0ms)
		CreateAndSetChildDomain (26ms)
	RebuildCommonClasses (42ms)
	RebuildNativeTypeToScriptingClass (16ms)
	initialDomainReloadingComplete (23ms)
	LoadAllAssembliesAndSetupDomain (198ms)
		LoadAssemblies (232ms)
		RebuildTransferFunctionScriptingTraits (0ms)
		AnalyzeDomain (65ms)
			TypeCache.Refresh (7ms)
				TypeCache.ScanAssembly (0ms)
			BuildScriptInfoCaches (51ms)
			ResolveRequiredComponents (4ms)
	FinalizeReload (350ms)
		ReleaseScriptCaches (0ms)
		RebuildScriptCaches (0ms)
		SetupLoadedEditorAssemblies (241ms)
			LogAssemblyErrors (0ms)
			InitializePlatformSupportModulesInManaged (4ms)
			SetLoadedEditorAssemblies (3ms)
			BeforeProcessingInitializeOnLoad (71ms)
			ProcessInitializeOnLoadAttributes (129ms)
			ProcessInitializeOnLoadMethodAttributes (26ms)
			AfterProcessingInitializeOnLoad (7ms)
			EditorAssembliesLoaded (0ms)
		ExecutionOrderSort2 (0ms)
		AwakeInstancesAfterBackupRestoration (8ms)
Refreshing native plugins compatible for Editor in 0.00 ms, found 0 plugins.
Preloading 0 native plugins for Editor in 0.00 ms.
Unloading 0 Unused Serialized files (Serialized files now loaded: 0)
Unloading 1314 unused Assets / (279.9 KB). Loaded Objects now: 1819.
Memory consumption went from 63.3 MB to 63.1 MB.
Total: 6.560700 ms (FindLiveObjects: 0.288600 ms CreateObjectMapping: 0.240000 ms MarkObjects: 5.540500 ms  DeleteObjects: 0.490500 ms)

Prepare: number of updated asset objects reloaded= 0
========================================================================
Received Prepare
Refreshing native plugins compatible for Editor in 0.00 ms, found 0 plugins.
Preloading 0 native plugins for Editor in 0.00 ms.
Unloading 0 Unused Serialized files (Serialized files now loaded: 0)
Unloading 1314 unused Assets / (281.0 KB). Loaded Objects now: 1819.
Memory consumption went from 63.6 MB to 63.3 MB.
Total: 6.105300 ms (FindLiveObjects: 0.273500 ms CreateObjectMapping: 0.254000 ms MarkObjects: 5.152100 ms  DeleteObjects: 0.424400 ms)

Prepare: number of updated asset objects reloaded= 0
========================================================================
Received Prepare
Begin MonoManager ReloadAssembly
- Loaded All Assemblies, in  0.448 seconds
Refreshing native plugins compatible for Editor in 0.00 ms, found 0 plugins.
Native extension for WindowsStandalone target not found
Native extension for WebGL target not found
[Package Manager] Failed to launch server process. Reason: Unity was launched with the -noUpm command-line argument
[Package Manager] Unable to send message (not connected to server process).
[Package Manager] Cannot connect to Unity Package Manager local server
Mono: successfully reloaded assembly
- Finished resetting the current domain, in  0.336 seconds
Domain Reload Profiling: 781ms
	BeginReloadAssembly (176ms)
		ExecutionOrderSort (0ms)
		DisableScriptedObjects (6ms)
		BackupInstance (0ms)
		ReleaseScriptingObjects (0ms)
		CreateAndSetChildDomain (24ms)
	RebuildCommonClasses (37ms)
	RebuildNativeTypeToScriptingClass (13ms)
	initialDomainReloadingComplete (24ms)
	LoadAllAssembliesAndSetupDomain (195ms)
		LoadAssemblies (232ms)
		RebuildTransferFunctionScriptingTraits (0ms)
		AnalyzeDomain (62ms)
			TypeCache.Refresh (5ms)
				TypeCache.ScanAssembly (0ms)
			BuildScriptInfoCaches (53ms)
			ResolveRequiredComponents (2ms)
	FinalizeReload (336ms)
		ReleaseScriptCaches (0ms)
		RebuildScriptCaches (0ms)
		SetupLoadedEditorAssemblies (233ms)
			LogAssemblyErrors (0ms)
			InitializePlatformSupportModulesInManaged (4ms)
			SetLoadedEditorAssemblies (2ms)
			BeforeProcessingInitializeOnLoad (71ms)
			ProcessInitializeOnLoadAttributes (128ms)
			ProcessInitializeOnLoadMethodAttributes (21ms)
			AfterProcessingInitializeOnLoad (7ms)
			EditorAssembliesLoaded (0ms)
		ExecutionOrderSort2 (0ms)
		AwakeInstancesAfterBackupRestoration (8ms)
Refreshing native plugins compatible for Editor in 0.00 ms, found 0 plugins.
Preloading 0 native plugins for Editor in 0.00 ms.
Unloading 0 Unused Serialized files (Serialized files now loaded: 0)
Unloading 1314 unused Assets / (310.3 KB). Loaded Objects now: 1819.
Memory consumption went from 63.3 MB to 63.0 MB.
Total: 6.312900 ms (FindLiveObjects: 0.272000 ms CreateObjectMapping: 0.281600 ms MarkObjects: 5.261100 ms  DeleteObjects: 0.497000 ms)

Prepare: number of updated asset objects reloaded= 0
========================================================================
Received Prepare
Begin MonoManager ReloadAssembly
- Loaded All Assemblies, in  0.435 seconds
Refreshing native plugins compatible for Editor in 0.00 ms, found 0 plugins.
Native extension for WindowsStandalone target not found
Native extension for WebGL target not found
[Package Manager] Failed to launch server process. Reason: Unity was launched with the -noUpm command-line argument
[Package Manager] Unable to send message (not connected to server process).
[Package Manager] Cannot connect to Unity Package Manager local server
Mono: successfully reloaded assembly
- Finished resetting the current domain, in  0.347 seconds
Domain Reload Profiling: 779ms
	BeginReloadAssembly (172ms)
		ExecutionOrderSort (0ms)
		DisableScriptedObjects (6ms)
		BackupInstance (0ms)
		ReleaseScriptingObjects (0ms)
		CreateAndSetChildDomain (25ms)
	RebuildCommonClasses (36ms)
	RebuildNativeTypeToScriptingClass (12ms)
	initialDomainReloadingComplete (23ms)
	LoadAllAssembliesAndSetupDomain (189ms)
		LoadAssemblies (221ms)
		RebuildTransferFunctionScriptingTraits (0ms)
		AnalyzeDomain (62ms)
			TypeCache.Refresh (6ms)
				TypeCache.ScanAssembly (0ms)
			BuildScriptInfoCaches (51ms)
			ResolveRequiredComponents (3ms)
	FinalizeReload (347ms)
		ReleaseScriptCaches (0ms)
		RebuildScriptCaches (0ms)
		SetupLoadedEditorAssemblies (243ms)
			LogAssemblyErrors (0ms)
			InitializePlatformSupportModulesInManaged (3ms)
			SetLoadedEditorAssemblies (2ms)
			BeforeProcessingInitializeOnLoad (72ms)
			ProcessInitializeOnLoadAttributes (134ms)
			ProcessInitializeOnLoadMethodAttributes (25ms)
			AfterProcessingInitializeOnLoad (7ms)
			EditorAssembliesLoaded (0ms)
		ExecutionOrderSort2 (0ms)
		AwakeInstancesAfterBackupRestoration (8ms)
Refreshing native plugins compatible for Editor in 0.00 ms, found 0 plugins.
Preloading 0 native plugins for Editor in 0.00 ms.
Unloading 0 Unused Serialized files (Serialized files now loaded: 0)
Unloading 1314 unused Assets / (348.6 KB). Loaded Objects now: 1819.
Memory consumption went from 63.4 MB to 63.0 MB.
Total: 6.970500 ms (FindLiveObjects: 0.218800 ms CreateObjectMapping: 0.207000 ms MarkObjects: 5.918100 ms  DeleteObjects: 0.625100 ms)

Prepare: number of updated asset objects reloaded= 0
========================================================================
Received Prepare
Refreshing native plugins compatible for Editor in 0.00 ms, found 0 plugins.
Preloading 0 native plugins for Editor in 0.00 ms.
Unloading 0 Unused Serialized files (Serialized files now loaded: 0)
Unloading 1314 unused Assets / (352.7 KB). Loaded Objects now: 1819.
Memory consumption went from 63.6 MB to 63.2 MB.
Total: 6.538300 ms (FindLiveObjects: 0.673400 ms CreateObjectMapping: 0.184500 ms MarkObjects: 5.134400 ms  DeleteObjects: 0.544800 ms)

Prepare: number of updated asset objects reloaded= 0
========================================================================
Received Prepare
Begin MonoManager ReloadAssembly
[Licensing::Client] Successfully resolved entitlement details
[Licensing::Module] License group:
  Id: F4-S7ZB-6RJN-A89E-YAVT-XXXX
  Product: Unity Personal
  Type: ULF
  Expiration: Unlimited
[Licensing::Module] License group:
  Id: 9071164294287-UnityPersXXXX
  Product: Unity Personal
  Type: Assigned
  Expiration: Unlimited
- Loaded All Assemblies, in  0.440 seconds
Refreshing native plugins compatible for Editor in 0.00 ms, found 0 plugins.
Native extension for WindowsStandalone target not found
Native extension for WebGL target not found
[Package Manager] Failed to launch server process. Reason: Unity was launched with the -noUpm command-line argument
[Package Manager] Unable to send message (not connected to server process).
[Package Manager] Cannot connect to Unity Package Manager local server
Mono: successfully reloaded assembly
- Finished resetting the current domain, in  0.335 seconds
Domain Reload Profiling: 773ms
	BeginReloadAssembly (171ms)
		ExecutionOrderSort (0ms)
		DisableScriptedObjects (6ms)
		BackupInstance (0ms)
		ReleaseScriptingObjects (0ms)
		CreateAndSetChildDomain (24ms)
	RebuildCommonClasses (35ms)
	RebuildNativeTypeToScriptingClass (12ms)
	initialDomainReloadingComplete (25ms)
	LoadAllAssembliesAndSetupDomain (194ms)
		LoadAssemblies (219ms)
		RebuildTransferFunctionScriptingTraits (0ms)
		AnalyzeDomain (69ms)
			TypeCache.Refresh (6ms)
				TypeCache.ScanAssembly (0ms)
			BuildScriptInfoCaches (59ms)
			ResolveRequiredComponents (2ms)
	FinalizeReload (335ms)
		ReleaseScriptCaches (0ms)
		RebuildScriptCaches (0ms)
		SetupLoadedEditorAssemblies (236ms)
			LogAssemblyErrors (0ms)
			InitializePlatformSupportModulesInManaged (3ms)
			SetLoadedEditorAssemblies (2ms)
			BeforeProcessingInitializeOnLoad (69ms)
			ProcessInitializeOnLoadAttributes (131ms)
			ProcessInitializeOnLoadMethodAttributes (23ms)
			AfterProcessingInitializeOnLoad (7ms)
			EditorAssembliesLoaded (0ms)
		ExecutionOrderSort2 (0ms)
		AwakeInstancesAfterBackupRestoration (7ms)
Refreshing native plugins compatible for Editor in 0.00 ms, found 0 plugins.
Preloading 0 native plugins for Editor in 0.00 ms.
Unloading 0 Unused Serialized files (Serialized files now loaded: 0)
Unloading 1314 unused Assets / (428.2 KB). Loaded Objects now: 1819.
Memory consumption went from 63.3 MB to 62.9 MB.
Total: 6.988000 ms (FindLiveObjects: 0.323200 ms CreateObjectMapping: 0.269600 ms MarkObjects: 5.656900 ms  DeleteObjects: 0.737000 ms)

Prepare: number of updated asset objects reloaded= 0
========================================================================
Received Prepare
Begin MonoManager ReloadAssembly
- Loaded All Assemblies, in  0.434 seconds
Refreshing native plugins compatible for Editor in 0.00 ms, found 0 plugins.
Native extension for WindowsStandalone target not found
Native extension for WebGL target not found
[Package Manager] Failed to launch server process. Reason: Unity was launched with the -noUpm command-line argument
[Package Manager] Unable to send message (not connected to server process).
[Package Manager] Cannot connect to Unity Package Manager local server
Mono: successfully reloaded assembly
- Finished resetting the current domain, in  0.359 seconds
Domain Reload Profiling: 790ms
	BeginReloadAssembly (174ms)
		ExecutionOrderSort (0ms)
		DisableScriptedObjects (8ms)
		BackupInstance (0ms)
		ReleaseScriptingObjects (0ms)
		CreateAndSetChildDomain (25ms)
	RebuildCommonClasses (36ms)
	RebuildNativeTypeToScriptingClass (12ms)
	initialDomainReloadingComplete (25ms)
	LoadAllAssembliesAndSetupDomain (185ms)
		LoadAssemblies (223ms)
		RebuildTransferFunctionScriptingTraits (0ms)
		AnalyzeDomain (59ms)
			TypeCache.Refresh (5ms)
				TypeCache.ScanAssembly (0ms)
			BuildScriptInfoCaches (50ms)
			ResolveRequiredComponents (2ms)
	FinalizeReload (359ms)
		ReleaseScriptCaches (0ms)
		RebuildScriptCaches (0ms)
		SetupLoadedEditorAssemblies (251ms)
			LogAssemblyErrors (0ms)
			InitializePlatformSupportModulesInManaged (4ms)
			SetLoadedEditorAssemblies (3ms)
			BeforeProcessingInitializeOnLoad (76ms)
			ProcessInitializeOnLoadAttributes (139ms)
			ProcessInitializeOnLoadMethodAttributes (22ms)
			AfterProcessingInitializeOnLoad (7ms)
			EditorAssembliesLoaded (0ms)
		ExecutionOrderSort2 (0ms)
		AwakeInstancesAfterBackupRestoration (8ms)
Refreshing native plugins compatible for Editor in 0.00 ms, found 0 plugins.
Preloading 0 native plugins for Editor in 0.00 ms.
Unloading 0 Unused Serialized files (Serialized files now loaded: 0)
Unloading 1314 unused Assets / (314.1 KB). Loaded Objects now: 1819.
Memory consumption went from 63.4 MB to 63.0 MB.
Total: 7.108000 ms (FindLiveObjects: 0.310300 ms CreateObjectMapping: 0.224300 ms MarkObjects: 6.017300 ms  DeleteObjects: 0.554900 ms)

Prepare: number of updated asset objects reloaded= 0
========================================================================
Received Prepare
Refreshing native plugins compatible for Editor in 0.00 ms, found 0 plugins.
Preloading 0 native plugins for Editor in 0.00 ms.
Unloading 0 Unused Serialized files (Serialized files now loaded: 0)
Unloading 1314 unused Assets / (328.7 KB). Loaded Objects now: 1819.
Memory consumption went from 63.6 MB to 63.3 MB.
Total: 6.949100 ms (FindLiveObjects: 0.246000 ms CreateObjectMapping: 0.203200 ms MarkObjects: 5.962300 ms  DeleteObjects: 0.536400 ms)

Prepare: number of updated asset objects reloaded= 0
========================================================================
Received Prepare
Begin MonoManager ReloadAssembly
- Loaded All Assemblies, in  0.441 seconds
Refreshing native plugins compatible for Editor in 0.00 ms, found 0 plugins.
Native extension for WindowsStandalone target not found
Native extension for WebGL target not found
[Package Manager] Failed to launch server process. Reason: Unity was launched with the -noUpm command-line argument
[Package Manager] Unable to send message (not connected to server process).
[Package Manager] Cannot connect to Unity Package Manager local server
Mono: successfully reloaded assembly
- Finished resetting the current domain, in  0.340 seconds
Domain Reload Profiling: 779ms
	BeginReloadAssembly (177ms)
		ExecutionOrderSort (0ms)
		DisableScriptedObjects (6ms)
		BackupInstance (0ms)
		ReleaseScriptingObjects (0ms)
		CreateAndSetChildDomain (25ms)
	RebuildCommonClasses (35ms)
	RebuildNativeTypeToScriptingClass (12ms)
	initialDomainReloadingComplete (24ms)
	LoadAllAssembliesAndSetupDomain (189ms)
		LoadAssemblies (221ms)
		RebuildTransferFunctionScriptingTraits (0ms)
		AnalyzeDomain (62ms)
			TypeCache.Refresh (6ms)
				TypeCache.ScanAssembly (0ms)
			BuildScriptInfoCaches (52ms)
			ResolveRequiredComponents (2ms)
	FinalizeReload (341ms)
		ReleaseScriptCaches (0ms)
		RebuildScriptCaches (0ms)
		SetupLoadedEditorAssemblies (238ms)
			LogAssemblyErrors (0ms)
			InitializePlatformSupportModulesInManaged (3ms)
			SetLoadedEditorAssemblies (2ms)
			BeforeProcessingInitializeOnLoad (73ms)
			ProcessInitializeOnLoadAttributes (132ms)
			ProcessInitializeOnLoadMethodAttributes (21ms)
			AfterProcessingInitializeOnLoad (7ms)
			EditorAssembliesLoaded (0ms)
		ExecutionOrderSort2 (0ms)
		AwakeInstancesAfterBackupRestoration (9ms)
Refreshing native plugins compatible for Editor in 0.00 ms, found 0 plugins.
Preloading 0 native plugins for Editor in 0.00 ms.
Unloading 0 Unused Serialized files (Serialized files now loaded: 0)
Unloading 1314 unused Assets / (296.0 KB). Loaded Objects now: 1819.
Memory consumption went from 63.4 MB to 63.1 MB.
Total: 6.933300 ms (FindLiveObjects: 0.356800 ms CreateObjectMapping: 0.365300 ms MarkObjects: 5.477500 ms  DeleteObjects: 0.732400 ms)

Prepare: number of updated asset objects reloaded= 0
========================================================================
Received Prepare
Begin MonoManager ReloadAssembly
- Loaded All Assemblies, in  0.431 seconds
Refreshing native plugins compatible for Editor in 0.00 ms, found 0 plugins.
Native extension for WindowsStandalone target not found
Native extension for WebGL target not found
[Package Manager] Failed to launch server process. Reason: Unity was launched with the -noUpm command-line argument
[Package Manager] Unable to send message (not connected to server process).
[Package Manager] Cannot connect to Unity Package Manager local server
Mono: successfully reloaded assembly
- Finished resetting the current domain, in  0.354 seconds
Domain Reload Profiling: 782ms
	BeginReloadAssembly (171ms)
		ExecutionOrderSort (0ms)
		DisableScriptedObjects (6ms)
		BackupInstance (0ms)
		ReleaseScriptingObjects (0ms)
		CreateAndSetChildDomain (24ms)
	RebuildCommonClasses (34ms)
	RebuildNativeTypeToScriptingClass (12ms)
	initialDomainReloadingComplete (23ms)
	LoadAllAssembliesAndSetupDomain (187ms)
		LoadAssemblies (218ms)
		RebuildTransferFunctionScriptingTraits (0ms)
		AnalyzeDomain (68ms)
			TypeCache.Refresh (5ms)
				TypeCache.ScanAssembly (0ms)
			BuildScriptInfoCaches (59ms)
			ResolveRequiredComponents (2ms)
	FinalizeReload (355ms)
		ReleaseScriptCaches (0ms)
		RebuildScriptCaches (0ms)
		SetupLoadedEditorAssemblies (249ms)
			LogAssemblyErrors (0ms)
			InitializePlatformSupportModulesInManaged (3ms)
			SetLoadedEditorAssemblies (2ms)
			BeforeProcessingInitializeOnLoad (74ms)
			ProcessInitializeOnLoadAttributes (138ms)
			ProcessInitializeOnLoadMethodAttributes (24ms)
			AfterProcessingInitializeOnLoad (7ms)
			EditorAssembliesLoaded (0ms)
		ExecutionOrderSort2 (0ms)
		AwakeInstancesAfterBackupRestoration (9ms)
Refreshing native plugins compatible for Editor in 0.00 ms, found 0 plugins.
Preloading 0 native plugins for Editor in 0.00 ms.
Unloading 0 Unused Serialized files (Serialized files now loaded: 0)
Unloading 1314 unused Assets / (257.7 KB). Loaded Objects now: 1819.
Memory consumption went from 63.4 MB to 63.1 MB.
Total: 5.711800 ms (FindLiveObjects: 0.228800 ms CreateObjectMapping: 0.168100 ms MarkObjects: 4.902800 ms  DeleteObjects: 0.411000 ms)

Prepare: number of updated asset objects reloaded= 0
========================================================================
Received Prepare
Begin MonoManager ReloadAssembly
[Licensing::Client] Successfully resolved entitlement details
[Licensing::Module] License group:
  Id: F4-S7ZB-6RJN-A89E-YAVT-XXXX
  Product: Unity Personal
  Type: ULF
  Expiration: Unlimited
[Licensing::Module] License group:
  Id: 9071164294287-UnityPersXXXX
  Product: Unity Personal
  Type: Assigned
  Expiration: Unlimited
- Loaded All Assemblies, in  0.446 seconds
Refreshing native plugins compatible for Editor in 0.00 ms, found 0 plugins.
Native extension for WindowsStandalone target not found
Native extension for WebGL target not found
[Package Manager] Failed to launch server process. Reason: Unity was launched with the -noUpm command-line argument
[Package Manager] Unable to send message (not connected to server process).
[Package Manager] Cannot connect to Unity Package Manager local server
Mono: successfully reloaded assembly
- Finished resetting the current domain, in  0.359 seconds
Domain Reload Profiling: 803ms
	BeginReloadAssembly (173ms)
		ExecutionOrderSort (0ms)
		DisableScriptedObjects (6ms)
		BackupInstance (0ms)
		ReleaseScriptingObjects (0ms)
		CreateAndSetChildDomain (28ms)
	RebuildCommonClasses (38ms)
	RebuildNativeTypeToScriptingClass (16ms)
	initialDomainReloadingComplete (31ms)
	LoadAllAssembliesAndSetupDomain (186ms)
		LoadAssemblies (214ms)
		RebuildTransferFunctionScriptingTraits (0ms)
		AnalyzeDomain (65ms)
			TypeCache.Refresh (4ms)
				TypeCache.ScanAssembly (0ms)
			BuildScriptInfoCaches (55ms)
			ResolveRequiredComponents (3ms)
	FinalizeReload (359ms)
		ReleaseScriptCaches (0ms)
		RebuildScriptCaches (0ms)
		SetupLoadedEditorAssemblies (257ms)
			LogAssemblyErrors (0ms)
			InitializePlatformSupportModulesInManaged (3ms)
			SetLoadedEditorAssemblies (2ms)
			BeforeProcessingInitializeOnLoad (73ms)
			ProcessInitializeOnLoadAttributes (147ms)
			ProcessInitializeOnLoadMethodAttributes (24ms)
			AfterProcessingInitializeOnLoad (7ms)
			EditorAssembliesLoaded (0ms)
		ExecutionOrderSort2 (0ms)
		AwakeInstancesAfterBackupRestoration (9ms)
Refreshing native plugins compatible for Editor in 0.00 ms, found 0 plugins.
Preloading 0 native plugins for Editor in 0.00 ms.
Unloading 0 Unused Serialized files (Serialized files now loaded: 0)
Unloading 1314 unused Assets / (304.3 KB). Loaded Objects now: 1819.
Memory consumption went from 63.4 MB to 63.1 MB.
Total: 7.503800 ms (FindLiveObjects: 0.218300 ms CreateObjectMapping: 0.266800 ms MarkObjects: 6.506400 ms  DeleteObjects: 0.511100 ms)

Prepare: number of updated asset objects reloaded= 0
========================================================================
Received Prepare
Begin MonoManager ReloadAssembly
[Licensing::Client] Successfully resolved entitlement details
[Licensing::Module] License group:
  Id: F4-S7ZB-6RJN-A89E-YAVT-XXXX
  Product: Unity Personal
  Type: ULF
  Expiration: Unlimited
[Licensing::Module] License group:
  Id: 9071164294287-UnityPersXXXX
  Product: Unity Personal
  Type: Assigned
  Expiration: Unlimited
- Loaded All Assemblies, in  0.423 seconds
Refreshing native plugins compatible for Editor in 0.00 ms, found 0 plugins.
Native extension for WindowsStandalone target not found
Native extension for WebGL target not found
[Package Manager] Failed to launch server process. Reason: Unity was launched with the -noUpm command-line argument
[Package Manager] Unable to send message (not connected to server process).
[Package Manager] Cannot connect to Unity Package Manager local server
Mono: successfully reloaded assembly
- Finished resetting the current domain, in  0.336 seconds
Domain Reload Profiling: 756ms
	BeginReloadAssembly (169ms)
		ExecutionOrderSort (0ms)
		DisableScriptedObjects (6ms)
		BackupInstance (0ms)
		ReleaseScriptingObjects (0ms)
		CreateAndSetChildDomain (25ms)
	RebuildCommonClasses (34ms)
	RebuildNativeTypeToScriptingClass (12ms)
	initialDomainReloadingComplete (23ms)
	LoadAllAssembliesAndSetupDomain (183ms)
		LoadAssemblies (216ms)
		RebuildTransferFunctionScriptingTraits (0ms)
		AnalyzeDomain (60ms)
			TypeCache.Refresh (5ms)
				TypeCache.ScanAssembly (0ms)
			BuildScriptInfoCaches (51ms)
			ResolveRequiredComponents (2ms)
	FinalizeReload (336ms)
		ReleaseScriptCaches (0ms)
		RebuildScriptCaches (0ms)
		SetupLoadedEditorAssemblies (237ms)
			LogAssemblyErrors (0ms)
			InitializePlatformSupportModulesInManaged (3ms)
			SetLoadedEditorAssemblies (2ms)
			BeforeProcessingInitializeOnLoad (70ms)
			ProcessInitializeOnLoadAttributes (134ms)
			ProcessInitializeOnLoadMethodAttributes (21ms)
			AfterProcessingInitializeOnLoad (7ms)
			EditorAssembliesLoaded (0ms)
		ExecutionOrderSort2 (0ms)
		AwakeInstancesAfterBackupRestoration (8ms)
Refreshing native plugins compatible for Editor in 0.00 ms, found 0 plugins.
Preloading 0 native plugins for Editor in 0.00 ms.
Unloading 0 Unused Serialized files (Serialized files now loaded: 0)
Unloading 1314 unused Assets / (280.1 KB). Loaded Objects now: 1819.
Memory consumption went from 63.3 MB to 63.1 MB.
Total: 6.342700 ms (FindLiveObjects: 0.250600 ms CreateObjectMapping: 0.238100 ms MarkObjects: 5.388800 ms  DeleteObjects: 0.464000 ms)

Prepare: number of updated asset objects reloaded= 0
========================================================================
Received Prepare
Refreshing native plugins compatible for Editor in 0.00 ms, found 0 plugins.
Preloading 0 native plugins for Editor in 0.00 ms.
Unloading 0 Unused Serialized files (Serialized files now loaded: 0)
Unloading 1314 unused Assets / (262.7 KB). Loaded Objects now: 1819.
Memory consumption went from 63.6 MB to 63.3 MB.
Total: 6.100600 ms (FindLiveObjects: 0.285500 ms CreateObjectMapping: 0.196400 ms MarkObjects: 5.222300 ms  DeleteObjects: 0.395100 ms)

Prepare: number of updated asset objects reloaded= 0
========================================================================
Received Prepare
Refreshing native plugins compatible for Editor in 0.00 ms, found 0 plugins.
Preloading 0 native plugins for Editor in 0.00 ms.
Unloading 0 Unused Serialized files (Serialized files now loaded: 0)
Unloading 1314 unused Assets / (300.4 KB). Loaded Objects now: 1819.
Memory consumption went from 63.6 MB to 63.3 MB.
Total: 6.121200 ms (FindLiveObjects: 0.221800 ms CreateObjectMapping: 0.205500 ms MarkObjects: 5.252700 ms  DeleteObjects: 0.439800 ms)

Prepare: number of updated asset objects reloaded= 0
========================================================================
Received Prepare
Begin MonoManager ReloadAssembly
[Licensing::Client] Successfully resolved entitlement details
[Licensing::Module] License group:
  Id: F4-S7ZB-6RJN-A89E-YAVT-XXXX
  Product: Unity Personal
  Type: ULF
  Expiration: Unlimited
[Licensing::Module] License group:
  Id: 9071164294287-UnityPersXXXX
  Product: Unity Personal
  Type: Assigned
  Expiration: Unlimited
- Loaded All Assemblies, in  0.446 seconds
Refreshing native plugins compatible for Editor in 0.00 ms, found 0 plugins.
Native extension for WindowsStandalone target not found
Native extension for WebGL target not found
[Package Manager] Failed to launch server process. Reason: Unity was launched with the -noUpm command-line argument
[Package Manager] Unable to send message (not connected to server process).
[Package Manager] Cannot connect to Unity Package Manager local server
Mono: successfully reloaded assembly
- Finished resetting the current domain, in  0.334 seconds
Domain Reload Profiling: 777ms
	BeginReloadAssembly (174ms)
		ExecutionOrderSort (0ms)
		DisableScriptedObjects (6ms)
		BackupInstance (0ms)
		ReleaseScriptingObjects (0ms)
		CreateAndSetChildDomain (26ms)
	RebuildCommonClasses (36ms)
	RebuildNativeTypeToScriptingClass (12ms)
	initialDomainReloadingComplete (23ms)
	LoadAllAssembliesAndSetupDomain (198ms)
		LoadAssemblies (225ms)
		RebuildTransferFunctionScriptingTraits (0ms)
		AnalyzeDomain (68ms)
			TypeCache.Refresh (6ms)
				TypeCache.ScanAssembly (0ms)
			BuildScriptInfoCaches (58ms)
			ResolveRequiredComponents (2ms)
	FinalizeReload (334ms)
		ReleaseScriptCaches (0ms)
		RebuildScriptCaches (0ms)
		SetupLoadedEditorAssemblies (237ms)
			LogAssemblyErrors (0ms)
			InitializePlatformSupportModulesInManaged (3ms)
			SetLoadedEditorAssemblies (2ms)
			BeforeProcessingInitializeOnLoad (74ms)
			ProcessInitializeOnLoadAttributes (131ms)
			ProcessInitializeOnLoadMethodAttributes (20ms)
			AfterProcessingInitializeOnLoad (6ms)
			EditorAssembliesLoaded (0ms)
		ExecutionOrderSort2 (0ms)
		AwakeInstancesAfterBackupRestoration (7ms)
Refreshing native plugins compatible for Editor in 0.00 ms, found 0 plugins.
Preloading 0 native plugins for Editor in 0.00 ms.
Unloading 0 Unused Serialized files (Serialized files now loaded: 0)
Unloading 1314 unused Assets / (293.8 KB). Loaded Objects now: 1819.
Memory consumption went from 63.4 MB to 63.1 MB.
Total: 6.236700 ms (FindLiveObjects: 0.260000 ms CreateObjectMapping: 0.206200 ms MarkObjects: 5.335000 ms  DeleteObjects: 0.434300 ms)

Prepare: number of updated asset objects reloaded= 0
========================================================================
Received Prepare
Begin MonoManager ReloadAssembly
- Loaded All Assemblies, in  0.435 seconds
Refreshing native plugins compatible for Editor in 0.00 ms, found 0 plugins.
Native extension for WindowsStandalone target not found
Native extension for WebGL target not found
[Package Manager] Failed to launch server process. Reason: Unity was launched with the -noUpm command-line argument
[Package Manager] Unable to send message (not connected to server process).
[Package Manager] Cannot connect to Unity Package Manager local server
Mono: successfully reloaded assembly
- Finished resetting the current domain, in  0.332 seconds
Domain Reload Profiling: 765ms
	BeginReloadAssembly (173ms)
		ExecutionOrderSort (0ms)
		DisableScriptedObjects (6ms)
		BackupInstance (0ms)
		ReleaseScriptingObjects (0ms)
		CreateAndSetChildDomain (31ms)
	RebuildCommonClasses (39ms)
	RebuildNativeTypeToScriptingClass (17ms)
	initialDomainReloadingComplete (23ms)
	LoadAllAssembliesAndSetupDomain (180ms)
		LoadAssemblies (214ms)
		RebuildTransferFunctionScriptingTraits (0ms)
		AnalyzeDomain (58ms)
			TypeCache.Refresh (4ms)
				TypeCache.ScanAssembly (0ms)
			BuildScriptInfoCaches (50ms)
			ResolveRequiredComponents (2ms)
	FinalizeReload (332ms)
		ReleaseScriptCaches (0ms)
		RebuildScriptCaches (0ms)
		SetupLoadedEditorAssemblies (229ms)
			LogAssemblyErrors (0ms)
			InitializePlatformSupportModulesInManaged (3ms)
			SetLoadedEditorAssemblies (2ms)
			BeforeProcessingInitializeOnLoad (73ms)
			ProcessInitializeOnLoadAttributes (125ms)
			ProcessInitializeOnLoadMethodAttributes (20ms)
			AfterProcessingInitializeOnLoad (6ms)
			EditorAssembliesLoaded (0ms)
		ExecutionOrderSort2 (0ms)
		AwakeInstancesAfterBackupRestoration (7ms)
Refreshing native plugins compatible for Editor in 0.00 ms, found 0 plugins.
Preloading 0 native plugins for Editor in 0.00 ms.
Unloading 0 Unused Serialized files (Serialized files now loaded: 0)
Unloading 1314 unused Assets / (278.4 KB). Loaded Objects now: 1819.
Memory consumption went from 63.4 MB to 63.1 MB.
Total: 4.459000 ms (FindLiveObjects: 0.263300 ms CreateObjectMapping: 0.225200 ms MarkObjects: 3.535300 ms  DeleteObjects: 0.434100 ms)

Prepare: number of updated asset objects reloaded= 0
========================================================================
Received Import Request.
  Time since last request: 572.084025 seconds.
  path: Assets/MouseMovement.cs
  artifactKey: Guid(4a1cb8d1301cc7b46a4b055fe785ae05) Importer(2089858483,192608db42251d675da83286b1cce702)
Start importing Assets/MouseMovement.cs using Guid(4a1cb8d1301cc7b46a4b055fe785ae05) Importer(2089858483,192608db42251d675da83286b1cce702) (ScriptedImporter) -> (artifact id: '7d46828806daa474372943518274c8c3') in 0.1108531 seconds
Number of updated asset objects reloaded before import = 0Number of asset objects unloaded after import = 0

========================================================================
Received Prepare
Begin MonoManager ReloadAssembly
- Loaded All Assemblies, in  0.445 seconds
Refreshing native plugins compatible for Editor in 0.00 ms, found 0 plugins.
Native extension for WindowsStandalone target not found
Native extension for WebGL target not found
[Package Manager] Failed to launch server process. Reason: Unity was launched with the -noUpm command-line argument
[Package Manager] Unable to send message (not connected to server process).
[Package Manager] Cannot connect to Unity Package Manager local server
Mono: successfully reloaded assembly
- Finished resetting the current domain, in  0.342 seconds
Domain Reload Profiling: 784ms
	BeginReloadAssembly (173ms)
		ExecutionOrderSort (0ms)
		DisableScriptedObjects (6ms)
		BackupInstance (0ms)
		ReleaseScriptingObjects (0ms)
		CreateAndSetChildDomain (28ms)
	RebuildCommonClasses (35ms)
	RebuildNativeTypeToScriptingClass (12ms)
	initialDomainReloadingComplete (25ms)
	LoadAllAssembliesAndSetupDomain (195ms)
		LoadAssemblies (228ms)
		RebuildTransferFunctionScriptingTraits (0ms)
		AnalyzeDomain (63ms)
			TypeCache.Refresh (6ms)
				TypeCache.ScanAssembly (0ms)
			BuildScriptInfoCaches (53ms)
			ResolveRequiredComponents (2ms)
	FinalizeReload (343ms)
		ReleaseScriptCaches (0ms)
		RebuildScriptCaches (0ms)
		SetupLoadedEditorAssemblies (243ms)
			LogAssemblyErrors (0ms)
			InitializePlatformSupportModulesInManaged (3ms)
			SetLoadedEditorAssemblies (2ms)
			BeforeProcessingInitializeOnLoad (79ms)
			ProcessInitializeOnLoadAttributes (132ms)
			ProcessInitializeOnLoadMethodAttributes (20ms)
			AfterProcessingInitializeOnLoad (6ms)
			EditorAssembliesLoaded (0ms)
		ExecutionOrderSort2 (0ms)
		AwakeInstancesAfterBackupRestoration (7ms)
Refreshing native plugins compatible for Editor in 0.00 ms, found 0 plugins.
Preloading 0 native plugins for Editor in 0.00 ms.
Unloading 0 Unused Serialized files (Serialized files now loaded: 0)
Unloading 1315 unused Assets / (270.4 KB). Loaded Objects now: 1820.
Memory consumption went from 63.4 MB to 63.1 MB.
Total: 5.941700 ms (FindLiveObjects: 0.227400 ms CreateObjectMapping: 0.180900 ms MarkObjects: 5.080100 ms  DeleteObjects: 0.452100 ms)

Prepare: number of updated asset objects reloaded= 0
========================================================================
Received Prepare
Refreshing native plugins compatible for Editor in 0.00 ms, found 0 plugins.
Preloading 0 native plugins for Editor in 0.00 ms.
Unloading 0 Unused Serialized files (Serialized files now loaded: 0)
Unloading 1315 unused Assets / (285.9 KB). Loaded Objects now: 1820.
Memory consumption went from 63.6 MB to 63.3 MB.
Total: 5.988700 ms (FindLiveObjects: 0.244400 ms CreateObjectMapping: 0.189300 ms MarkObjects: 5.141200 ms  DeleteObjects: 0.412300 ms)

Prepare: number of updated asset objects reloaded= 0
========================================================================
Received Prepare
Begin MonoManager ReloadAssembly
[Licensing::Client] Successfully resolved entitlement details
[Licensing::Module] License group:
  Id: F4-S7ZB-6RJN-A89E-YAVT-XXXX
  Product: Unity Personal
  Type: ULF
  Expiration: Unlimited
[Licensing::Module] License group:
  Id: 9071164294287-UnityPersXXXX
  Product: Unity Personal
  Type: Assigned
  Expiration: Unlimited
- Loaded All Assemblies, in  0.440 seconds
Refreshing native plugins compatible for Editor in 0.00 ms, found 0 plugins.
Native extension for WindowsStandalone target not found
Native extension for WebGL target not found
[Package Manager] Failed to launch server process. Reason: Unity was launched with the -noUpm command-line argument
[Package Manager] Unable to send message (not connected to server process).
[Package Manager] Cannot connect to Unity Package Manager local server
Mono: successfully reloaded assembly
- Finished resetting the current domain, in  0.340 seconds
Domain Reload Profiling: 777ms
	BeginReloadAssembly (176ms)
		ExecutionOrderSort (0ms)
		DisableScriptedObjects (6ms)
		BackupInstance (0ms)
		ReleaseScriptingObjects (0ms)
		CreateAndSetChildDomain (31ms)
	RebuildCommonClasses (37ms)
	RebuildNativeTypeToScriptingClass (12ms)
	initialDomainReloadingComplete (25ms)
	LoadAllAssembliesAndSetupDomain (187ms)
		LoadAssemblies (218ms)
		RebuildTransferFunctionScriptingTraits (0ms)
		AnalyzeDomain (62ms)
			TypeCache.Refresh (6ms)
				TypeCache.ScanAssembly (0ms)
			BuildScriptInfoCaches (52ms)
			ResolveRequiredComponents (2ms)
	FinalizeReload (340ms)
		ReleaseScriptCaches (0ms)
		RebuildScriptCaches (0ms)
		SetupLoadedEditorAssemblies (237ms)
			LogAssemblyErrors (0ms)
			InitializePlatformSupportModulesInManaged (3ms)
			SetLoadedEditorAssemblies (2ms)
			BeforeProcessingInitializeOnLoad (71ms)
			ProcessInitializeOnLoadAttributes (130ms)
			ProcessInitializeOnLoadMethodAttributes (23ms)
			AfterProcessingInitializeOnLoad (7ms)
			EditorAssembliesLoaded (0ms)
		ExecutionOrderSort2 (0ms)
		AwakeInstancesAfterBackupRestoration (7ms)
Refreshing native plugins compatible for Editor in 0.00 ms, found 0 plugins.
Preloading 0 native plugins for Editor in 0.00 ms.
Unloading 0 Unused Serialized files (Serialized files now loaded: 0)
Unloading 1315 unused Assets / (289.0 KB). Loaded Objects now: 1820.
Memory consumption went from 63.4 MB to 63.1 MB.
Total: 6.703300 ms (FindLiveObjects: 0.270100 ms CreateObjectMapping: 0.237400 ms MarkObjects: 5.694400 ms  DeleteObjects: 0.499300 ms)

Prepare: number of updated asset objects reloaded= 0
========================================================================
Received Prepare
Refreshing native plugins compatible for Editor in 0.00 ms, found 0 plugins.
Preloading 0 native plugins for Editor in 0.00 ms.
Unloading 0 Unused Serialized files (Serialized files now loaded: 0)
Unloading 1315 unused Assets / (276.2 KB). Loaded Objects now: 1820.
Memory consumption went from 63.6 MB to 63.3 MB.
Total: 7.184300 ms (FindLiveObjects: 0.398200 ms CreateObjectMapping: 0.456400 ms MarkObjects: 5.872600 ms  DeleteObjects: 0.456400 ms)

Prepare: number of updated asset objects reloaded= 0
========================================================================
Received Prepare
Begin MonoManager ReloadAssembly
- Loaded All Assemblies, in  0.440 seconds
Refreshing native plugins compatible for Editor in 0.00 ms, found 0 plugins.
Native extension for WindowsStandalone target not found
Native extension for WebGL target not found
[Package Manager] Failed to launch server process. Reason: Unity was launched with the -noUpm command-line argument
[Package Manager] Unable to send message (not connected to server process).
[Package Manager] Cannot connect to Unity Package Manager local server
Mono: successfully reloaded assembly
- Finished resetting the current domain, in  0.340 seconds
Domain Reload Profiling: 777ms
	BeginReloadAssembly (178ms)
		ExecutionOrderSort (0ms)
		DisableScriptedObjects (6ms)
		BackupInstance (0ms)
		ReleaseScriptingObjects (0ms)
		CreateAndSetChildDomain (30ms)
	RebuildCommonClasses (40ms)
	RebuildNativeTypeToScriptingClass (14ms)
	initialDomainReloadingComplete (24ms)
	LoadAllAssembliesAndSetupDomain (182ms)
		LoadAssemblies (220ms)
		RebuildTransferFunctionScriptingTraits (0ms)
		AnalyzeDomain (60ms)
			TypeCache.Refresh (6ms)
				TypeCache.ScanAssembly (0ms)
			BuildScriptInfoCaches (50ms)
			ResolveRequiredComponents (2ms)
	FinalizeReload (341ms)
		ReleaseScriptCaches (0ms)
		RebuildScriptCaches (0ms)
		SetupLoadedEditorAssemblies (241ms)
			LogAssemblyErrors (0ms)
			InitializePlatformSupportModulesInManaged (3ms)
			SetLoadedEditorAssemblies (2ms)
			BeforeProcessingInitializeOnLoad (72ms)
			ProcessInitializeOnLoadAttributes (130ms)
			ProcessInitializeOnLoadMethodAttributes (27ms)
			AfterProcessingInitializeOnLoad (7ms)
			EditorAssembliesLoaded (0ms)
		ExecutionOrderSort2 (0ms)
		AwakeInstancesAfterBackupRestoration (7ms)
Refreshing native plugins compatible for Editor in 0.00 ms, found 0 plugins.
Preloading 0 native plugins for Editor in 0.00 ms.
Unloading 0 Unused Serialized files (Serialized files now loaded: 0)
Unloading 1315 unused Assets / (283.9 KB). Loaded Objects now: 1820.
Memory consumption went from 63.3 MB to 63.1 MB.
Total: 6.507400 ms (FindLiveObjects: 0.321000 ms CreateObjectMapping: 0.326300 ms MarkObjects: 5.391800 ms  DeleteObjects: 0.466900 ms)

Prepare: number of updated asset objects reloaded= 0
========================================================================
Received Prepare
Refreshing native plugins compatible for Editor in 0.00 ms, found 0 plugins.
Preloading 0 native plugins for Editor in 0.00 ms.
Unloading 0 Unused Serialized files (Serialized files now loaded: 0)
Unloading 1315 unused Assets / (305.3 KB). Loaded Objects now: 1820.
Memory consumption went from 63.6 MB to 63.3 MB.
Total: 7.927200 ms (FindLiveObjects: 0.208100 ms CreateObjectMapping: 0.185900 ms MarkObjects: 7.066000 ms  DeleteObjects: 0.466000 ms)

Prepare: number of updated asset objects reloaded= 0
========================================================================
Received Prepare
Begin MonoManager ReloadAssembly
- Loaded All Assemblies, in  0.454 seconds
Refreshing native plugins compatible for Editor in 0.00 ms, found 0 plugins.
Native extension for WindowsStandalone target not found
Native extension for WebGL target not found
[Package Manager] Failed to launch server process. Reason: Unity was launched with the -noUpm command-line argument
[Package Manager] Unable to send message (not connected to server process).
[Package Manager] Cannot connect to Unity Package Manager local server
Mono: successfully reloaded assembly
- Finished resetting the current domain, in  0.379 seconds
Domain Reload Profiling: 831ms
	BeginReloadAssembly (167ms)
		ExecutionOrderSort (0ms)
		DisableScriptedObjects (6ms)
		BackupInstance (0ms)
		ReleaseScriptingObjects (0ms)
		CreateAndSetChildDomain (27ms)
	RebuildCommonClasses (34ms)
	RebuildNativeTypeToScriptingClass (14ms)
	initialDomainReloadingComplete (27ms)
	LoadAllAssembliesAndSetupDomain (210ms)
		LoadAssemblies (235ms)
		RebuildTransferFunctionScriptingTraits (0ms)
		AnalyzeDomain (65ms)
			TypeCache.Refresh (7ms)
				TypeCache.ScanAssembly (0ms)
			BuildScriptInfoCaches (54ms)
			ResolveRequiredComponents (2ms)
	FinalizeReload (380ms)
		ReleaseScriptCaches (0ms)
		RebuildScriptCaches (0ms)
		SetupLoadedEditorAssemblies (272ms)
			LogAssemblyErrors (0ms)
			InitializePlatformSupportModulesInManaged (3ms)
			SetLoadedEditorAssemblies (2ms)
			BeforeProcessingInitializeOnLoad (77ms)
			ProcessInitializeOnLoadAttributes (157ms)
			ProcessInitializeOnLoadMethodAttributes (25ms)
			AfterProcessingInitializeOnLoad (8ms)
			EditorAssembliesLoaded (0ms)
		ExecutionOrderSort2 (0ms)
		AwakeInstancesAfterBackupRestoration (8ms)
Refreshing native plugins compatible for Editor in 0.00 ms, found 0 plugins.
Preloading 0 native plugins for Editor in 0.00 ms.
Unloading 0 Unused Serialized files (Serialized files now loaded: 0)
Unloading 1315 unused Assets / (299.6 KB). Loaded Objects now: 1820.
Memory consumption went from 63.4 MB to 63.1 MB.
Total: 6.684400 ms (FindLiveObjects: 0.347600 ms CreateObjectMapping: 0.305200 ms MarkObjects: 5.514500 ms  DeleteObjects: 0.515700 ms)

Prepare: number of updated asset objects reloaded= 0
========================================================================
Received Prepare
Begin MonoManager ReloadAssembly
[Licensing::Client] Successfully resolved entitlement details
[Licensing::Module] License group:
  Id: F4-S7ZB-6RJN-A89E-YAVT-XXXX
  Product: Unity Personal
  Type: ULF
  Expiration: Unlimited
[Licensing::Module] License group:
  Id: 9071164294287-UnityPersXXXX
  Product: Unity Personal
  Type: Assigned
  Expiration: Unlimited
- Loaded All Assemblies, in  0.424 seconds
Refreshing native plugins compatible for Editor in 0.00 ms, found 0 plugins.
Native extension for WindowsStandalone target not found
Native extension for WebGL target not found
[Package Manager] Failed to launch server process. Reason: Unity was launched with the -noUpm command-line argument
[Package Manager] Unable to send message (not connected to server process).
[Package Manager] Cannot connect to Unity Package Manager local server
Mono: successfully reloaded assembly
- Finished resetting the current domain, in  0.340 seconds
Domain Reload Profiling: 761ms
	BeginReloadAssembly (173ms)
		ExecutionOrderSort (0ms)
		DisableScriptedObjects (6ms)
		BackupInstance (0ms)
		ReleaseScriptingObjects (0ms)
		CreateAndSetChildDomain (30ms)
	RebuildCommonClasses (33ms)
	RebuildNativeTypeToScriptingClass (12ms)
	initialDomainReloadingComplete (23ms)
	LoadAllAssembliesAndSetupDomain (179ms)
		LoadAssemblies (215ms)
		RebuildTransferFunctionScriptingTraits (0ms)
		AnalyzeDomain (57ms)
			TypeCache.Refresh (4ms)
				TypeCache.ScanAssembly (0ms)
			BuildScriptInfoCaches (49ms)
			ResolveRequiredComponents (2ms)
	FinalizeReload (340ms)
		ReleaseScriptCaches (0ms)
		RebuildScriptCaches (0ms)
		SetupLoadedEditorAssemblies (239ms)
			LogAssemblyErrors (0ms)
			InitializePlatformSupportModulesInManaged (3ms)
			SetLoadedEditorAssemblies (2ms)
			BeforeProcessingInitializeOnLoad (73ms)
			ProcessInitializeOnLoadAttributes (131ms)
			ProcessInitializeOnLoadMethodAttributes (22ms)
			AfterProcessingInitializeOnLoad (6ms)
			EditorAssembliesLoaded (0ms)
		ExecutionOrderSort2 (0ms)
		AwakeInstancesAfterBackupRestoration (7ms)
Refreshing native plugins compatible for Editor in 0.00 ms, found 0 plugins.
Preloading 0 native plugins for Editor in 0.00 ms.
Unloading 0 Unused Serialized files (Serialized files now loaded: 0)
Unloading 1315 unused Assets / (286.8 KB). Loaded Objects now: 1820.
Memory consumption went from 63.4 MB to 63.1 MB.
Total: 4.546600 ms (FindLiveObjects: 0.197500 ms CreateObjectMapping: 0.124300 ms MarkObjects: 3.775100 ms  DeleteObjects: 0.448300 ms)

Prepare: number of updated asset objects reloaded= 0
========================================================================
Received Import Request.
  Time since last request: 173.574566 seconds.
  path: Assets/tile.mat
  artifactKey: Guid(03a60132c65d11646bee0178ca0261f3) Importer(815301076,1909f56bfc062723c751e8b465ee728b)
Start importing Assets/tile.mat using Guid(03a60132c65d11646bee0178ca0261f3) Importer(815301076,1909f56bfc062723c751e8b465ee728b) (PreviewImporter) -> (artifact id: 'f7df8376eded513bf03f8c834d194ef4') in 0.1426413 seconds
Number of updated asset objects reloaded before import = 0Number of asset objects unloaded after import = 2

========================================================================
Received Prepare
Begin MonoManager ReloadAssembly
[Licensing::Client] Successfully resolved entitlement details
[Licensing::Module] License group:
  Id: F4-S7ZB-6RJN-A89E-YAVT-XXXX
  Product: Unity Personal
  Type: ULF
  Expiration: Unlimited
[Licensing::Module] License group:
  Id: 9071164294287-UnityPersXXXX
  Product: Unity Personal
  Type: Assigned
  Expiration: Unlimited
- Loaded All Assemblies, in  0.434 seconds
Refreshing native plugins compatible for Editor in 0.00 ms, found 0 plugins.
Native extension for WindowsStandalone target not found
Native extension for WebGL target not found
[Package Manager] Failed to launch server process. Reason: Unity was launched with the -noUpm command-line argument
[Package Manager] Unable to send message (not connected to server process).
[Package Manager] Cannot connect to Unity Package Manager local server
Mono: successfully reloaded assembly
- Finished resetting the current domain, in  0.348 seconds
Domain Reload Profiling: 780ms
	BeginReloadAssembly (177ms)
		ExecutionOrderSort (0ms)
		DisableScriptedObjects (5ms)
		BackupInstance (0ms)
		ReleaseScriptingObjects (0ms)
		CreateAndSetChildDomain (33ms)
	RebuildCommonClasses (33ms)
	RebuildNativeTypeToScriptingClass (12ms)
	initialDomainReloadingComplete (23ms)
	LoadAllAssembliesAndSetupDomain (184ms)
		LoadAssemblies (217ms)
		RebuildTransferFunctionScriptingTraits (0ms)
		AnalyzeDomain (61ms)
			TypeCache.Refresh (4ms)
				TypeCache.ScanAssembly (0ms)
			BuildScriptInfoCaches (53ms)
			ResolveRequiredComponents (2ms)
	FinalizeReload (349ms)
		ReleaseScriptCaches (0ms)
		RebuildScriptCaches (0ms)
		SetupLoadedEditorAssemblies (241ms)
			LogAssemblyErrors (0ms)
			InitializePlatformSupportModulesInManaged (3ms)
			SetLoadedEditorAssemblies (2ms)
			BeforeProcessingInitializeOnLoad (76ms)
			ProcessInitializeOnLoadAttributes (133ms)
			ProcessInitializeOnLoadMethodAttributes (21ms)
			AfterProcessingInitializeOnLoad (6ms)
			EditorAssembliesLoaded (0ms)
		ExecutionOrderSort2 (0ms)
		AwakeInstancesAfterBackupRestoration (7ms)
Refreshing native plugins compatible for Editor in 0.00 ms, found 0 plugins.
Preloading 0 native plugins for Editor in 0.00 ms.
Unloading 0 Unused Serialized files (Serialized files now loaded: 0)
Unloading 1315 unused Assets / (270.4 KB). Loaded Objects now: 1862.
Memory consumption went from 68.3 MB to 68.0 MB.
Total: 6.372700 ms (FindLiveObjects: 0.295700 ms CreateObjectMapping: 0.311900 ms MarkObjects: 5.298400 ms  DeleteObjects: 0.465200 ms)

Prepare: number of updated asset objects reloaded= 0
========================================================================
Received Import Request.
  Time since last request: 67.712325 seconds.
  path: Assets/tile.mat
  artifactKey: Guid(03a60132c65d11646bee0178ca0261f3) Importer(815301076,1909f56bfc062723c751e8b465ee728b)
Start importing Assets/tile.mat using Guid(03a60132c65d11646bee0178ca0261f3) Importer(815301076,1909f56bfc062723c751e8b465ee728b) (PreviewImporter) -> (artifact id: '920fb1c840eaf6573b67166fd6dfdbf6') in 0.0906953 seconds
Number of updated asset objects reloaded before import = 0Number of asset objects unloaded after import = 2

========================================================================
Received Import Request.
  Time since last request: 273.912507 seconds.
  path: Assets/Scenes/Main.unity
  artifactKey: Guid(9fc0d4010bbf28b4594072e72b8655ab) Importer(2089858483,192608db42251d675da83286b1cce702)
Start importing Assets/Scenes/Main.unity using Guid(9fc0d4010bbf28b4594072e72b8655ab) Importer(2089858483,192608db42251d675da83286b1cce702) (ScriptedImporter) -> (artifact id: '2ef5570e4ea15a72d68cb9e21c95b001') in 0.0739206 seconds
Number of updated asset objects reloaded before import = 0Number of asset objects unloaded after import = 1

========================================================================
Received Import Request.
  Time since last request: 0.000055 seconds.
  path: Assets/texture.png
  artifactKey: Guid(227d2c9e710f8b74b95b5fa31c8514d6) Importer(2089858483,192608db42251d675da83286b1cce702)
Start importing Assets/texture.png using Guid(227d2c9e710f8b74b95b5fa31c8514d6) Importer(2089858483,192608db42251d675da83286b1cce702) (ScriptedImporter) -> (artifact id: 'f7b9f13ab353cb1182dc7f0611c21cef') in 0.059391 seconds
Number of updated asset objects reloaded before import = 0Number of asset objects unloaded after import = 1

========================================================================
Received Prepare
Refreshing native plugins compatible for Editor in 0.00 ms, found 0 plugins.
Preloading 0 native plugins for Editor in 0.00 ms.
Unloading 0 Unused Serialized files (Serialized files now loaded: 0)
Unloading 1315 unused Assets / (263.6 KB). Loaded Objects now: 1863.
Memory consumption went from 68.6 MB to 68.3 MB.
Total: 7.643300 ms (FindLiveObjects: 0.261100 ms CreateObjectMapping: 0.188400 ms MarkObjects: 6.598200 ms  DeleteObjects: 0.594200 ms)

Prepare: number of updated asset objects reloaded= 0
========================================================================
Received Prepare
Refreshing native plugins compatible for Editor in 0.00 ms, found 0 plugins.
Preloading 0 native plugins for Editor in 0.00 ms.
Unloading 0 Unused Serialized files (Serialized files now loaded: 0)
Unloading 1314 unused Assets / (303.6 KB). Loaded Objects now: 1862.
Memory consumption went from 68.6 MB to 68.3 MB.
Total: 8.667300 ms (FindLiveObjects: 0.293100 ms CreateObjectMapping: 1.007200 ms MarkObjects: 6.865200 ms  DeleteObjects: 0.500600 ms)

Prepare: number of updated asset objects reloaded= 0
========================================================================
Received Prepare
Refreshing native plugins compatible for Editor in 0.00 ms, found 0 plugins.
Preloading 0 native plugins for Editor in 0.00 ms.
Unloading 0 Unused Serialized files (Serialized files now loaded: 0)
Unloading 1314 unused Assets / (352.7 KB). Loaded Objects now: 1862.
Memory consumption went from 68.6 MB to 68.2 MB.
Total: 7.139000 ms (FindLiveObjects: 0.316500 ms CreateObjectMapping: 0.248800 ms MarkObjects: 5.758600 ms  DeleteObjects: 0.813800 ms)

Prepare: number of updated asset objects reloaded= 0
========================================================================
Received Prepare
Begin MonoManager ReloadAssembly
[Licensing::Client] Successfully resolved entitlement details
[Licensing::Module] License group:
  Id: F4-S7ZB-6RJN-A89E-YAVT-XXXX
  Product: Unity Personal
  Type: ULF
  Expiration: Unlimited
[Licensing::Module] License group:
  Id: 9071164294287-UnityPersXXXX
  Product: Unity Personal
  Type: Assigned
  Expiration: Unlimited
- Loaded All Assemblies, in  0.447 seconds
Refreshing native plugins compatible for Editor in 0.00 ms, found 0 plugins.
Native extension for WindowsStandalone target not found
Native extension for WebGL target not found
[Package Manager] Failed to launch server process. Reason: Unity was launched with the -noUpm command-line argument
[Package Manager] Unable to send message (not connected to server process).
[Package Manager] Cannot connect to Unity Package Manager local server
Mono: successfully reloaded assembly
- Finished resetting the current domain, in  0.330 seconds
Domain Reload Profiling: 774ms
	BeginReloadAssembly (179ms)
		ExecutionOrderSort (0ms)
		DisableScriptedObjects (6ms)
		BackupInstance (0ms)
		ReleaseScriptingObjects (0ms)
		CreateAndSetChildDomain (30ms)
	RebuildCommonClasses (34ms)
	RebuildNativeTypeToScriptingClass (12ms)
	initialDomainReloadingComplete (26ms)
	LoadAllAssembliesAndSetupDomain (193ms)
		LoadAssemblies (225ms)
		RebuildTransferFunctionScriptingTraits (0ms)
		AnalyzeDomain (61ms)
			TypeCache.Refresh (6ms)
				TypeCache.ScanAssembly (0ms)
			BuildScriptInfoCaches (51ms)
			ResolveRequiredComponents (2ms)
	FinalizeReload (331ms)
		ReleaseScriptCaches (0ms)
		RebuildScriptCaches (0ms)
		SetupLoadedEditorAssemblies (232ms)
			LogAssemblyErrors (0ms)
			InitializePlatformSupportModulesInManaged (3ms)
			SetLoadedEditorAssemblies (2ms)
			BeforeProcessingInitializeOnLoad (71ms)
			ProcessInitializeOnLoadAttributes (129ms)
			ProcessInitializeOnLoadMethodAttributes (21ms)
			AfterProcessingInitializeOnLoad (6ms)
			EditorAssembliesLoaded (0ms)
		ExecutionOrderSort2 (0ms)
		AwakeInstancesAfterBackupRestoration (8ms)
Refreshing native plugins compatible for Editor in 0.00 ms, found 0 plugins.
Preloading 0 native plugins for Editor in 0.00 ms.
Unloading 0 Unused Serialized files (Serialized files now loaded: 0)
Unloading 1314 unused Assets / (188.3 KB). Loaded Objects now: 1861.
Memory consumption went from 68.3 MB to 68.1 MB.
Total: 4.986200 ms (FindLiveObjects: 0.279100 ms CreateObjectMapping: 0.259200 ms MarkObjects: 4.154100 ms  DeleteObjects: 0.292800 ms)

Prepare: number of updated asset objects reloaded= 0
========================================================================
Received Prepare
Begin MonoManager ReloadAssembly
- Loaded All Assemblies, in  0.463 seconds
Refreshing native plugins compatible for Editor in 0.00 ms, found 0 plugins.
Native extension for WindowsStandalone target not found
Native extension for WebGL target not found
[Package Manager] Failed to launch server process. Reason: Unity was launched with the -noUpm command-line argument
[Package Manager] Unable to send message (not connected to server process).
[Package Manager] Cannot connect to Unity Package Manager local server
Mono: successfully reloaded assembly
- Finished resetting the current domain, in  0.351 seconds
Domain Reload Profiling: 811ms
	BeginReloadAssembly (177ms)
		ExecutionOrderSort (0ms)
		DisableScriptedObjects (6ms)
		BackupInstance (0ms)
		ReleaseScriptingObjects (0ms)
		CreateAndSetChildDomain (26ms)
	RebuildCommonClasses (35ms)
	RebuildNativeTypeToScriptingClass (12ms)
	initialDomainReloadingComplete (24ms)
	LoadAllAssembliesAndSetupDomain (211ms)
		LoadAssemblies (241ms)
		RebuildTransferFunctionScriptingTraits (0ms)
		AnalyzeDomain (64ms)
			TypeCache.Refresh (5ms)
				TypeCache.ScanAssembly (0ms)
			BuildScriptInfoCaches (55ms)
			ResolveRequiredComponents (2ms)
	FinalizeReload (352ms)
		ReleaseScriptCaches (0ms)
		RebuildScriptCaches (0ms)
		SetupLoadedEditorAssemblies (248ms)
			LogAssemblyErrors (0ms)
			InitializePlatformSupportModulesInManaged (3ms)
			SetLoadedEditorAssemblies (2ms)
			BeforeProcessingInitializeOnLoad (79ms)
			ProcessInitializeOnLoadAttributes (134ms)
			ProcessInitializeOnLoadMethodAttributes (24ms)
			AfterProcessingInitializeOnLoad (7ms)
			EditorAssembliesLoaded (0ms)
		ExecutionOrderSort2 (0ms)
		AwakeInstancesAfterBackupRestoration (8ms)
Refreshing native plugins compatible for Editor in 0.00 ms, found 0 plugins.
Preloading 0 native plugins for Editor in 0.00 ms.
Unloading 0 Unused Serialized files (Serialized files now loaded: 0)
Unloading 1314 unused Assets / (286.9 KB). Loaded Objects now: 1861.
Memory consumption went from 68.2 MB to 68.0 MB.
Total: 6.710600 ms (FindLiveObjects: 0.258800 ms CreateObjectMapping: 0.199500 ms MarkObjects: 5.769800 ms  DeleteObjects: 0.480400 ms)

Prepare: number of updated asset objects reloaded= 0
========================================================================
Received Prepare
Refreshing native plugins compatible for Editor in 0.00 ms, found 0 plugins.
Preloading 0 native plugins for Editor in 0.00 ms.
Unloading 0 Unused Serialized files (Serialized files now loaded: 0)
Unloading 1314 unused Assets / (313.2 KB). Loaded Objects now: 1861.
Memory consumption went from 68.5 MB to 68.2 MB.
Total: 7.739700 ms (FindLiveObjects: 0.276800 ms CreateObjectMapping: 0.253100 ms MarkObjects: 6.597100 ms  DeleteObjects: 0.611500 ms)

Prepare: number of updated asset objects reloaded= 0
========================================================================
Received Prepare
Refreshing native plugins compatible for Editor in 0.00 ms, found 0 plugins.
Preloading 0 native plugins for Editor in 0.00 ms.
Unloading 0 Unused Serialized files (Serialized files now loaded: 0)
Unloading 1314 unused Assets / (275.3 KB). Loaded Objects now: 1861.
Memory consumption went from 68.5 MB to 68.2 MB.
Total: 6.178700 ms (FindLiveObjects: 0.271200 ms CreateObjectMapping: 0.257200 ms MarkObjects: 5.173700 ms  DeleteObjects: 0.475200 ms)

Prepare: number of updated asset objects reloaded= 0
========================================================================
Received Prepare
Begin MonoManager ReloadAssembly
[Licensing::Client] Successfully resolved entitlement details
[Licensing::Module] License group:
  Id: F4-S7ZB-6RJN-A89E-YAVT-XXXX
  Product: Unity Personal
  Type: ULF
  Expiration: Unlimited
[Licensing::Module] License group:
  Id: 9071164294287-UnityPersXXXX
  Product: Unity Personal
  Type: Assigned
  Expiration: Unlimited
- Loaded All Assemblies, in  0.434 seconds
Refreshing native plugins compatible for Editor in 0.00 ms, found 0 plugins.
Native extension for WindowsStandalone target not found
Native extension for WebGL target not found
[Package Manager] Failed to launch server process. Reason: Unity was launched with the -noUpm command-line argument
[Package Manager] Unable to send message (not connected to server process).
[Package Manager] Cannot connect to Unity Package Manager local server
Mono: successfully reloaded assembly
- Finished resetting the current domain, in  0.334 seconds
Domain Reload Profiling: 765ms
	BeginReloadAssembly (172ms)
		ExecutionOrderSort (0ms)
		DisableScriptedObjects (6ms)
		BackupInstance (0ms)
		ReleaseScriptingObjects (0ms)
		CreateAndSetChildDomain (27ms)
	RebuildCommonClasses (34ms)
	RebuildNativeTypeToScriptingClass (12ms)
	initialDomainReloadingComplete (27ms)
	LoadAllAssembliesAndSetupDomain (185ms)
		LoadAssemblies (217ms)
		RebuildTransferFunctionScriptingTraits (0ms)
		AnalyzeDomain (60ms)
			TypeCache.Refresh (6ms)
				TypeCache.ScanAssembly (0ms)
			BuildScriptInfoCaches (50ms)
			ResolveRequiredComponents (2ms)
	FinalizeReload (335ms)
		ReleaseScriptCaches (0ms)
		RebuildScriptCaches (0ms)
		SetupLoadedEditorAssemblies (233ms)
			LogAssemblyErrors (0ms)
			InitializePlatformSupportModulesInManaged (3ms)
			SetLoadedEditorAssemblies (2ms)
			BeforeProcessingInitializeOnLoad (73ms)
			ProcessInitializeOnLoadAttributes (129ms)
			ProcessInitializeOnLoadMethodAttributes (21ms)
			AfterProcessingInitializeOnLoad (6ms)
			EditorAssembliesLoaded (0ms)
		ExecutionOrderSort2 (0ms)
		AwakeInstancesAfterBackupRestoration (7ms)
Refreshing native plugins compatible for Editor in 0.00 ms, found 0 plugins.
Preloading 0 native plugins for Editor in 0.00 ms.
Unloading 0 Unused Serialized files (Serialized files now loaded: 0)
Unloading 1314 unused Assets / (294.8 KB). Loaded Objects now: 1861.
Memory consumption went from 68.3 MB to 68.0 MB.
Total: 6.734700 ms (FindLiveObjects: 0.263500 ms CreateObjectMapping: 0.212300 ms MarkObjects: 5.794500 ms  DeleteObjects: 0.463100 ms)

Prepare: number of updated asset objects reloaded= 0
========================================================================
Received Prepare
Refreshing native plugins compatible for Editor in 0.00 ms, found 0 plugins.
Preloading 0 native plugins for Editor in 0.00 ms.
Unloading 0 Unused Serialized files (Serialized files now loaded: 0)
Unloading 1314 unused Assets / (262.6 KB). Loaded Objects now: 1861.
Memory consumption went from 68.5 MB to 68.3 MB.
Total: 6.421100 ms (FindLiveObjects: 0.258000 ms CreateObjectMapping: 0.200200 ms MarkObjects: 5.531800 ms  DeleteObjects: 0.429800 ms)

Prepare: number of updated asset objects reloaded= 0
========================================================================
Received Prepare
Refreshing native plugins compatible for Editor in 0.00 ms, found 0 plugins.
Preloading 0 native plugins for Editor in 0.00 ms.
Unloading 0 Unused Serialized files (Serialized files now loaded: 0)
Unloading 1314 unused Assets / (260.7 KB). Loaded Objects now: 1861.
Memory consumption went from 68.5 MB to 68.3 MB.
Total: 6.721400 ms (FindLiveObjects: 0.234900 ms CreateObjectMapping: 0.209700 ms MarkObjects: 5.782500 ms  DeleteObjects: 0.492900 ms)

Prepare: number of updated asset objects reloaded= 0
========================================================================
Received Prepare
Begin MonoManager ReloadAssembly
[Licensing::Client] Successfully resolved entitlement details
[Licensing::Module] License group:
  Id: F4-S7ZB-6RJN-A89E-YAVT-XXXX
  Product: Unity Personal
  Type: ULF
  Expiration: Unlimited
[Licensing::Module] License group:
  Id: 9071164294287-UnityPersXXXX
  Product: Unity Personal
  Type: Assigned
  Expiration: Unlimited
- Loaded All Assemblies, in  0.446 seconds
Refreshing native plugins compatible for Editor in 0.00 ms, found 0 plugins.
Native extension for WindowsStandalone target not found
Native extension for WebGL target not found
[Package Manager] Failed to launch server process. Reason: Unity was launched with the -noUpm command-line argument
[Package Manager] Unable to send message (not connected to server process).
[Package Manager] Cannot connect to Unity Package Manager local server
Mono: successfully reloaded assembly
- Finished resetting the current domain, in  0.334 seconds
Domain Reload Profiling: 778ms
	BeginReloadAssembly (180ms)
		ExecutionOrderSort (0ms)
		DisableScriptedObjects (6ms)
		BackupInstance (0ms)
		ReleaseScriptingObjects (0ms)
		CreateAndSetChildDomain (26ms)
	RebuildCommonClasses (33ms)
	RebuildNativeTypeToScriptingClass (18ms)
	initialDomainReloadingComplete (29ms)
	LoadAllAssembliesAndSetupDomain (183ms)
		LoadAssemblies (223ms)
		RebuildTransferFunctionScriptingTraits (0ms)
		AnalyzeDomain (60ms)
			TypeCache.Refresh (5ms)
				TypeCache.ScanAssembly (0ms)
			BuildScriptInfoCaches (51ms)
			ResolveRequiredComponents (2ms)
	FinalizeReload (335ms)
		ReleaseScriptCaches (0ms)
		RebuildScriptCaches (0ms)
		SetupLoadedEditorAssemblies (237ms)
			LogAssemblyErrors (0ms)
			InitializePlatformSupportModulesInManaged (3ms)
			SetLoadedEditorAssemblies (2ms)
			BeforeProcessingInitializeOnLoad (74ms)
			ProcessInitializeOnLoadAttributes (129ms)
			ProcessInitializeOnLoadMethodAttributes (21ms)
			AfterProcessingInitializeOnLoad (7ms)
			EditorAssembliesLoaded (0ms)
		ExecutionOrderSort2 (0ms)
		AwakeInstancesAfterBackupRestoration (7ms)
Refreshing native plugins compatible for Editor in 0.00 ms, found 0 plugins.
Preloading 0 native plugins for Editor in 0.00 ms.
Unloading 0 Unused Serialized files (Serialized files now loaded: 0)
Unloading 1314 unused Assets / (247.4 KB). Loaded Objects now: 1861.
Memory consumption went from 68.3 MB to 68.0 MB.
Total: 4.834800 ms (FindLiveObjects: 0.239500 ms CreateObjectMapping: 0.165700 ms MarkObjects: 3.990300 ms  DeleteObjects: 0.438100 ms)

Prepare: number of updated asset objects reloaded= 0
========================================================================
Received Prepare
Refreshing native plugins compatible for Editor in 0.00 ms, found 0 plugins.
Preloading 0 native plugins for Editor in 0.00 ms.
Unloading 0 Unused Serialized files (Serialized files now loaded: 0)
Unloading 1314 unused Assets / (350.7 KB). Loaded Objects now: 1861.
Memory consumption went from 68.5 MB to 68.2 MB.
Total: 6.443500 ms (FindLiveObjects: 0.265800 ms CreateObjectMapping: 0.273700 ms MarkObjects: 5.266800 ms  DeleteObjects: 0.635900 ms)

Prepare: number of updated asset objects reloaded= 0
========================================================================
Received Prepare
Begin MonoManager ReloadAssembly
- Loaded All Assemblies, in  0.445 seconds
Refreshing native plugins compatible for Editor in 0.00 ms, found 0 plugins.
Native extension for WindowsStandalone target not found
Native extension for WebGL target not found
[Package Manager] Failed to launch server process. Reason: Unity was launched with the -noUpm command-line argument
[Package Manager] Unable to send message (not connected to server process).
[Package Manager] Cannot connect to Unity Package Manager local server
Mono: successfully reloaded assembly
- Finished resetting the current domain, in  0.361 seconds
Domain Reload Profiling: 803ms
	BeginReloadAssembly (182ms)
		ExecutionOrderSort (0ms)
		DisableScriptedObjects (6ms)
		BackupInstance (0ms)
		ReleaseScriptingObjects (0ms)
		CreateAndSetChildDomain (27ms)
	RebuildCommonClasses (34ms)
	RebuildNativeTypeToScriptingClass (12ms)
	initialDomainReloadingComplete (26ms)
	LoadAllAssembliesAndSetupDomain (188ms)
		LoadAssemblies (226ms)
		RebuildTransferFunctionScriptingTraits (0ms)
		AnalyzeDomain (66ms)
			TypeCache.Refresh (5ms)
				TypeCache.ScanAssembly (0ms)
			BuildScriptInfoCaches (56ms)
			ResolveRequiredComponents (3ms)
	FinalizeReload (361ms)
		ReleaseScriptCaches (0ms)
		RebuildScriptCaches (0ms)
		SetupLoadedEditorAssemblies (244ms)
			LogAssemblyErrors (0ms)
			InitializePlatformSupportModulesInManaged (3ms)
			SetLoadedEditorAssemblies (2ms)
			BeforeProcessingInitializeOnLoad (72ms)
			ProcessInitializeOnLoadAttributes (138ms)
			ProcessInitializeOnLoadMethodAttributes (22ms)
			AfterProcessingInitializeOnLoad (7ms)
			EditorAssembliesLoaded (0ms)
		ExecutionOrderSort2 (0ms)
		AwakeInstancesAfterBackupRestoration (8ms)
Refreshing native plugins compatible for Editor in 0.00 ms, found 0 plugins.
Preloading 0 native plugins for Editor in 0.00 ms.
Unloading 0 Unused Serialized files (Serialized files now loaded: 0)
Unloading 1314 unused Assets / (359.3 KB). Loaded Objects now: 1861.
Memory consumption went from 68.3 MB to 67.9 MB.
Total: 7.219300 ms (FindLiveObjects: 0.311700 ms CreateObjectMapping: 0.351700 ms MarkObjects: 6.009300 ms  DeleteObjects: 0.545600 ms)

Prepare: number of updated asset objects reloaded= 0
========================================================================
Received Prepare
Refreshing native plugins compatible for Editor in 0.00 ms, found 0 plugins.
Preloading 0 native plugins for Editor in 0.00 ms.
Unloading 0 Unused Serialized files (Serialized files now loaded: 0)
Unloading 1314 unused Assets / (276.1 KB). Loaded Objects now: 1861.
Memory consumption went from 68.5 MB to 68.2 MB.
Total: 6.976300 ms (FindLiveObjects: 0.237900 ms CreateObjectMapping: 0.211500 ms MarkObjects: 5.993200 ms  DeleteObjects: 0.532500 ms)

Prepare: number of updated asset objects reloaded= 0
========================================================================
Received Prepare
Begin MonoManager ReloadAssembly
[Licensing::Client] Successfully resolved entitlement details
[Licensing::Module] License group:
  Id: F4-S7ZB-6RJN-A89E-YAVT-XXXX
  Product: Unity Personal
  Type: ULF
  Expiration: Unlimited
[Licensing::Module] License group:
  Id: 9071164294287-UnityPersXXXX
  Product: Unity Personal
  Type: Assigned
  Expiration: Unlimited
- Loaded All Assemblies, in  0.443 seconds
Refreshing native plugins compatible for Editor in 0.00 ms, found 0 plugins.
Native extension for WindowsStandalone target not found
Native extension for WebGL target not found
[Package Manager] Failed to launch server process. Reason: Unity was launched with the -noUpm command-line argument
[Package Manager] Unable to send message (not connected to server process).
[Package Manager] Cannot connect to Unity Package Manager local server
Mono: successfully reloaded assembly
- Finished resetting the current domain, in  0.340 seconds
Domain Reload Profiling: 781ms
	BeginReloadAssembly (180ms)
		ExecutionOrderSort (0ms)
		DisableScriptedObjects (6ms)
		BackupInstance (0ms)
		ReleaseScriptingObjects (0ms)
		CreateAndSetChildDomain (26ms)
	RebuildCommonClasses (33ms)
	RebuildNativeTypeToScriptingClass (12ms)
	initialDomainReloadingComplete (25ms)
	LoadAllAssembliesAndSetupDomain (190ms)
		LoadAssemblies (229ms)
		RebuildTransferFunctionScriptingTraits (0ms)
		AnalyzeDomain (61ms)
			TypeCache.Refresh (5ms)
				TypeCache.ScanAssembly (0ms)
			BuildScriptInfoCaches (52ms)
			ResolveRequiredComponents (2ms)
	FinalizeReload (340ms)
		ReleaseScriptCaches (0ms)
		RebuildScriptCaches (0ms)
		SetupLoadedEditorAssemblies (240ms)
			LogAssemblyErrors (0ms)
			InitializePlatformSupportModulesInManaged (3ms)
			SetLoadedEditorAssemblies (2ms)
			BeforeProcessingInitializeOnLoad (75ms)
			ProcessInitializeOnLoadAttributes (130ms)
			ProcessInitializeOnLoadMethodAttributes (22ms)
			AfterProcessingInitializeOnLoad (7ms)
			EditorAssembliesLoaded (0ms)
		ExecutionOrderSort2 (0ms)
		AwakeInstancesAfterBackupRestoration (8ms)
Refreshing native plugins compatible for Editor in 0.00 ms, found 0 plugins.
Preloading 0 native plugins for Editor in 0.00 ms.
Unloading 0 Unused Serialized files (Serialized files now loaded: 0)
Unloading 1314 unused Assets / (281.0 KB). Loaded Objects now: 1861.
Memory consumption went from 68.3 MB to 68.0 MB.
Total: 6.457200 ms (FindLiveObjects: 0.252900 ms CreateObjectMapping: 0.212100 ms MarkObjects: 5.526400 ms  DeleteObjects: 0.464300 ms)

Prepare: number of updated asset objects reloaded= 0
========================================================================
Received Prepare
Refreshing native plugins compatible for Editor in 0.00 ms, found 0 plugins.
Preloading 0 native plugins for Editor in 0.00 ms.
Unloading 0 Unused Serialized files (Serialized files now loaded: 0)
Unloading 1315 unused Assets / (286.1 KB). Loaded Objects now: 1862.
Memory consumption went from 68.5 MB to 68.2 MB.
Total: 6.016400 ms (FindLiveObjects: 0.224400 ms CreateObjectMapping: 0.160900 ms MarkObjects: 5.185000 ms  DeleteObjects: 0.444900 ms)

Prepare: number of updated asset objects reloaded= 0
========================================================================
Received Prepare
Begin MonoManager ReloadAssembly
- Loaded All Assemblies, in  0.440 seconds
Refreshing native plugins compatible for Editor in 0.00 ms, found 0 plugins.
Native extension for WindowsStandalone target not found
Native extension for WebGL target not found
[Package Manager] Failed to launch server process. Reason: Unity was launched with the -noUpm command-line argument
[Package Manager] Unable to send message (not connected to server process).
[Package Manager] Cannot connect to Unity Package Manager local server
Mono: successfully reloaded assembly
- Finished resetting the current domain, in  0.364 seconds
Domain Reload Profiling: 801ms
	BeginReloadAssembly (173ms)
		ExecutionOrderSort (0ms)
		DisableScriptedObjects (6ms)
		BackupInstance (0ms)
		ReleaseScriptingObjects (0ms)
		CreateAndSetChildDomain (27ms)
	RebuildCommonClasses (34ms)
	RebuildNativeTypeToScriptingClass (12ms)
	initialDomainReloadingComplete (26ms)
	LoadAllAssembliesAndSetupDomain (192ms)
		LoadAssemblies (228ms)
		RebuildTransferFunctionScriptingTraits (0ms)
		AnalyzeDomain (61ms)
			TypeCache.Refresh (6ms)
				TypeCache.ScanAssembly (0ms)
			BuildScriptInfoCaches (50ms)
			ResolveRequiredComponents (2ms)
	FinalizeReload (364ms)
		ReleaseScriptCaches (0ms)
		RebuildScriptCaches (0ms)
		SetupLoadedEditorAssemblies (261ms)
			LogAssemblyErrors (0ms)
			InitializePlatformSupportModulesInManaged (3ms)
			SetLoadedEditorAssemblies (2ms)
			BeforeProcessingInitializeOnLoad (73ms)
			ProcessInitializeOnLoadAttributes (148ms)
			ProcessInitializeOnLoadMethodAttributes (28ms)
			AfterProcessingInitializeOnLoad (6ms)
			EditorAssembliesLoaded (0ms)
		ExecutionOrderSort2 (0ms)
		AwakeInstancesAfterBackupRestoration (8ms)
Refreshing native plugins compatible for Editor in 0.00 ms, found 0 plugins.
Preloading 0 native plugins for Editor in 0.00 ms.
Unloading 0 Unused Serialized files (Serialized files now loaded: 0)
Unloading 1315 unused Assets / (284.0 KB). Loaded Objects now: 1862.
Memory consumption went from 68.3 MB to 68.0 MB.
Total: 6.049300 ms (FindLiveObjects: 0.263600 ms CreateObjectMapping: 0.172000 ms MarkObjects: 5.120600 ms  DeleteObjects: 0.491400 ms)

Prepare: number of updated asset objects reloaded= 0
========================================================================
Received Prepare
Refreshing native plugins compatible for Editor in 0.00 ms, found 0 plugins.
Preloading 0 native plugins for Editor in 0.00 ms.
Unloading 0 Unused Serialized files (Serialized files now loaded: 0)
Unloading 1315 unused Assets / (359.4 KB). Loaded Objects now: 1862.
Memory consumption went from 68.5 MB to 68.1 MB.
Total: 12.991300 ms (FindLiveObjects: 2.608200 ms CreateObjectMapping: 1.138000 ms MarkObjects: 8.614000 ms  DeleteObjects: 0.629800 ms)

Prepare: number of updated asset objects reloaded= 0
========================================================================
Received Prepare
Refreshing native plugins compatible for Editor in 0.00 ms, found 0 plugins.
Preloading 0 native plugins for Editor in 0.00 ms.
Unloading 0 Unused Serialized files (Serialized files now loaded: 0)
Unloading 1315 unused Assets / (269.3 KB). Loaded Objects now: 1862.
Memory consumption went from 68.5 MB to 68.2 MB.
Total: 6.550900 ms (FindLiveObjects: 0.218900 ms CreateObjectMapping: 0.246100 ms MarkObjects: 5.550000 ms  DeleteObjects: 0.534100 ms)

Prepare: number of updated asset objects reloaded= 0
========================================================================
Received Prepare
Refreshing native plugins compatible for Editor in 0.00 ms, found 0 plugins.
Preloading 0 native plugins for Editor in 0.00 ms.
Unloading 0 Unused Serialized files (Serialized files now loaded: 0)
Unloading 1315 unused Assets / (277.9 KB). Loaded Objects now: 1862.
Memory consumption went from 68.5 MB to 68.2 MB.
Total: 6.285800 ms (FindLiveObjects: 0.260200 ms CreateObjectMapping: 0.245400 ms MarkObjects: 5.352000 ms  DeleteObjects: 0.427200 ms)

Prepare: number of updated asset objects reloaded= 0
========================================================================
Received Prepare
Refreshing native plugins compatible for Editor in 0.00 ms, found 0 plugins.
Preloading 0 native plugins for Editor in 0.00 ms.
Unloading 0 Unused Serialized files (Serialized files now loaded: 0)
Unloading 1315 unused Assets / (274.3 KB). Loaded Objects now: 1862.
Memory consumption went from 68.5 MB to 68.2 MB.
Total: 6.509200 ms (FindLiveObjects: 0.284000 ms CreateObjectMapping: 0.265200 ms MarkObjects: 5.533800 ms  DeleteObjects: 0.425100 ms)

Prepare: number of updated asset objects reloaded= 0
========================================================================
Received Prepare
Refreshing native plugins compatible for Editor in 0.00 ms, found 0 plugins.
Preloading 0 native plugins for Editor in 0.00 ms.
Unloading 0 Unused Serialized files (Serialized files now loaded: 0)
Unloading 1315 unused Assets / (283.2 KB). Loaded Objects now: 1862.
Memory consumption went from 68.5 MB to 68.2 MB.
Total: 6.395000 ms (FindLiveObjects: 0.226600 ms CreateObjectMapping: 0.170900 ms MarkObjects: 5.527000 ms  DeleteObjects: 0.469200 ms)

Prepare: number of updated asset objects reloaded= 0
========================================================================
Received Prepare
Refreshing native plugins compatible for Editor in 0.00 ms, found 0 plugins.
Preloading 0 native plugins for Editor in 0.00 ms.
Unloading 0 Unused Serialized files (Serialized files now loaded: 0)
Unloading 1315 unused Assets / (282.0 KB). Loaded Objects now: 1862.
Memory consumption went from 68.5 MB to 68.2 MB.
Total: 6.291300 ms (FindLiveObjects: 0.215100 ms CreateObjectMapping: 0.203300 ms MarkObjects: 5.418300 ms  DeleteObjects: 0.453600 ms)

Prepare: number of updated asset objects reloaded= 0
========================================================================
Received Prepare
Refreshing native plugins compatible for Editor in 0.00 ms, found 0 plugins.
Preloading 0 native plugins for Editor in 0.00 ms.
Unloading 0 Unused Serialized files (Serialized files now loaded: 0)
Unloading 1315 unused Assets / (319.8 KB). Loaded Objects now: 1862.
Memory consumption went from 68.5 MB to 68.2 MB.
Total: 6.190600 ms (FindLiveObjects: 0.246400 ms CreateObjectMapping: 0.208100 ms MarkObjects: 5.161800 ms  DeleteObjects: 0.573100 ms)

Prepare: number of updated asset objects reloaded= 0
========================================================================
Received Prepare
Refreshing native plugins compatible for Editor in 0.00 ms, found 0 plugins.
Preloading 0 native plugins for Editor in 0.00 ms.
Unloading 0 Unused Serialized files (Serialized files now loaded: 0)
Unloading 1315 unused Assets / (280.2 KB). Loaded Objects now: 1862.
Memory consumption went from 68.5 MB to 68.2 MB.
Total: 6.368300 ms (FindLiveObjects: 0.231200 ms CreateObjectMapping: 0.173800 ms MarkObjects: 5.495900 ms  DeleteObjects: 0.466200 ms)

Prepare: number of updated asset objects reloaded= 0
========================================================================
Received Prepare
Refreshing native plugins compatible for Editor in 0.00 ms, found 0 plugins.
Preloading 0 native plugins for Editor in 0.00 ms.
Unloading 0 Unused Serialized files (Serialized files now loaded: 0)
Unloading 1315 unused Assets / (300.6 KB). Loaded Objects now: 1862.
Memory consumption went from 68.5 MB to 68.2 MB.
Total: 6.212500 ms (FindLiveObjects: 0.224500 ms CreateObjectMapping: 0.365500 ms MarkObjects: 5.111800 ms  DeleteObjects: 0.509200 ms)

Prepare: number of updated asset objects reloaded= 0
========================================================================
Received Prepare
Refreshing native plugins compatible for Editor in 0.00 ms, found 0 plugins.
Preloading 0 native plugins for Editor in 0.00 ms.
Unloading 0 Unused Serialized files (Serialized files now loaded: 0)
Unloading 1315 unused Assets / (278.2 KB). Loaded Objects now: 1862.
Memory consumption went from 68.5 MB to 68.2 MB.
Total: 5.891100 ms (FindLiveObjects: 0.228800 ms CreateObjectMapping: 0.202000 ms MarkObjects: 5.010900 ms  DeleteObjects: 0.448100 ms)

Prepare: number of updated asset objects reloaded= 0
========================================================================
Received Prepare
Refreshing native plugins compatible for Editor in 0.00 ms, found 0 plugins.
Preloading 0 native plugins for Editor in 0.00 ms.
Unloading 0 Unused Serialized files (Serialized files now loaded: 0)
Unloading 1315 unused Assets / (286.1 KB). Loaded Objects now: 1862.
Memory consumption went from 68.5 MB to 68.2 MB.
Total: 6.049400 ms (FindLiveObjects: 0.253100 ms CreateObjectMapping: 0.235800 ms MarkObjects: 5.085700 ms  DeleteObjects: 0.472100 ms)

Prepare: number of updated asset objects reloaded= 0
========================================================================
Received Prepare
Begin MonoManager ReloadAssembly
[Licensing::Client] Successfully resolved entitlement details
[Licensing::Module] License group:
  Id: F4-S7ZB-6RJN-A89E-YAVT-XXXX
  Product: Unity Personal
  Type: ULF
  Expiration: Unlimited
[Licensing::Module] License group:
  Id: 9071164294287-UnityPersXXXX
  Product: Unity Personal
  Type: Assigned
  Expiration: Unlimited
- Loaded All Assemblies, in  0.440 seconds
Refreshing native plugins compatible for Editor in 0.00 ms, found 0 plugins.
Native extension for WindowsStandalone target not found
Native extension for WebGL target not found
[Package Manager] Failed to launch server process. Reason: Unity was launched with the -noUpm command-line argument
[Package Manager] Unable to send message (not connected to server process).
[Package Manager] Cannot connect to Unity Package Manager local server
Mono: successfully reloaded assembly
- Finished resetting the current domain, in  0.356 seconds
Domain Reload Profiling: 794ms
	BeginReloadAssembly (171ms)
		ExecutionOrderSort (0ms)
		DisableScriptedObjects (6ms)
		BackupInstance (0ms)
		ReleaseScriptingObjects (0ms)
		CreateAndSetChildDomain (26ms)
	RebuildCommonClasses (38ms)
	RebuildNativeTypeToScriptingClass (12ms)
	initialDomainReloadingComplete (26ms)
	LoadAllAssembliesAndSetupDomain (190ms)
		LoadAssemblies (222ms)
		RebuildTransferFunctionScriptingTraits (0ms)
		AnalyzeDomain (60ms)
			TypeCache.Refresh (5ms)
				TypeCache.ScanAssembly (0ms)
			BuildScriptInfoCaches (50ms)
			ResolveRequiredComponents (3ms)
	FinalizeReload (357ms)
		ReleaseScriptCaches (0ms)
		RebuildScriptCaches (0ms)
		SetupLoadedEditorAssemblies (242ms)
			LogAssemblyErrors (0ms)
			InitializePlatformSupportModulesInManaged (3ms)
			SetLoadedEditorAssemblies (2ms)
			BeforeProcessingInitializeOnLoad (78ms)
			ProcessInitializeOnLoadAttributes (132ms)
			ProcessInitializeOnLoadMethodAttributes (21ms)
			AfterProcessingInitializeOnLoad (6ms)
			EditorAssembliesLoaded (0ms)
		ExecutionOrderSort2 (0ms)
		AwakeInstancesAfterBackupRestoration (7ms)
Refreshing native plugins compatible for Editor in 0.00 ms, found 0 plugins.
Preloading 0 native plugins for Editor in 0.00 ms.
Unloading 0 Unused Serialized files (Serialized files now loaded: 0)
Unloading 1315 unused Assets / (220.4 KB). Loaded Objects now: 1862.
Memory consumption went from 68.3 MB to 68.1 MB.
Total: 4.603800 ms (FindLiveObjects: 0.319100 ms CreateObjectMapping: 0.241900 ms MarkObjects: 3.707400 ms  DeleteObjects: 0.334200 ms)

Prepare: number of updated asset objects reloaded= 0
========================================================================
Received Prepare
Begin MonoManager ReloadAssembly
- Loaded All Assemblies, in  0.441 seconds
Refreshing native plugins compatible for Editor in 0.00 ms, found 0 plugins.
Native extension for WindowsStandalone target not found
Native extension for WebGL target not found
[Package Manager] Failed to launch server process. Reason: Unity was launched with the -noUpm command-line argument
[Package Manager] Unable to send message (not connected to server process).
[Package Manager] Cannot connect to Unity Package Manager local server
Mono: successfully reloaded assembly
- Finished resetting the current domain, in  0.332 seconds
Domain Reload Profiling: 771ms
	BeginReloadAssembly (176ms)
		ExecutionOrderSort (0ms)
		DisableScriptedObjects (6ms)
		BackupInstance (0ms)
		ReleaseScriptingObjects (0ms)
		CreateAndSetChildDomain (25ms)
	RebuildCommonClasses (33ms)
	RebuildNativeTypeToScriptingClass (12ms)
	initialDomainReloadingComplete (23ms)
	LoadAllAssembliesAndSetupDomain (193ms)
		LoadAssemblies (232ms)
		RebuildTransferFunctionScriptingTraits (0ms)
		AnalyzeDomain (63ms)
			TypeCache.Refresh (4ms)
				TypeCache.ScanAssembly (0ms)
			BuildScriptInfoCaches (55ms)
			ResolveRequiredComponents (2ms)
	FinalizeReload (333ms)
		ReleaseScriptCaches (0ms)
		RebuildScriptCaches (0ms)
		SetupLoadedEditorAssemblies (230ms)
			LogAssemblyErrors (0ms)
			InitializePlatformSupportModulesInManaged (3ms)
			SetLoadedEditorAssemblies (2ms)
			BeforeProcessingInitializeOnLoad (70ms)
			ProcessInitializeOnLoadAttributes (128ms)
			ProcessInitializeOnLoadMethodAttributes (20ms)
			AfterProcessingInitializeOnLoad (6ms)
			EditorAssembliesLoaded (0ms)
		ExecutionOrderSort2 (0ms)
		AwakeInstancesAfterBackupRestoration (8ms)
Refreshing native plugins compatible for Editor in 0.00 ms, found 0 plugins.
Preloading 0 native plugins for Editor in 0.00 ms.
Unloading 0 Unused Serialized files (Serialized files now loaded: 0)
Unloading 1315 unused Assets / (274.3 KB). Loaded Objects now: 1862.
Memory consumption went from 68.3 MB to 68.0 MB.
Total: 6.262200 ms (FindLiveObjects: 0.224700 ms CreateObjectMapping: 0.183400 ms MarkObjects: 5.414800 ms  DeleteObjects: 0.438500 ms)

Prepare: number of updated asset objects reloaded= 0
========================================================================
Received Prepare
Begin MonoManager ReloadAssembly
- Loaded All Assemblies, in  0.443 seconds
Refreshing native plugins compatible for Editor in 0.00 ms, found 0 plugins.
Native extension for WindowsStandalone target not found
Native extension for WebGL target not found
[Package Manager] Failed to launch server process. Reason: Unity was launched with the -noUpm command-line argument
[Package Manager] Unable to send message (not connected to server process).
[Package Manager] Cannot connect to Unity Package Manager local server
Mono: successfully reloaded assembly
- Finished resetting the current domain, in  0.348 seconds
Domain Reload Profiling: 788ms
	BeginReloadAssembly (164ms)
		ExecutionOrderSort (0ms)
		DisableScriptedObjects (6ms)
		BackupInstance (0ms)
		ReleaseScriptingObjects (0ms)
		CreateAndSetChildDomain (25ms)
	RebuildCommonClasses (44ms)
	RebuildNativeTypeToScriptingClass (12ms)
	initialDomainReloadingComplete (23ms)
	LoadAllAssembliesAndSetupDomain (196ms)
		LoadAssemblies (215ms)
		RebuildTransferFunctionScriptingTraits (0ms)
		AnalyzeDomain (71ms)
			TypeCache.Refresh (4ms)
				TypeCache.ScanAssembly (0ms)
			BuildScriptInfoCaches (63ms)
			ResolveRequiredComponents (2ms)
	FinalizeReload (348ms)
		ReleaseScriptCaches (0ms)
		RebuildScriptCaches (0ms)
		SetupLoadedEditorAssemblies (245ms)
			LogAssemblyErrors (0ms)
			InitializePlatformSupportModulesInManaged (3ms)
			SetLoadedEditorAssemblies (2ms)
			BeforeProcessingInitializeOnLoad (75ms)
			ProcessInitializeOnLoadAttributes (137ms)
			ProcessInitializeOnLoadMethodAttributes (21ms)
			AfterProcessingInitializeOnLoad (6ms)
			EditorAssembliesLoaded (0ms)
		ExecutionOrderSort2 (0ms)
		AwakeInstancesAfterBackupRestoration (7ms)
Refreshing native plugins compatible for Editor in 0.00 ms, found 0 plugins.
Preloading 0 native plugins for Editor in 0.00 ms.
Unloading 0 Unused Serialized files (Serialized files now loaded: 0)
Unloading 1315 unused Assets / (301.5 KB). Loaded Objects now: 1862.
Memory consumption went from 68.3 MB to 68.0 MB.
Total: 5.795200 ms (FindLiveObjects: 0.266300 ms CreateObjectMapping: 0.259000 ms MarkObjects: 4.647100 ms  DeleteObjects: 0.621400 ms)

Prepare: number of updated asset objects reloaded= 0
========================================================================
Received Prepare
Refreshing native plugins compatible for Editor in 0.00 ms, found 0 plugins.
Preloading 0 native plugins for Editor in 0.00 ms.
Unloading 0 Unused Serialized files (Serialized files now loaded: 0)
Unloading 1316 unused Assets / (279.3 KB). Loaded Objects now: 1863.
Memory consumption went from 68.5 MB to 68.3 MB.
Total: 6.864700 ms (FindLiveObjects: 0.281000 ms CreateObjectMapping: 0.228700 ms MarkObjects: 5.849500 ms  DeleteObjects: 0.503900 ms)

Prepare: number of updated asset objects reloaded= 0
========================================================================
Received Prepare
Begin MonoManager ReloadAssembly
[Licensing::Client] Successfully resolved entitlement details
[Licensing::Module] License group:
  Id: F4-S7ZB-6RJN-A89E-YAVT-XXXX
  Product: Unity Personal
  Type: ULF
  Expiration: Unlimited
[Licensing::Module] License group:
  Id: 9071164294287-UnityPersXXXX
  Product: Unity Personal
  Type: Assigned
  Expiration: Unlimited
- Loaded All Assemblies, in  0.439 seconds
Refreshing native plugins compatible for Editor in 0.00 ms, found 0 plugins.
Native extension for WindowsStandalone target not found
Native extension for WebGL target not found
[Package Manager] Failed to launch server process. Reason: Unity was launched with the -noUpm command-line argument
[Package Manager] Unable to send message (not connected to server process).
[Package Manager] Cannot connect to Unity Package Manager local server
Mono: successfully reloaded assembly
- Finished resetting the current domain, in  0.351 seconds
Domain Reload Profiling: 787ms
	BeginReloadAssembly (178ms)
		ExecutionOrderSort (0ms)
		DisableScriptedObjects (6ms)
		BackupInstance (0ms)
		ReleaseScriptingObjects (0ms)
		CreateAndSetChildDomain (28ms)
	RebuildCommonClasses (36ms)
	RebuildNativeTypeToScriptingClass (13ms)
	initialDomainReloadingComplete (24ms)
	LoadAllAssembliesAndSetupDomain (185ms)
		LoadAssemblies (220ms)
		RebuildTransferFunctionScriptingTraits (0ms)
		AnalyzeDomain (62ms)
			TypeCache.Refresh (6ms)
				TypeCache.ScanAssembly (0ms)
			BuildScriptInfoCaches (53ms)
			ResolveRequiredComponents (2ms)
	FinalizeReload (351ms)
		ReleaseScriptCaches (0ms)
		RebuildScriptCaches (0ms)
		SetupLoadedEditorAssemblies (247ms)
			LogAssemblyErrors (0ms)
			InitializePlatformSupportModulesInManaged (3ms)
			SetLoadedEditorAssemblies (2ms)
			BeforeProcessingInitializeOnLoad (72ms)
			ProcessInitializeOnLoadAttributes (140ms)
			ProcessInitializeOnLoadMethodAttributes (22ms)
			AfterProcessingInitializeOnLoad (7ms)
			EditorAssembliesLoaded (0ms)
		ExecutionOrderSort2 (0ms)
		AwakeInstancesAfterBackupRestoration (9ms)
Refreshing native plugins compatible for Editor in 0.00 ms, found 0 plugins.
Preloading 0 native plugins for Editor in 0.00 ms.
Unloading 0 Unused Serialized files (Serialized files now loaded: 0)
Unloading 1316 unused Assets / (321.0 KB). Loaded Objects now: 1863.
Memory consumption went from 68.3 MB to 68.0 MB.
Total: 6.834300 ms (FindLiveObjects: 0.265400 ms CreateObjectMapping: 0.306200 ms MarkObjects: 5.721000 ms  DeleteObjects: 0.540300 ms)

Prepare: number of updated asset objects reloaded= 0
========================================================================
Received Prepare
Refreshing native plugins compatible for Editor in 0.00 ms, found 0 plugins.
Preloading 0 native plugins for Editor in 0.00 ms.
Unloading 0 Unused Serialized files (Serialized files now loaded: 0)
Unloading 1316 unused Assets / (293.1 KB). Loaded Objects now: 1863.
Memory consumption went from 68.5 MB to 68.2 MB.
Total: 6.712900 ms (FindLiveObjects: 0.226700 ms CreateObjectMapping: 0.219200 ms MarkObjects: 5.728300 ms  DeleteObjects: 0.537600 ms)

Prepare: number of updated asset objects reloaded= 0
========================================================================
Received Prepare
Begin MonoManager ReloadAssembly
- Loaded All Assemblies, in  0.458 seconds
Refreshing native plugins compatible for Editor in 0.00 ms, found 0 plugins.
Native extension for WindowsStandalone target not found
Native extension for WebGL target not found
[Package Manager] Failed to launch server process. Reason: Unity was launched with the -noUpm command-line argument
[Package Manager] Unable to send message (not connected to server process).
[Package Manager] Cannot connect to Unity Package Manager local server
Mono: successfully reloaded assembly
- Finished resetting the current domain, in  0.350 seconds
Domain Reload Profiling: 805ms
	BeginReloadAssembly (177ms)
		ExecutionOrderSort (0ms)
		DisableScriptedObjects (6ms)
		BackupInstance (0ms)
		ReleaseScriptingObjects (0ms)
		CreateAndSetChildDomain (27ms)
	RebuildCommonClasses (37ms)
	RebuildNativeTypeToScriptingClass (14ms)
	initialDomainReloadingComplete (28ms)
	LoadAllAssembliesAndSetupDomain (199ms)
		LoadAssemblies (231ms)
		RebuildTransferFunctionScriptingTraits (0ms)
		AnalyzeDomain (66ms)
			TypeCache.Refresh (7ms)
				TypeCache.ScanAssembly (0ms)
			BuildScriptInfoCaches (55ms)
			ResolveRequiredComponents (2ms)
	FinalizeReload (350ms)
		ReleaseScriptCaches (0ms)
		RebuildScriptCaches (0ms)
		SetupLoadedEditorAssemblies (245ms)
			LogAssemblyErrors (0ms)
			InitializePlatformSupportModulesInManaged (3ms)
			SetLoadedEditorAssemblies (2ms)
			BeforeProcessingInitializeOnLoad (72ms)
			ProcessInitializeOnLoadAttributes (140ms)
			ProcessInitializeOnLoadMethodAttributes (21ms)
			AfterProcessingInitializeOnLoad (7ms)
			EditorAssembliesLoaded (0ms)
		ExecutionOrderSort2 (0ms)
		AwakeInstancesAfterBackupRestoration (9ms)
Refreshing native plugins compatible for Editor in 0.00 ms, found 0 plugins.
Preloading 0 native plugins for Editor in 0.00 ms.
Unloading 0 Unused Serialized files (Serialized files now loaded: 0)
Unloading 1316 unused Assets / (323.7 KB). Loaded Objects now: 1863.
Memory consumption went from 68.3 MB to 68.0 MB.
Total: 6.967000 ms (FindLiveObjects: 0.235400 ms CreateObjectMapping: 0.271700 ms MarkObjects: 5.994400 ms  DeleteObjects: 0.464600 ms)

Prepare: number of updated asset objects reloaded= 0
========================================================================
Received Prepare
Refreshing native plugins compatible for Editor in 0.00 ms, found 0 plugins.
Preloading 0 native plugins for Editor in 0.00 ms.
Unloading 0 Unused Serialized files (Serialized files now loaded: 0)
Unloading 1316 unused Assets / (269.3 KB). Loaded Objects now: 1863.
Memory consumption went from 68.5 MB to 68.2 MB.
Total: 6.272200 ms (FindLiveObjects: 0.239300 ms CreateObjectMapping: 0.213300 ms MarkObjects: 5.397700 ms  DeleteObjects: 0.420700 ms)

Prepare: number of updated asset objects reloaded= 0
========================================================================
Received Prepare
Begin MonoManager ReloadAssembly
- Loaded All Assemblies, in  0.434 seconds
Refreshing native plugins compatible for Editor in 0.00 ms, found 0 plugins.
Native extension for WindowsStandalone target not found
Native extension for WebGL target not found
[Package Manager] Failed to launch server process. Reason: Unity was launched with the -noUpm command-line argument
[Package Manager] Unable to send message (not connected to server process).
[Package Manager] Cannot connect to Unity Package Manager local server
Mono: successfully reloaded assembly
- Finished resetting the current domain, in  0.348 seconds
Domain Reload Profiling: 780ms
	BeginReloadAssembly (167ms)
		ExecutionOrderSort (0ms)
		DisableScriptedObjects (6ms)
		BackupInstance (0ms)
		ReleaseScriptingObjects (0ms)
		CreateAndSetChildDomain (26ms)
	RebuildCommonClasses (33ms)
	RebuildNativeTypeToScriptingClass (13ms)
	initialDomainReloadingComplete (23ms)
	LoadAllAssembliesAndSetupDomain (195ms)
		LoadAssemblies (222ms)
		RebuildTransferFunctionScriptingTraits (0ms)
		AnalyzeDomain (66ms)
			TypeCache.Refresh (6ms)
				TypeCache.ScanAssembly (0ms)
			BuildScriptInfoCaches (54ms)
			ResolveRequiredComponents (3ms)
	FinalizeReload (348ms)
		ReleaseScriptCaches (0ms)
		RebuildScriptCaches (0ms)
		SetupLoadedEditorAssemblies (240ms)
			LogAssemblyErrors (0ms)
			InitializePlatformSupportModulesInManaged (4ms)
			SetLoadedEditorAssemblies (4ms)
			BeforeProcessingInitializeOnLoad (72ms)
			ProcessInitializeOnLoadAttributes (133ms)
			ProcessInitializeOnLoadMethodAttributes (21ms)
			AfterProcessingInitializeOnLoad (7ms)
			EditorAssembliesLoaded (0ms)
		ExecutionOrderSort2 (0ms)
		AwakeInstancesAfterBackupRestoration (7ms)
Refreshing native plugins compatible for Editor in 0.00 ms, found 0 plugins.
Preloading 0 native plugins for Editor in 0.00 ms.
Unloading 0 Unused Serialized files (Serialized files now loaded: 0)
Unloading 1316 unused Assets / (400.9 KB). Loaded Objects now: 1863.
Memory consumption went from 68.3 MB to 67.9 MB.
Total: 6.417900 ms (FindLiveObjects: 0.226700 ms CreateObjectMapping: 0.164700 ms MarkObjects: 5.364900 ms  DeleteObjects: 0.660500 ms)

Prepare: number of updated asset objects reloaded= 0
========================================================================
Received Prepare
Refreshing native plugins compatible for Editor in 0.00 ms, found 0 plugins.
Preloading 0 native plugins for Editor in 0.00 ms.
Unloading 0 Unused Serialized files (Serialized files now loaded: 0)
Unloading 1316 unused Assets / (270.5 KB). Loaded Objects now: 1863.
Memory consumption went from 68.5 MB to 68.3 MB.
Total: 5.853700 ms (FindLiveObjects: 0.253600 ms CreateObjectMapping: 0.187300 ms MarkObjects: 4.947700 ms  DeleteObjects: 0.463500 ms)

Prepare: number of updated asset objects reloaded= 0
========================================================================
Received Prepare
Refreshing native plugins compatible for Editor in 0.00 ms, found 0 plugins.
Preloading 0 native plugins for Editor in 0.00 ms.
Unloading 0 Unused Serialized files (Serialized files now loaded: 0)
Unloading 1316 unused Assets / (331.6 KB). Loaded Objects now: 1863.
Memory consumption went from 68.5 MB to 68.2 MB.
Total: 6.550900 ms (FindLiveObjects: 0.233100 ms CreateObjectMapping: 0.183400 ms MarkObjects: 5.656500 ms  DeleteObjects: 0.476700 ms)

Prepare: number of updated asset objects reloaded= 0
========================================================================
Received Prepare
Refreshing native plugins compatible for Editor in 0.00 ms, found 0 plugins.
Preloading 0 native plugins for Editor in 0.00 ms.
Unloading 0 Unused Serialized files (Serialized files now loaded: 0)
Unloading 1316 unused Assets / (269.4 KB). Loaded Objects now: 1863.
Memory consumption went from 68.5 MB to 68.3 MB.
Total: 6.435000 ms (FindLiveObjects: 0.299500 ms CreateObjectMapping: 0.177000 ms MarkObjects: 5.517300 ms  DeleteObjects: 0.440200 ms)

Prepare: number of updated asset objects reloaded= 0
========================================================================
Received Prepare
Begin MonoManager ReloadAssembly
- Loaded All Assemblies, in  0.459 seconds
Refreshing native plugins compatible for Editor in 0.00 ms, found 0 plugins.
Native extension for WindowsStandalone target not found
Native extension for WebGL target not found
[Package Manager] Failed to launch server process. Reason: Unity was launched with the -noUpm command-line argument
[Package Manager] Unable to send message (not connected to server process).
[Package Manager] Cannot connect to Unity Package Manager local server
Mono: successfully reloaded assembly
- Finished resetting the current domain, in  0.366 seconds
Domain Reload Profiling: 822ms
	BeginReloadAssembly (170ms)
		ExecutionOrderSort (0ms)
		DisableScriptedObjects (6ms)
		BackupInstance (0ms)
		ReleaseScriptingObjects (0ms)
		CreateAndSetChildDomain (25ms)
	RebuildCommonClasses (35ms)
	RebuildNativeTypeToScriptingClass (13ms)
	initialDomainReloadingComplete (26ms)
	LoadAllAssembliesAndSetupDomain (212ms)
		LoadAssemblies (236ms)
		RebuildTransferFunctionScriptingTraits (0ms)
		AnalyzeDomain (72ms)
			TypeCache.Refresh (10ms)
				TypeCache.ScanAssembly (0ms)
			BuildScriptInfoCaches (59ms)
			ResolveRequiredComponents (2ms)
	FinalizeReload (367ms)
		ReleaseScriptCaches (0ms)
		RebuildScriptCaches (0ms)
		SetupLoadedEditorAssemblies (263ms)
			LogAssemblyErrors (0ms)
			InitializePlatformSupportModulesInManaged (3ms)
			SetLoadedEditorAssemblies (2ms)
			BeforeProcessingInitializeOnLoad (75ms)
			ProcessInitializeOnLoadAttributes (148ms)
			ProcessInitializeOnLoadMethodAttributes (28ms)
			AfterProcessingInitializeOnLoad (7ms)
			EditorAssembliesLoaded (0ms)
		ExecutionOrderSort2 (0ms)
		AwakeInstancesAfterBackupRestoration (8ms)
Refreshing native plugins compatible for Editor in 0.00 ms, found 0 plugins.
Preloading 0 native plugins for Editor in 0.00 ms.
Unloading 0 Unused Serialized files (Serialized files now loaded: 0)
Unloading 1316 unused Assets / (283.0 KB). Loaded Objects now: 1863.
Memory consumption went from 68.3 MB to 68.0 MB.
Total: 7.568900 ms (FindLiveObjects: 0.240100 ms CreateObjectMapping: 0.227700 ms MarkObjects: 6.584600 ms  DeleteObjects: 0.515400 ms)

Prepare: number of updated asset objects reloaded= 0
========================================================================
Received Prepare
Refreshing native plugins compatible for Editor in 0.00 ms, found 0 plugins.
Preloading 0 native plugins for Editor in 0.00 ms.
Unloading 0 Unused Serialized files (Serialized files now loaded: 0)
Unloading 1316 unused Assets / (275.1 KB). Loaded Objects now: 1863.
Memory consumption went from 68.5 MB to 68.3 MB.
Total: 7.987200 ms (FindLiveObjects: 0.289700 ms CreateObjectMapping: 0.372600 ms MarkObjects: 6.574700 ms  DeleteObjects: 0.748800 ms)

Prepare: number of updated asset objects reloaded= 0
========================================================================
Received Prepare
Begin MonoManager ReloadAssembly
[Licensing::Client] Successfully resolved entitlement details
[Licensing::Module] License group:
  Id: F4-S7ZB-6RJN-A89E-YAVT-XXXX
  Product: Unity Personal
  Type: ULF
  Expiration: Unlimited
[Licensing::Module] License group:
  Id: 9071164294287-UnityPersXXXX
  Product: Unity Personal
  Type: Assigned
  Expiration: Unlimited
- Loaded All Assemblies, in  0.460 seconds
Refreshing native plugins compatible for Editor in 0.00 ms, found 0 plugins.
Native extension for WindowsStandalone target not found
Native extension for WebGL target not found
[Package Manager] Failed to launch server process. Reason: Unity was launched with the -noUpm command-line argument
[Package Manager] Unable to send message (not connected to server process).
[Package Manager] Cannot connect to Unity Package Manager local server
Mono: successfully reloaded assembly
- Finished resetting the current domain, in  0.362 seconds
Domain Reload Profiling: 820ms
	BeginReloadAssembly (193ms)
		ExecutionOrderSort (0ms)
		DisableScriptedObjects (6ms)
		BackupInstance (0ms)
		ReleaseScriptingObjects (0ms)
		CreateAndSetChildDomain (25ms)
	RebuildCommonClasses (34ms)
	RebuildNativeTypeToScriptingClass (13ms)
	initialDomainReloadingComplete (25ms)
	LoadAllAssembliesAndSetupDomain (192ms)
		LoadAssemblies (246ms)
		RebuildTransferFunctionScriptingTraits (0ms)
		AnalyzeDomain (61ms)
			TypeCache.Refresh (6ms)
				TypeCache.ScanAssembly (0ms)
			BuildScriptInfoCaches (50ms)
			ResolveRequiredComponents (3ms)
	FinalizeReload (363ms)
		ReleaseScriptCaches (0ms)
		RebuildScriptCaches (0ms)
		SetupLoadedEditorAssemblies (255ms)
			LogAssemblyErrors (0ms)
			InitializePlatformSupportModulesInManaged (3ms)
			SetLoadedEditorAssemblies (2ms)
			BeforeProcessingInitializeOnLoad (76ms)
			ProcessInitializeOnLoadAttributes (142ms)
			ProcessInitializeOnLoadMethodAttributes (25ms)
			AfterProcessingInitializeOnLoad (7ms)
			EditorAssembliesLoaded (0ms)
		ExecutionOrderSort2 (0ms)
		AwakeInstancesAfterBackupRestoration (8ms)
Refreshing native plugins compatible for Editor in 0.00 ms, found 0 plugins.
Preloading 0 native plugins for Editor in 0.00 ms.
Unloading 0 Unused Serialized files (Serialized files now loaded: 0)
Unloading 1316 unused Assets / (481.6 KB). Loaded Objects now: 1863.
Memory consumption went from 68.3 MB to 67.9 MB.
Total: 6.720400 ms (FindLiveObjects: 0.252100 ms CreateObjectMapping: 0.241300 ms MarkObjects: 5.099800 ms  DeleteObjects: 1.125600 ms)

Prepare: number of updated asset objects reloaded= 0
========================================================================
Received Prepare
Refreshing native plugins compatible for Editor in 0.00 ms, found 0 plugins.
Preloading 0 native plugins for Editor in 0.00 ms.
Unloading 0 Unused Serialized files (Serialized files now loaded: 0)
Unloading 1316 unused Assets / (262.9 KB). Loaded Objects now: 1863.
Memory consumption went from 68.6 MB to 68.3 MB.
Total: 6.561300 ms (FindLiveObjects: 0.398200 ms CreateObjectMapping: 0.324500 ms MarkObjects: 5.246300 ms  DeleteObjects: 0.590800 ms)

Prepare: number of updated asset objects reloaded= 0
========================================================================
Received Prepare
Begin MonoManager ReloadAssembly
- Loaded All Assemblies, in  0.432 seconds
Refreshing native plugins compatible for Editor in 0.00 ms, found 0 plugins.
Native extension for WindowsStandalone target not found
Native extension for WebGL target not found
[Package Manager] Failed to launch server process. Reason: Unity was launched with the -noUpm command-line argument
[Package Manager] Unable to send message (not connected to server process).
[Package Manager] Cannot connect to Unity Package Manager local server
Mono: successfully reloaded assembly
- Finished resetting the current domain, in  0.344 seconds
Domain Reload Profiling: 773ms
	BeginReloadAssembly (168ms)
		ExecutionOrderSort (0ms)
		DisableScriptedObjects (6ms)
		BackupInstance (0ms)
		ReleaseScriptingObjects (0ms)
		CreateAndSetChildDomain (25ms)
	RebuildCommonClasses (36ms)
	RebuildNativeTypeToScriptingClass (13ms)
	initialDomainReloadingComplete (24ms)
	LoadAllAssembliesAndSetupDomain (188ms)
		LoadAssemblies (220ms)
		RebuildTransferFunctionScriptingTraits (0ms)
		AnalyzeDomain (61ms)
			TypeCache.Refresh (5ms)
				TypeCache.ScanAssembly (0ms)
			BuildScriptInfoCaches (52ms)
			ResolveRequiredComponents (2ms)
	FinalizeReload (344ms)
		ReleaseScriptCaches (0ms)
		RebuildScriptCaches (0ms)
		SetupLoadedEditorAssemblies (244ms)
			LogAssemblyErrors (0ms)
			InitializePlatformSupportModulesInManaged (3ms)
			SetLoadedEditorAssemblies (2ms)
			BeforeProcessingInitializeOnLoad (78ms)
			ProcessInitializeOnLoadAttributes (132ms)
			ProcessInitializeOnLoadMethodAttributes (22ms)
			AfterProcessingInitializeOnLoad (7ms)
			EditorAssembliesLoaded (0ms)
		ExecutionOrderSort2 (0ms)
		AwakeInstancesAfterBackupRestoration (8ms)
Refreshing native plugins compatible for Editor in 0.00 ms, found 0 plugins.
Preloading 0 native plugins for Editor in 0.00 ms.
Unloading 0 Unused Serialized files (Serialized files now loaded: 0)
Unloading 1316 unused Assets / (286.0 KB). Loaded Objects now: 1863.
Memory consumption went from 68.3 MB to 68.1 MB.
Total: 6.972700 ms (FindLiveObjects: 0.306200 ms CreateObjectMapping: 0.268500 ms MarkObjects: 5.858600 ms  DeleteObjects: 0.538100 ms)

Prepare: number of updated asset objects reloaded= 0
========================================================================
Received Prepare
Refreshing native plugins compatible for Editor in 0.00 ms, found 0 plugins.
Preloading 0 native plugins for Editor in 0.00 ms.
Unloading 0 Unused Serialized files (Serialized files now loaded: 0)
Unloading 1316 unused Assets / (294.9 KB). Loaded Objects now: 1863.
Memory consumption went from 68.6 MB to 68.3 MB.
Total: 6.536700 ms (FindLiveObjects: 0.259500 ms CreateObjectMapping: 0.271400 ms MarkObjects: 5.500700 ms  DeleteObjects: 0.504100 ms)

Prepare: number of updated asset objects reloaded= 0
========================================================================
Received Prepare
Begin MonoManager ReloadAssembly
- Loaded All Assemblies, in  0.439 seconds
Refreshing native plugins compatible for Editor in 0.00 ms, found 0 plugins.
Native extension for WindowsStandalone target not found
Native extension for WebGL target not found
[Package Manager] Failed to launch server process. Reason: Unity was launched with the -noUpm command-line argument
[Package Manager] Unable to send message (not connected to server process).
[Package Manager] Cannot connect to Unity Package Manager local server
Mono: successfully reloaded assembly
- Finished resetting the current domain, in  0.350 seconds
Domain Reload Profiling: 786ms
	BeginReloadAssembly (172ms)
		ExecutionOrderSort (0ms)
		DisableScriptedObjects (6ms)
		BackupInstance (0ms)
		ReleaseScriptingObjects (0ms)
		CreateAndSetChildDomain (25ms)
	RebuildCommonClasses (35ms)
	RebuildNativeTypeToScriptingClass (14ms)
	initialDomainReloadingComplete (26ms)
	LoadAllAssembliesAndSetupDomain (189ms)
		LoadAssemblies (225ms)
		RebuildTransferFunctionScriptingTraits (0ms)
		AnalyzeDomain (60ms)
			TypeCache.Refresh (5ms)
				TypeCache.ScanAssembly (0ms)
			BuildScriptInfoCaches (50ms)
			ResolveRequiredComponents (2ms)
	FinalizeReload (350ms)
		ReleaseScriptCaches (0ms)
		RebuildScriptCaches (0ms)
		SetupLoadedEditorAssemblies (244ms)
			LogAssemblyErrors (0ms)
			InitializePlatformSupportModulesInManaged (3ms)
			SetLoadedEditorAssemblies (2ms)
			BeforeProcessingInitializeOnLoad (73ms)
			ProcessInitializeOnLoadAttributes (135ms)
			ProcessInitializeOnLoadMethodAttributes (24ms)
			AfterProcessingInitializeOnLoad (7ms)
			EditorAssembliesLoaded (0ms)
		ExecutionOrderSort2 (0ms)
		AwakeInstancesAfterBackupRestoration (10ms)
Refreshing native plugins compatible for Editor in 0.00 ms, found 0 plugins.
Preloading 0 native plugins for Editor in 0.00 ms.
Unloading 0 Unused Serialized files (Serialized files now loaded: 0)
Unloading 1316 unused Assets / (291.7 KB). Loaded Objects now: 1863.
Memory consumption went from 68.3 MB to 68.0 MB.
Total: 7.184300 ms (FindLiveObjects: 0.390300 ms CreateObjectMapping: 0.346200 ms MarkObjects: 5.920400 ms  DeleteObjects: 0.526400 ms)

Prepare: number of updated asset objects reloaded= 0
========================================================================
Received Prepare
Refreshing native plugins compatible for Editor in 0.00 ms, found 0 plugins.
Preloading 0 native plugins for Editor in 0.00 ms.
Unloading 0 Unused Serialized files (Serialized files now loaded: 0)
Unloading 1316 unused Assets / (282.1 KB). Loaded Objects now: 1863.
Memory consumption went from 68.5 MB to 68.2 MB.
Total: 6.686800 ms (FindLiveObjects: 0.232200 ms CreateObjectMapping: 0.408300 ms MarkObjects: 5.554600 ms  DeleteObjects: 0.490100 ms)

Prepare: number of updated asset objects reloaded= 0
========================================================================
Received Prepare
Refreshing native plugins compatible for Editor in 0.00 ms, found 0 plugins.
Preloading 0 native plugins for Editor in 0.00 ms.
Unloading 0 Unused Serialized files (Serialized files now loaded: 0)
Unloading 1316 unused Assets / (263.0 KB). Loaded Objects now: 1863.
Memory consumption went from 68.5 MB to 68.3 MB.
Total: 6.052000 ms (FindLiveObjects: 0.268700 ms CreateObjectMapping: 0.225900 ms MarkObjects: 5.109400 ms  DeleteObjects: 0.447100 ms)

Prepare: number of updated asset objects reloaded= 0
========================================================================
Received Prepare
Refreshing native plugins compatible for Editor in 0.00 ms, found 0 plugins.
Preloading 0 native plugins for Editor in 0.00 ms.
Unloading 0 Unused Serialized files (Serialized files now loaded: 0)
Unloading 1316 unused Assets / (297.7 KB). Loaded Objects now: 1863.
Memory consumption went from 68.5 MB to 68.2 MB.
Total: 6.260200 ms (FindLiveObjects: 0.226500 ms CreateObjectMapping: 0.297900 ms MarkObjects: 5.308700 ms  DeleteObjects: 0.425800 ms)

Prepare: number of updated asset objects reloaded= 0
========================================================================
Received Prepare
Refreshing native plugins compatible for Editor in 0.00 ms, found 0 plugins.
Preloading 0 native plugins for Editor in 0.00 ms.
Unloading 0 Unused Serialized files (Serialized files now loaded: 0)
Unloading 1316 unused Assets / (295.9 KB). Loaded Objects now: 1863.
Memory consumption went from 68.5 MB to 68.2 MB.
Total: 6.220700 ms (FindLiveObjects: 0.288200 ms CreateObjectMapping: 0.231100 ms MarkObjects: 5.272900 ms  DeleteObjects: 0.427500 ms)

Prepare: number of updated asset objects reloaded= 0
========================================================================
Received Prepare
Begin MonoManager ReloadAssembly
- Loaded All Assemblies, in  0.473 seconds
Refreshing native plugins compatible for Editor in 0.00 ms, found 0 plugins.
Native extension for WindowsStandalone target not found
Native extension for WebGL target not found
[Package Manager] Failed to launch server process. Reason: Unity was launched with the -noUpm command-line argument
[Package Manager] Unable to send message (not connected to server process).
[Package Manager] Cannot connect to Unity Package Manager local server
Mono: successfully reloaded assembly
- Finished resetting the current domain, in  0.344 seconds
Domain Reload Profiling: 814ms
	BeginReloadAssembly (201ms)
		ExecutionOrderSort (0ms)
		DisableScriptedObjects (6ms)
		BackupInstance (0ms)
		ReleaseScriptingObjects (0ms)
		CreateAndSetChildDomain (46ms)
	RebuildCommonClasses (36ms)
	RebuildNativeTypeToScriptingClass (17ms)
	initialDomainReloadingComplete (24ms)
	LoadAllAssembliesAndSetupDomain (192ms)
		LoadAssemblies (230ms)
		RebuildTransferFunctionScriptingTraits (0ms)
		AnalyzeDomain (67ms)
			TypeCache.Refresh (6ms)
				TypeCache.ScanAssembly (0ms)
			BuildScriptInfoCaches (56ms)
			ResolveRequiredComponents (2ms)
	FinalizeReload (345ms)
		ReleaseScriptCaches (0ms)
		RebuildScriptCaches (0ms)
		SetupLoadedEditorAssemblies (242ms)
			LogAssemblyErrors (0ms)
			InitializePlatformSupportModulesInManaged (3ms)
			SetLoadedEditorAssemblies (2ms)
			BeforeProcessingInitializeOnLoad (71ms)
			ProcessInitializeOnLoadAttributes (136ms)
			ProcessInitializeOnLoadMethodAttributes (23ms)
			AfterProcessingInitializeOnLoad (7ms)
			EditorAssembliesLoaded (0ms)
		ExecutionOrderSort2 (0ms)
		AwakeInstancesAfterBackupRestoration (9ms)
Refreshing native plugins compatible for Editor in 0.00 ms, found 0 plugins.
Preloading 0 native plugins for Editor in 0.00 ms.
Unloading 0 Unused Serialized files (Serialized files now loaded: 0)
Unloading 1316 unused Assets / (267.3 KB). Loaded Objects now: 1863.
Memory consumption went from 68.3 MB to 68.1 MB.
Total: 7.050600 ms (FindLiveObjects: 0.236800 ms CreateObjectMapping: 0.231000 ms MarkObjects: 6.095700 ms  DeleteObjects: 0.485700 ms)

Prepare: number of updated asset objects reloaded= 0
========================================================================
Received Prepare
Begin MonoManager ReloadAssembly
- Loaded All Assemblies, in  0.428 seconds
Refreshing native plugins compatible for Editor in 0.00 ms, found 0 plugins.
Native extension for WindowsStandalone target not found
Native extension for WebGL target not found
[Package Manager] Failed to launch server process. Reason: Unity was launched with the -noUpm command-line argument
[Package Manager] Unable to send message (not connected to server process).
[Package Manager] Cannot connect to Unity Package Manager local server
Mono: successfully reloaded assembly
- Finished resetting the current domain, in  0.353 seconds
Domain Reload Profiling: 778ms
	BeginReloadAssembly (165ms)
		ExecutionOrderSort (0ms)
		DisableScriptedObjects (6ms)
		BackupInstance (0ms)
		ReleaseScriptingObjects (0ms)
		CreateAndSetChildDomain (24ms)
	RebuildCommonClasses (37ms)
	RebuildNativeTypeToScriptingClass (12ms)
	initialDomainReloadingComplete (24ms)
	LoadAllAssembliesAndSetupDomain (186ms)
		LoadAssemblies (221ms)
		RebuildTransferFunctionScriptingTraits (0ms)
		AnalyzeDomain (58ms)
			TypeCache.Refresh (4ms)
				TypeCache.ScanAssembly (0ms)
			BuildScriptInfoCaches (50ms)
			ResolveRequiredComponents (2ms)
	FinalizeReload (353ms)
		ReleaseScriptCaches (0ms)
		RebuildScriptCaches (0ms)
		SetupLoadedEditorAssemblies (244ms)
			LogAssemblyErrors (0ms)
			InitializePlatformSupportModulesInManaged (3ms)
			SetLoadedEditorAssemblies (2ms)
			BeforeProcessingInitializeOnLoad (75ms)
			ProcessInitializeOnLoadAttributes (134ms)
			ProcessInitializeOnLoadMethodAttributes (23ms)
			AfterProcessingInitializeOnLoad (7ms)
			EditorAssembliesLoaded (0ms)
		ExecutionOrderSort2 (0ms)
		AwakeInstancesAfterBackupRestoration (8ms)
Refreshing native plugins compatible for Editor in 0.00 ms, found 0 plugins.
Preloading 0 native plugins for Editor in 0.00 ms.
Unloading 0 Unused Serialized files (Serialized files now loaded: 0)
Unloading 1316 unused Assets / (338.2 KB). Loaded Objects now: 1863.
Memory consumption went from 68.3 MB to 68.0 MB.
Total: 6.857600 ms (FindLiveObjects: 0.228600 ms CreateObjectMapping: 0.232700 ms MarkObjects: 5.858000 ms  DeleteObjects: 0.537200 ms)

Prepare: number of updated asset objects reloaded= 0
========================================================================
Received Prepare
Refreshing native plugins compatible for Editor in 0.00 ms, found 0 plugins.
Preloading 0 native plugins for Editor in 0.00 ms.
Unloading 0 Unused Serialized files (Serialized files now loaded: 0)
Unloading 1316 unused Assets / (282.4 KB). Loaded Objects now: 1863.
Memory consumption went from 68.6 MB to 68.3 MB.
Total: 6.479500 ms (FindLiveObjects: 0.316500 ms CreateObjectMapping: 0.306400 ms MarkObjects: 5.350100 ms  DeleteObjects: 0.505200 ms)

Prepare: number of updated asset objects reloaded= 0
========================================================================
Received Prepare
Refreshing native plugins compatible for Editor in 0.00 ms, found 0 plugins.
Preloading 0 native plugins for Editor in 0.00 ms.
Unloading 0 Unused Serialized files (Serialized files now loaded: 0)
Unloading 1316 unused Assets / (269.4 KB). Loaded Objects now: 1863.
Memory consumption went from 68.6 MB to 68.3 MB.
Total: 5.814200 ms (FindLiveObjects: 0.230700 ms CreateObjectMapping: 0.184100 ms MarkObjects: 4.973900 ms  DeleteObjects: 0.423800 ms)

Prepare: number of updated asset objects reloaded= 0
========================================================================
Received Prepare
Begin MonoManager ReloadAssembly
[Licensing::Client] Successfully resolved entitlement details
[Licensing::Module] License group:
  Id: F4-S7ZB-6RJN-A89E-YAVT-XXXX
  Product: Unity Personal
  Type: ULF
  Expiration: Unlimited
[Licensing::Module] License group:
  Id: 9071164294287-UnityPersXXXX
  Product: Unity Personal
  Type: Assigned
  Expiration: Unlimited
- Loaded All Assemblies, in  0.442 seconds
Refreshing native plugins compatible for Editor in 0.00 ms, found 0 plugins.
Native extension for WindowsStandalone target not found
Native extension for WebGL target not found
[Package Manager] Failed to launch server process. Reason: Unity was launched with the -noUpm command-line argument
[Package Manager] Unable to send message (not connected to server process).
[Package Manager] Cannot connect to Unity Package Manager local server
Mono: successfully reloaded assembly
- Finished resetting the current domain, in  0.341 seconds
Domain Reload Profiling: 781ms
	BeginReloadAssembly (181ms)
		ExecutionOrderSort (0ms)
		DisableScriptedObjects (6ms)
		BackupInstance (0ms)
		ReleaseScriptingObjects (0ms)
		CreateAndSetChildDomain (29ms)
	RebuildCommonClasses (33ms)
	RebuildNativeTypeToScriptingClass (12ms)
	initialDomainReloadingComplete (23ms)
	LoadAllAssembliesAndSetupDomain (190ms)
		LoadAssemblies (229ms)
		RebuildTransferFunctionScriptingTraits (0ms)
		AnalyzeDomain (59ms)
			TypeCache.Refresh (5ms)
				TypeCache.ScanAssembly (0ms)
			BuildScriptInfoCaches (50ms)
			ResolveRequiredComponents (2ms)
	FinalizeReload (341ms)
		ReleaseScriptCaches (0ms)
		RebuildScriptCaches (0ms)
		SetupLoadedEditorAssemblies (239ms)
			LogAssemblyErrors (0ms)
			InitializePlatformSupportModulesInManaged (3ms)
			SetLoadedEditorAssemblies (2ms)
			BeforeProcessingInitializeOnLoad (75ms)
			ProcessInitializeOnLoadAttributes (129ms)
			ProcessInitializeOnLoadMethodAttributes (23ms)
			AfterProcessingInitializeOnLoad (7ms)
			EditorAssembliesLoaded (0ms)
		ExecutionOrderSort2 (0ms)
		AwakeInstancesAfterBackupRestoration (8ms)
Refreshing native plugins compatible for Editor in 0.00 ms, found 0 plugins.
Preloading 0 native plugins for Editor in 0.00 ms.
Unloading 0 Unused Serialized files (Serialized files now loaded: 0)
Unloading 1316 unused Assets / (287.0 KB). Loaded Objects now: 1863.
Memory consumption went from 68.3 MB to 68.1 MB.
Total: 6.641600 ms (FindLiveObjects: 0.257100 ms CreateObjectMapping: 0.180100 ms MarkObjects: 5.712100 ms  DeleteObjects: 0.490700 ms)

Prepare: number of updated asset objects reloaded= 0
========================================================================
Received Prepare
Begin MonoManager ReloadAssembly
- Loaded All Assemblies, in  0.420 seconds
Refreshing native plugins compatible for Editor in 0.00 ms, found 0 plugins.
Native extension for WindowsStandalone target not found
Native extension for WebGL target not found
[Package Manager] Failed to launch server process. Reason: Unity was launched with the -noUpm command-line argument
[Package Manager] Unable to send message (not connected to server process).
[Package Manager] Cannot connect to Unity Package Manager local server
Mono: successfully reloaded assembly
- Finished resetting the current domain, in  0.348 seconds
Domain Reload Profiling: 765ms
	BeginReloadAssembly (163ms)
		ExecutionOrderSort (0ms)
		DisableScriptedObjects (6ms)
		BackupInstance (0ms)
		ReleaseScriptingObjects (0ms)
		CreateAndSetChildDomain (24ms)
	RebuildCommonClasses (34ms)
	RebuildNativeTypeToScriptingClass (12ms)
	initialDomainReloadingComplete (24ms)
	LoadAllAssembliesAndSetupDomain (184ms)
		LoadAssemblies (215ms)
		RebuildTransferFunctionScriptingTraits (0ms)
		AnalyzeDomain (59ms)
			TypeCache.Refresh (4ms)
				TypeCache.ScanAssembly (0ms)
			BuildScriptInfoCaches (50ms)
			ResolveRequiredComponents (2ms)
	FinalizeReload (349ms)
		ReleaseScriptCaches (0ms)
		RebuildScriptCaches (0ms)
		SetupLoadedEditorAssemblies (242ms)
			LogAssemblyErrors (0ms)
			InitializePlatformSupportModulesInManaged (3ms)
			SetLoadedEditorAssemblies (2ms)
			BeforeProcessingInitializeOnLoad (75ms)
			ProcessInitializeOnLoadAttributes (133ms)
			ProcessInitializeOnLoadMethodAttributes (22ms)
			AfterProcessingInitializeOnLoad (7ms)
			EditorAssembliesLoaded (0ms)
		ExecutionOrderSort2 (0ms)
		AwakeInstancesAfterBackupRestoration (8ms)
Refreshing native plugins compatible for Editor in 0.00 ms, found 0 plugins.
Preloading 0 native plugins for Editor in 0.00 ms.
Unloading 0 Unused Serialized files (Serialized files now loaded: 0)
Unloading 1316 unused Assets / (291.7 KB). Loaded Objects now: 1863.
Memory consumption went from 68.3 MB to 68.1 MB.
Total: 8.013600 ms (FindLiveObjects: 0.360400 ms CreateObjectMapping: 0.489100 ms MarkObjects: 6.720900 ms  DeleteObjects: 0.441600 ms)

Prepare: number of updated asset objects reloaded= 0
========================================================================
Received Prepare
Begin MonoManager ReloadAssembly
- Loaded All Assemblies, in  0.421 seconds
Refreshing native plugins compatible for Editor in 0.00 ms, found 0 plugins.
Native extension for WindowsStandalone target not found
Native extension for WebGL target not found
[Package Manager] Failed to launch server process. Reason: Unity was launched with the -noUpm command-line argument
[Package Manager] Unable to send message (not connected to server process).
[Package Manager] Cannot connect to Unity Package Manager local server
Mono: successfully reloaded assembly
- Finished resetting the current domain, in  0.361 seconds
Domain Reload Profiling: 780ms
	BeginReloadAssembly (165ms)
		ExecutionOrderSort (0ms)
		DisableScriptedObjects (6ms)
		BackupInstance (0ms)
		ReleaseScriptingObjects (0ms)
		CreateAndSetChildDomain (26ms)
	RebuildCommonClasses (34ms)
	RebuildNativeTypeToScriptingClass (12ms)
	initialDomainReloadingComplete (23ms)
	LoadAllAssembliesAndSetupDomain (184ms)
		LoadAssemblies (212ms)
		RebuildTransferFunctionScriptingTraits (0ms)
		AnalyzeDomain (61ms)
			TypeCache.Refresh (5ms)
				TypeCache.ScanAssembly (0ms)
			BuildScriptInfoCaches (51ms)
			ResolveRequiredComponents (3ms)
	FinalizeReload (362ms)
		ReleaseScriptCaches (0ms)
		RebuildScriptCaches (0ms)
		SetupLoadedEditorAssemblies (248ms)
			LogAssemblyErrors (0ms)
			InitializePlatformSupportModulesInManaged (3ms)
			SetLoadedEditorAssemblies (3ms)
			BeforeProcessingInitializeOnLoad (78ms)
			ProcessInitializeOnLoadAttributes (136ms)
			ProcessInitializeOnLoadMethodAttributes (22ms)
			AfterProcessingInitializeOnLoad (7ms)
			EditorAssembliesLoaded (0ms)
		ExecutionOrderSort2 (0ms)
		AwakeInstancesAfterBackupRestoration (7ms)
Refreshing native plugins compatible for Editor in 0.00 ms, found 0 plugins.
Preloading 0 native plugins for Editor in 0.00 ms.
Unloading 0 Unused Serialized files (Serialized files now loaded: 0)
Unloading 1316 unused Assets / (272.4 KB). Loaded Objects now: 1863.
Memory consumption went from 68.3 MB to 68.0 MB.
Total: 6.230500 ms (FindLiveObjects: 0.241500 ms CreateObjectMapping: 0.149400 ms MarkObjects: 5.408600 ms  DeleteObjects: 0.429800 ms)

Prepare: number of updated asset objects reloaded= 0
========================================================================
Received Prepare
Begin MonoManager ReloadAssembly
- Loaded All Assemblies, in  0.442 seconds
Refreshing native plugins compatible for Editor in 0.00 ms, found 0 plugins.
Native extension for WindowsStandalone target not found
Native extension for WebGL target not found
[Package Manager] Failed to launch server process. Reason: Unity was launched with the -noUpm command-line argument
[Package Manager] Unable to send message (not connected to server process).
[Package Manager] Cannot connect to Unity Package Manager local server
Mono: successfully reloaded assembly
- Finished resetting the current domain, in  0.353 seconds
Domain Reload Profiling: 792ms
	BeginReloadAssembly (181ms)
		ExecutionOrderSort (0ms)
		DisableScriptedObjects (6ms)
		BackupInstance (0ms)
		ReleaseScriptingObjects (0ms)
		CreateAndSetChildDomain (25ms)
	RebuildCommonClasses (34ms)
	RebuildNativeTypeToScriptingClass (12ms)
	initialDomainReloadingComplete (23ms)
	LoadAllAssembliesAndSetupDomain (188ms)
		LoadAssemblies (226ms)
		RebuildTransferFunctionScriptingTraits (0ms)
		AnalyzeDomain (60ms)
			TypeCache.Refresh (5ms)
				TypeCache.ScanAssembly (0ms)
			BuildScriptInfoCaches (51ms)
			ResolveRequiredComponents (2ms)
	FinalizeReload (354ms)
		ReleaseScriptCaches (0ms)
		RebuildScriptCaches (0ms)
		SetupLoadedEditorAssemblies (247ms)
			LogAssemblyErrors (0ms)
			InitializePlatformSupportModulesInManaged (3ms)
			SetLoadedEditorAssemblies (2ms)
			BeforeProcessingInitializeOnLoad (75ms)
			ProcessInitializeOnLoadAttributes (138ms)
			ProcessInitializeOnLoadMethodAttributes (22ms)
			AfterProcessingInitializeOnLoad (7ms)
			EditorAssembliesLoaded (0ms)
		ExecutionOrderSort2 (0ms)
		AwakeInstancesAfterBackupRestoration (8ms)
Refreshing native plugins compatible for Editor in 0.00 ms, found 0 plugins.
Preloading 0 native plugins for Editor in 0.00 ms.
Unloading 0 Unused Serialized files (Serialized files now loaded: 0)
Unloading 1316 unused Assets / (418.6 KB). Loaded Objects now: 1863.
Memory consumption went from 68.3 MB to 67.9 MB.
Total: 5.631400 ms (FindLiveObjects: 0.313900 ms CreateObjectMapping: 0.183200 ms MarkObjects: 4.402700 ms  DeleteObjects: 0.730100 ms)

Prepare: number of updated asset objects reloaded= 0
========================================================================
Received Prepare
Begin MonoManager ReloadAssembly
[Licensing::Client] Successfully resolved entitlement details
[Licensing::Module] License group:
  Id: F4-S7ZB-6RJN-A89E-YAVT-XXXX
  Product: Unity Personal
  Type: ULF
  Expiration: Unlimited
[Licensing::Module] License group:
  Id: 9071164294287-UnityPersXXXX
  Product: Unity Personal
  Type: Assigned
  Expiration: Unlimited
- Loaded All Assemblies, in  0.452 seconds
Refreshing native plugins compatible for Editor in 0.00 ms, found 0 plugins.
Native extension for WindowsStandalone target not found
Native extension for WebGL target not found
[Package Manager] Failed to launch server process. Reason: Unity was launched with the -noUpm command-line argument
[Package Manager] Unable to send message (not connected to server process).
[Package Manager] Cannot connect to Unity Package Manager local server
Mono: successfully reloaded assembly
- Finished resetting the current domain, in  0.354 seconds
Domain Reload Profiling: 801ms
	BeginReloadAssembly (172ms)
		ExecutionOrderSort (0ms)
		DisableScriptedObjects (7ms)
		BackupInstance (0ms)
		ReleaseScriptingObjects (0ms)
		CreateAndSetChildDomain (25ms)
	RebuildCommonClasses (34ms)
	RebuildNativeTypeToScriptingClass (13ms)
	initialDomainReloadingComplete (27ms)
	LoadAllAssembliesAndSetupDomain (201ms)
		LoadAssemblies (218ms)
		RebuildTransferFunctionScriptingTraits (0ms)
		AnalyzeDomain (71ms)
			TypeCache.Refresh (4ms)
				TypeCache.ScanAssembly (0ms)
			BuildScriptInfoCaches (60ms)
			ResolveRequiredComponents (3ms)
	FinalizeReload (355ms)
		ReleaseScriptCaches (0ms)
		RebuildScriptCaches (0ms)
		SetupLoadedEditorAssemblies (253ms)
			LogAssemblyErrors (0ms)
			InitializePlatformSupportModulesInManaged (3ms)
			SetLoadedEditorAssemblies (2ms)
			BeforeProcessingInitializeOnLoad (77ms)
			ProcessInitializeOnLoadAttributes (141ms)
			ProcessInitializeOnLoadMethodAttributes (22ms)
			AfterProcessingInitializeOnLoad (6ms)
			EditorAssembliesLoaded (0ms)
		ExecutionOrderSort2 (0ms)
		AwakeInstancesAfterBackupRestoration (8ms)
Refreshing native plugins compatible for Editor in 0.00 ms, found 0 plugins.
Preloading 0 native plugins for Editor in 0.00 ms.
Unloading 0 Unused Serialized files (Serialized files now loaded: 0)
Unloading 1316 unused Assets / (420.3 KB). Loaded Objects now: 1863.
Memory consumption went from 68.3 MB to 67.9 MB.
Total: 6.201500 ms (FindLiveObjects: 0.271800 ms CreateObjectMapping: 0.352100 ms MarkObjects: 4.908400 ms  DeleteObjects: 0.668000 ms)

Prepare: number of updated asset objects reloaded= 0
========================================================================
Received Import Request.
  Time since last request: 1490.348952 seconds.
  path: Assets/Scenes/Main.unity
  artifactKey: Guid(9fc0d4010bbf28b4594072e72b8655ab) Importer(2089858483,192608db42251d675da83286b1cce702)
Start importing Assets/Scenes/Main.unity using Guid(9fc0d4010bbf28b4594072e72b8655ab) Importer(2089858483,192608db42251d675da83286b1cce702) (ScriptedImporter) -> (artifact id: 'ddbc12b1b38e043649319f061c510bb8') in 0.1022886 seconds
Number of updated asset objects reloaded before import = 0Number of asset objects unloaded after import = 1

========================================================================
Received Import Request.
  Time since last request: 0.000018 seconds.
  path: Assets/cube.prefab
  artifactKey: Guid(9261b816da904c54eada861fc2819fa3) Importer(2089858483,192608db42251d675da83286b1cce702)
Start importing Assets/cube.prefab using Guid(9261b816da904c54eada861fc2819fa3) Importer(2089858483,192608db42251d675da83286b1cce702) (ScriptedImporter) -> (artifact id: '2d5d4055e2940bac4fa792d65f21fab6') in 0.0576853 seconds
Number of updated asset objects reloaded before import = 0Number of asset objects unloaded after import = 8

========================================================================
Received Import Request.
  Time since last request: 24.772360 seconds.
  path: Assets/tile.mat
  artifactKey: Guid(03a60132c65d11646bee0178ca0261f3) Importer(815301076,1909f56bfc062723c751e8b465ee728b)
Start importing Assets/tile.mat using Guid(03a60132c65d11646bee0178ca0261f3) Importer(815301076,1909f56bfc062723c751e8b465ee728b) (PreviewImporter) -> (artifact id: '62b608dc13451d6ab1254df8590ba971') in 0.0851948 seconds
Number of updated asset objects reloaded before import = 0Number of asset objects unloaded after import = 2

========================================================================
Received Prepare
Refreshing native plugins compatible for Editor in 0.00 ms, found 0 plugins.
Preloading 0 native plugins for Editor in 0.00 ms.
Unloading 0 Unused Serialized files (Serialized files now loaded: 0)
Unloading 1316 unused Assets / (241.6 KB). Loaded Objects now: 1865.
Memory consumption went from 68.9 MB to 68.6 MB.
Total: 7.433600 ms (FindLiveObjects: 0.277200 ms CreateObjectMapping: 0.190300 ms MarkObjects: 6.551000 ms  DeleteObjects: 0.413600 ms)

Prepare: number of updated asset objects reloaded= 0
========================================================================
Received Prepare
Begin MonoManager ReloadAssembly
[Licensing::Client] Successfully resolved entitlement details
[Licensing::Module] License group:
  Id: F4-S7ZB-6RJN-A89E-YAVT-XXXX
  Product: Unity Personal
  Type: ULF
  Expiration: Unlimited
[Licensing::Module] License group:
  Id: 9071164294287-UnityPersXXXX
  Product: Unity Personal
  Type: Assigned
  Expiration: Unlimited
- Loaded All Assemblies, in  0.478 seconds
Refreshing native plugins compatible for Editor in 0.00 ms, found 0 plugins.
Native extension for WindowsStandalone target not found
Native extension for WebGL target not found
[Package Manager] Failed to launch server process. Reason: Unity was launched with the -noUpm command-line argument
[Package Manager] Unable to send message (not connected to server process).
[Package Manager] Cannot connect to Unity Package Manager local server
Mono: successfully reloaded assembly
- Finished resetting the current domain, in  0.372 seconds
Domain Reload Profiling: 847ms
	BeginReloadAssembly (204ms)
		ExecutionOrderSort (0ms)
		DisableScriptedObjects (6ms)
		BackupInstance (0ms)
		ReleaseScriptingObjects (0ms)
		CreateAndSetChildDomain (31ms)
	RebuildCommonClasses (38ms)
	RebuildNativeTypeToScriptingClass (16ms)
	initialDomainReloadingComplete (27ms)
	LoadAllAssembliesAndSetupDomain (190ms)
		LoadAssemblies (250ms)
		RebuildTransferFunctionScriptingTraits (0ms)
		AnalyzeDomain (61ms)
			TypeCache.Refresh (6ms)
				TypeCache.ScanAssembly (0ms)
			BuildScriptInfoCaches (50ms)
			ResolveRequiredComponents (3ms)
	FinalizeReload (372ms)
		ReleaseScriptCaches (0ms)
		RebuildScriptCaches (0ms)
		SetupLoadedEditorAssemblies (261ms)
			LogAssemblyErrors (0ms)
			InitializePlatformSupportModulesInManaged (3ms)
			SetLoadedEditorAssemblies (3ms)
			BeforeProcessingInitializeOnLoad (81ms)
			ProcessInitializeOnLoadAttributes (143ms)
			ProcessInitializeOnLoadMethodAttributes (24ms)
			AfterProcessingInitializeOnLoad (7ms)
			EditorAssembliesLoaded (0ms)
		ExecutionOrderSort2 (0ms)
		AwakeInstancesAfterBackupRestoration (7ms)
Refreshing native plugins compatible for Editor in 0.00 ms, found 0 plugins.
Preloading 0 native plugins for Editor in 0.00 ms.
Unloading 0 Unused Serialized files (Serialized files now loaded: 0)
Unloading 1316 unused Assets / (272.3 KB). Loaded Objects now: 1864.
Memory consumption went from 68.4 MB to 68.1 MB.
Total: 6.259700 ms (FindLiveObjects: 0.222600 ms CreateObjectMapping: 0.171100 ms MarkObjects: 5.329100 ms  DeleteObjects: 0.535300 ms)

Prepare: number of updated asset objects reloaded= 0
========================================================================
Received Prepare
Begin MonoManager ReloadAssembly
- Loaded All Assemblies, in  0.441 seconds
Refreshing native plugins compatible for Editor in 0.00 ms, found 0 plugins.
Native extension for WindowsStandalone target not found
Native extension for WebGL target not found
[Package Manager] Failed to launch server process. Reason: Unity was launched with the -noUpm command-line argument
[Package Manager] Unable to send message (not connected to server process).
[Package Manager] Cannot connect to Unity Package Manager local server
Mono: successfully reloaded assembly
- Finished resetting the current domain, in  0.366 seconds
Domain Reload Profiling: 804ms
	BeginReloadAssembly (171ms)
		ExecutionOrderSort (0ms)
		DisableScriptedObjects (6ms)
		BackupInstance (0ms)
		ReleaseScriptingObjects (0ms)
		CreateAndSetChildDomain (27ms)
	RebuildCommonClasses (35ms)
	RebuildNativeTypeToScriptingClass (12ms)
	initialDomainReloadingComplete (26ms)
	LoadAllAssembliesAndSetupDomain (193ms)
		LoadAssemblies (224ms)
		RebuildTransferFunctionScriptingTraits (0ms)
		AnalyzeDomain (64ms)
			TypeCache.Refresh (6ms)
				TypeCache.ScanAssembly (0ms)
			BuildScriptInfoCaches (54ms)
			ResolveRequiredComponents (2ms)
	FinalizeReload (366ms)
		ReleaseScriptCaches (0ms)
		RebuildScriptCaches (0ms)
		SetupLoadedEditorAssemblies (254ms)
			LogAssemblyErrors (0ms)
			InitializePlatformSupportModulesInManaged (3ms)
			SetLoadedEditorAssemblies (3ms)
			BeforeProcessingInitializeOnLoad (78ms)
			ProcessInitializeOnLoadAttributes (139ms)
			ProcessInitializeOnLoadMethodAttributes (24ms)
			AfterProcessingInitializeOnLoad (6ms)
			EditorAssembliesLoaded (0ms)
		ExecutionOrderSort2 (0ms)
		AwakeInstancesAfterBackupRestoration (9ms)
Refreshing native plugins compatible for Editor in 0.00 ms, found 0 plugins.
Preloading 0 native plugins for Editor in 0.00 ms.
Unloading 0 Unused Serialized files (Serialized files now loaded: 0)
Unloading 1316 unused Assets / (287.9 KB). Loaded Objects now: 1864.
Memory consumption went from 68.4 MB to 68.1 MB.
Total: 6.310300 ms (FindLiveObjects: 0.372700 ms CreateObjectMapping: 0.268800 ms MarkObjects: 5.172600 ms  DeleteObjects: 0.495200 ms)

Prepare: number of updated asset objects reloaded= 0
========================================================================
Received Import Request.
  Time since last request: 395.166313 seconds.
  path: Assets/Scenes/Main.unity
  artifactKey: Guid(9fc0d4010bbf28b4594072e72b8655ab) Importer(2089858483,192608db42251d675da83286b1cce702)
Start importing Assets/Scenes/Main.unity using Guid(9fc0d4010bbf28b4594072e72b8655ab) Importer(2089858483,192608db42251d675da83286b1cce702) (ScriptedImporter) -> (artifact id: 'efa93a47c6cddbdcc24978fb5175df13') in 0.0786874 seconds
Number of updated asset objects reloaded before import = 0Number of asset objects unloaded after import = 1

========================================================================
Received Import Request.
  Time since last request: 0.000017 seconds.
  path: Assets/clear.mat
  artifactKey: Guid(c0ef2fa0e73d62e40ac37ca9a5cc66be) Importer(2089858483,192608db42251d675da83286b1cce702)
Start importing Assets/clear.mat using Guid(c0ef2fa0e73d62e40ac37ca9a5cc66be) Importer(2089858483,192608db42251d675da83286b1cce702) (ScriptedImporter) -> (artifact id: '52a6f57aafa3922eb8b9fe13e8cfaff2') in 0.0740104 seconds
Number of updated asset objects reloaded before import = 0Number of asset objects unloaded after import = 2

========================================================================
Received Import Request.
  Time since last request: 32.803072 seconds.
  path: Assets/Scenes/Main.unity
  artifactKey: Guid(9fc0d4010bbf28b4594072e72b8655ab) Importer(2089858483,192608db42251d675da83286b1cce702)
Start importing Assets/Scenes/Main.unity using Guid(9fc0d4010bbf28b4594072e72b8655ab) Importer(2089858483,192608db42251d675da83286b1cce702) (ScriptedImporter) -> (artifact id: 'd03dd0aae6b3c8720a8cb3753a85d7a2') in 0.0129184 seconds
Number of updated asset objects reloaded before import = 0Number of asset objects unloaded after import = 1

========================================================================
Received Import Request.
  Time since last request: 65.613511 seconds.
  path: Assets/Scenes/Main.unity
  artifactKey: Guid(9fc0d4010bbf28b4594072e72b8655ab) Importer(2089858483,192608db42251d675da83286b1cce702)
Start importing Assets/Scenes/Main.unity using Guid(9fc0d4010bbf28b4594072e72b8655ab) Importer(2089858483,192608db42251d675da83286b1cce702) (ScriptedImporter) -> (artifact id: '7e832856cebe7ea7588d9f00d1d1f9dd') in 0.0117489 seconds
Number of updated asset objects reloaded before import = 0Number of asset objects unloaded after import = 1

========================================================================
Received Prepare
Refreshing native plugins compatible for Editor in 0.00 ms, found 0 plugins.
Preloading 0 native plugins for Editor in 0.00 ms.
Unloading 0 Unused Serialized files (Serialized files now loaded: 0)
Unloading 1317 unused Assets / (266.4 KB). Loaded Objects now: 1865.
Memory consumption went from 68.7 MB to 68.4 MB.
Total: 6.964400 ms (FindLiveObjects: 0.273200 ms CreateObjectMapping: 0.234500 ms MarkObjects: 5.943600 ms  DeleteObjects: 0.511600 ms)

Prepare: number of updated asset objects reloaded= 0
========================================================================
Received Prepare
Begin MonoManager ReloadAssembly
[Licensing::Client] Successfully resolved entitlement details
[Licensing::Module] License group:
  Id: F4-S7ZB-6RJN-A89E-YAVT-XXXX
  Product: Unity Personal
  Type: ULF
  Expiration: Unlimited
[Licensing::Module] License group:
  Id: 9071164294287-UnityPersXXXX
  Product: Unity Personal
  Type: Assigned
  Expiration: Unlimited
- Loaded All Assemblies, in  0.445 seconds
Refreshing native plugins compatible for Editor in 0.00 ms, found 0 plugins.
Native extension for WindowsStandalone target not found
Native extension for WebGL target not found
[Package Manager] Failed to launch server process. Reason: Unity was launched with the -noUpm command-line argument
[Package Manager] Unable to send message (not connected to server process).
[Package Manager] Cannot connect to Unity Package Manager local server
Mono: successfully reloaded assembly
- Finished resetting the current domain, in  0.342 seconds
Domain Reload Profiling: 784ms
	BeginReloadAssembly (175ms)
		ExecutionOrderSort (0ms)
		DisableScriptedObjects (6ms)
		BackupInstance (0ms)
		ReleaseScriptingObjects (0ms)
		CreateAndSetChildDomain (29ms)
	RebuildCommonClasses (34ms)
	RebuildNativeTypeToScriptingClass (12ms)
	initialDomainReloadingComplete (25ms)
	LoadAllAssembliesAndSetupDomain (195ms)
		LoadAssemblies (227ms)
		RebuildTransferFunctionScriptingTraits (0ms)
		AnalyzeDomain (62ms)
			TypeCache.Refresh (8ms)
				TypeCache.ScanAssembly (0ms)
			BuildScriptInfoCaches (50ms)
			ResolveRequiredComponents (2ms)
	FinalizeReload (343ms)
		ReleaseScriptCaches (0ms)
		RebuildScriptCaches (0ms)
		SetupLoadedEditorAssemblies (242ms)
			LogAssemblyErrors (0ms)
			InitializePlatformSupportModulesInManaged (3ms)
			SetLoadedEditorAssemblies (2ms)
			BeforeProcessingInitializeOnLoad (73ms)
			ProcessInitializeOnLoadAttributes (136ms)
			ProcessInitializeOnLoadMethodAttributes (21ms)
			AfterProcessingInitializeOnLoad (6ms)
			EditorAssembliesLoaded (0ms)
		ExecutionOrderSort2 (0ms)
		AwakeInstancesAfterBackupRestoration (7ms)
Refreshing native plugins compatible for Editor in 0.00 ms, found 0 plugins.
Preloading 0 native plugins for Editor in 0.00 ms.
Unloading 0 Unused Serialized files (Serialized files now loaded: 0)
Unloading 1317 unused Assets / (301.0 KB). Loaded Objects now: 1865.
Memory consumption went from 68.4 MB to 68.1 MB.
Total: 4.454900 ms (FindLiveObjects: 0.215900 ms CreateObjectMapping: 0.162400 ms MarkObjects: 3.535800 ms  DeleteObjects: 0.539000 ms)

Prepare: number of updated asset objects reloaded= 0
========================================================================
Received Prepare
Refreshing native plugins compatible for Editor in 0.00 ms, found 0 plugins.
Preloading 0 native plugins for Editor in 0.00 ms.
Unloading 0 Unused Serialized files (Serialized files now loaded: 0)
Unloading 1317 unused Assets / (259.6 KB). Loaded Objects now: 1865.
Memory consumption went from 68.6 MB to 68.4 MB.
Total: 6.012100 ms (FindLiveObjects: 0.232900 ms CreateObjectMapping: 0.245000 ms MarkObjects: 5.069000 ms  DeleteObjects: 0.464100 ms)

Prepare: number of updated asset objects reloaded= 0
========================================================================
Received Prepare
Refreshing native plugins compatible for Editor in 0.00 ms, found 0 plugins.
Preloading 0 native plugins for Editor in 0.00 ms.
Unloading 0 Unused Serialized files (Serialized files now loaded: 0)
Unloading 1317 unused Assets / (278.4 KB). Loaded Objects now: 1865.
Memory consumption went from 68.6 MB to 68.3 MB.
Total: 6.502800 ms (FindLiveObjects: 0.241300 ms CreateObjectMapping: 0.245600 ms MarkObjects: 5.563500 ms  DeleteObjects: 0.451200 ms)

Prepare: number of updated asset objects reloaded= 0
========================================================================
Received Prepare
Refreshing native plugins compatible for Editor in 0.00 ms, found 0 plugins.
Preloading 0 native plugins for Editor in 0.00 ms.
Unloading 0 Unused Serialized files (Serialized files now loaded: 0)
Unloading 1317 unused Assets / (250.2 KB). Loaded Objects now: 1865.
Memory consumption went from 68.6 MB to 68.4 MB.
Total: 6.671900 ms (FindLiveObjects: 0.344800 ms CreateObjectMapping: 0.224300 ms MarkObjects: 5.680200 ms  DeleteObjects: 0.421100 ms)

Prepare: number of updated asset objects reloaded= 0
========================================================================
Received Prepare
Refreshing native plugins compatible for Editor in 0.00 ms, found 0 plugins.
Preloading 0 native plugins for Editor in 0.00 ms.
Unloading 0 Unused Serialized files (Serialized files now loaded: 0)
Unloading 1317 unused Assets / (263.7 KB). Loaded Objects now: 1865.
Memory consumption went from 68.6 MB to 68.4 MB.
Total: 5.904700 ms (FindLiveObjects: 0.249200 ms CreateObjectMapping: 0.205800 ms MarkObjects: 5.047400 ms  DeleteObjects: 0.401400 ms)

Prepare: number of updated asset objects reloaded= 0
========================================================================
Received Prepare
Refreshing native plugins compatible for Editor in 0.00 ms, found 0 plugins.
Preloading 0 native plugins for Editor in 0.00 ms.
Unloading 0 Unused Serialized files (Serialized files now loaded: 0)
Unloading 1317 unused Assets / (306.3 KB). Loaded Objects now: 1865.
Memory consumption went from 68.6 MB to 68.3 MB.
Total: 7.053400 ms (FindLiveObjects: 0.282200 ms CreateObjectMapping: 0.225100 ms MarkObjects: 5.739200 ms  DeleteObjects: 0.805100 ms)

Prepare: number of updated asset objects reloaded= 0
========================================================================
Received Prepare
Refreshing native plugins compatible for Editor in 0.00 ms, found 0 plugins.
Preloading 0 native plugins for Editor in 0.00 ms.
Unloading 0 Unused Serialized files (Serialized files now loaded: 0)
Unloading 1317 unused Assets / (354.6 KB). Loaded Objects now: 1865.
Memory consumption went from 68.6 MB to 68.3 MB.
Total: 12.319400 ms (FindLiveObjects: 0.327900 ms CreateObjectMapping: 0.354400 ms MarkObjects: 8.795200 ms  DeleteObjects: 2.839700 ms)

Prepare: number of updated asset objects reloaded= 0
========================================================================
Received Prepare
Begin MonoManager ReloadAssembly
[Licensing::Client] Successfully resolved entitlement details
[Licensing::Module] License group:
  Id: F4-S7ZB-6RJN-A89E-YAVT-XXXX
  Product: Unity Personal
  Type: ULF
  Expiration: Unlimited
[Licensing::Module] License group:
  Id: 9071164294287-UnityPersXXXX
  Product: Unity Personal
  Type: Assigned
  Expiration: Unlimited
- Loaded All Assemblies, in  0.438 seconds
Refreshing native plugins compatible for Editor in 0.00 ms, found 0 plugins.
Native extension for WindowsStandalone target not found
Native extension for WebGL target not found
[Package Manager] Failed to launch server process. Reason: Unity was launched with the -noUpm command-line argument
[Package Manager] Unable to send message (not connected to server process).
[Package Manager] Cannot connect to Unity Package Manager local server
Mono: successfully reloaded assembly
- Finished resetting the current domain, in  0.351 seconds
Domain Reload Profiling: 786ms
	BeginReloadAssembly (169ms)
		ExecutionOrderSort (0ms)
		DisableScriptedObjects (6ms)
		BackupInstance (0ms)
		ReleaseScriptingObjects (0ms)
		CreateAndSetChildDomain (28ms)
	RebuildCommonClasses (34ms)
	RebuildNativeTypeToScriptingClass (12ms)
	initialDomainReloadingComplete (25ms)
	LoadAllAssembliesAndSetupDomain (194ms)
		LoadAssemblies (218ms)
		RebuildTransferFunctionScriptingTraits (0ms)
		AnalyzeDomain (66ms)
			TypeCache.Refresh (6ms)
				TypeCache.ScanAssembly (0ms)
			BuildScriptInfoCaches (56ms)
			ResolveRequiredComponents (2ms)
	FinalizeReload (351ms)
		ReleaseScriptCaches (0ms)
		RebuildScriptCaches (0ms)
		SetupLoadedEditorAssemblies (246ms)
			LogAssemblyErrors (0ms)
			InitializePlatformSupportModulesInManaged (3ms)
			SetLoadedEditorAssemblies (2ms)
			BeforeProcessingInitializeOnLoad (73ms)
			ProcessInitializeOnLoadAttributes (134ms)
			ProcessInitializeOnLoadMethodAttributes (27ms)
			AfterProcessingInitializeOnLoad (7ms)
			EditorAssembliesLoaded (0ms)
		ExecutionOrderSort2 (0ms)
		AwakeInstancesAfterBackupRestoration (8ms)
Refreshing native plugins compatible for Editor in 0.00 ms, found 0 plugins.
Preloading 0 native plugins for Editor in 0.00 ms.
Unloading 0 Unused Serialized files (Serialized files now loaded: 0)
Unloading 1317 unused Assets / (359.2 KB). Loaded Objects now: 1865.
Memory consumption went from 68.4 MB to 68.0 MB.
Total: 6.659300 ms (FindLiveObjects: 0.256000 ms CreateObjectMapping: 0.258400 ms MarkObjects: 5.601000 ms  DeleteObjects: 0.542700 ms)

Prepare: number of updated asset objects reloaded= 0
========================================================================
Received Prepare
Refreshing native plugins compatible for Editor in 0.00 ms, found 0 plugins.
Preloading 0 native plugins for Editor in 0.00 ms.
Unloading 0 Unused Serialized files (Serialized files now loaded: 0)
Unloading 1317 unused Assets / (315.1 KB). Loaded Objects now: 1865.
Memory consumption went from 68.6 MB to 68.3 MB.
Total: 7.803200 ms (FindLiveObjects: 0.299900 ms CreateObjectMapping: 0.211200 ms MarkObjects: 6.726000 ms  DeleteObjects: 0.564300 ms)

Prepare: number of updated asset objects reloaded= 0
========================================================================
Received Prepare
Begin MonoManager ReloadAssembly
[Licensing::Client] Successfully resolved entitlement details
[Licensing::Module] License group:
  Id: F4-S7ZB-6RJN-A89E-YAVT-XXXX
  Product: Unity Personal
  Type: ULF
  Expiration: Unlimited
[Licensing::Module] License group:
  Id: 9071164294287-UnityPersXXXX
  Product: Unity Personal
  Type: Assigned
  Expiration: Unlimited
- Loaded All Assemblies, in  0.436 seconds
Refreshing native plugins compatible for Editor in 0.00 ms, found 0 plugins.
Native extension for WindowsStandalone target not found
Native extension for WebGL target not found
[Package Manager] Failed to launch server process. Reason: Unity was launched with the -noUpm command-line argument
[Package Manager] Unable to send message (not connected to server process).
[Package Manager] Cannot connect to Unity Package Manager local server
Mono: successfully reloaded assembly
- Finished resetting the current domain, in  0.340 seconds
Domain Reload Profiling: 774ms
	BeginReloadAssembly (170ms)
		ExecutionOrderSort (0ms)
		DisableScriptedObjects (6ms)
		BackupInstance (0ms)
		ReleaseScriptingObjects (0ms)
		CreateAndSetChildDomain (26ms)
	RebuildCommonClasses (35ms)
	RebuildNativeTypeToScriptingClass (12ms)
	initialDomainReloadingComplete (26ms)
	LoadAllAssembliesAndSetupDomain (191ms)
		LoadAssemblies (220ms)
		RebuildTransferFunctionScriptingTraits (0ms)
		AnalyzeDomain (61ms)
			TypeCache.Refresh (6ms)
				TypeCache.ScanAssembly (0ms)
			BuildScriptInfoCaches (51ms)
			ResolveRequiredComponents (2ms)
	FinalizeReload (340ms)
		ReleaseScriptCaches (0ms)
		RebuildScriptCaches (0ms)
		SetupLoadedEditorAssemblies (239ms)
			LogAssemblyErrors (0ms)
			InitializePlatformSupportModulesInManaged (3ms)
			SetLoadedEditorAssemblies (2ms)
			BeforeProcessingInitializeOnLoad (73ms)
			ProcessInitializeOnLoadAttributes (131ms)
			ProcessInitializeOnLoadMethodAttributes (22ms)
			AfterProcessingInitializeOnLoad (7ms)
			EditorAssembliesLoaded (0ms)
		ExecutionOrderSort2 (0ms)
		AwakeInstancesAfterBackupRestoration (8ms)
Refreshing native plugins compatible for Editor in 0.00 ms, found 0 plugins.
Preloading 0 native plugins for Editor in 0.00 ms.
Unloading 0 Unused Serialized files (Serialized files now loaded: 0)
Unloading 1317 unused Assets / (274.2 KB). Loaded Objects now: 1865.
Memory consumption went from 68.4 MB to 68.1 MB.
Total: 6.409000 ms (FindLiveObjects: 0.218100 ms CreateObjectMapping: 0.237600 ms MarkObjects: 5.401900 ms  DeleteObjects: 0.550500 ms)

Prepare: number of updated asset objects reloaded= 0
========================================================================
Received Prepare
Refreshing native plugins compatible for Editor in 0.00 ms, found 0 plugins.
Preloading 0 native plugins for Editor in 0.00 ms.
Unloading 0 Unused Serialized files (Serialized files now loaded: 0)
Unloading 1317 unused Assets / (283.1 KB). Loaded Objects now: 1865.
Memory consumption went from 68.6 MB to 68.3 MB.
Total: 6.320000 ms (FindLiveObjects: 0.259000 ms CreateObjectMapping: 0.252100 ms MarkObjects: 5.294500 ms  DeleteObjects: 0.512800 ms)

Prepare: number of updated asset objects reloaded= 0
========================================================================
Received Prepare
Begin MonoManager ReloadAssembly
- Loaded All Assemblies, in  0.443 seconds
Refreshing native plugins compatible for Editor in 0.00 ms, found 0 plugins.
Native extension for WindowsStandalone target not found
Native extension for WebGL target not found
[Package Manager] Failed to launch server process. Reason: Unity was launched with the -noUpm command-line argument
[Package Manager] Unable to send message (not connected to server process).
[Package Manager] Cannot connect to Unity Package Manager local server
Mono: successfully reloaded assembly
- Finished resetting the current domain, in  0.375 seconds
Domain Reload Profiling: 815ms
	BeginReloadAssembly (171ms)
		ExecutionOrderSort (0ms)
		DisableScriptedObjects (6ms)
		BackupInstance (0ms)
		ReleaseScriptingObjects (0ms)
		CreateAndSetChildDomain (27ms)
	RebuildCommonClasses (37ms)
	RebuildNativeTypeToScriptingClass (13ms)
	initialDomainReloadingComplete (25ms)
	LoadAllAssembliesAndSetupDomain (193ms)
		LoadAssemblies (225ms)
		RebuildTransferFunctionScriptingTraits (0ms)
		AnalyzeDomain (62ms)
			TypeCache.Refresh (5ms)
				TypeCache.ScanAssembly (0ms)
			BuildScriptInfoCaches (52ms)
			ResolveRequiredComponents (2ms)
	FinalizeReload (376ms)
		ReleaseScriptCaches (0ms)
		RebuildScriptCaches (0ms)
		SetupLoadedEditorAssemblies (265ms)
			LogAssemblyErrors (0ms)
			InitializePlatformSupportModulesInManaged (3ms)
			SetLoadedEditorAssemblies (2ms)
			BeforeProcessingInitializeOnLoad (81ms)
			ProcessInitializeOnLoadAttributes (144ms)
			ProcessInitializeOnLoadMethodAttributes (28ms)
			AfterProcessingInitializeOnLoad (7ms)
			EditorAssembliesLoaded (0ms)
		ExecutionOrderSort2 (0ms)
		AwakeInstancesAfterBackupRestoration (7ms)
Refreshing native plugins compatible for Editor in 0.00 ms, found 0 plugins.
Preloading 0 native plugins for Editor in 0.00 ms.
Unloading 0 Unused Serialized files (Serialized files now loaded: 0)
Unloading 1317 unused Assets / (320.0 KB). Loaded Objects now: 1865.
Memory consumption went from 68.4 MB to 68.1 MB.
Total: 6.666400 ms (FindLiveObjects: 0.322000 ms CreateObjectMapping: 0.272800 ms MarkObjects: 5.569800 ms  DeleteObjects: 0.500700 ms)

Prepare: number of updated asset objects reloaded= 0
========================================================================
Received Prepare
Refreshing native plugins compatible for Editor in 0.00 ms, found 0 plugins.
Preloading 0 native plugins for Editor in 0.00 ms.
Unloading 0 Unused Serialized files (Serialized files now loaded: 0)
Unloading 1317 unused Assets / (266.4 KB). Loaded Objects now: 1865.
Memory consumption went from 68.6 MB to 68.3 MB.
Total: 6.408200 ms (FindLiveObjects: 0.233900 ms CreateObjectMapping: 0.253300 ms MarkObjects: 5.393400 ms  DeleteObjects: 0.526500 ms)

Prepare: number of updated asset objects reloaded= 0
========================================================================
Received Prepare
Begin MonoManager ReloadAssembly
- Loaded All Assemblies, in  0.428 seconds
Refreshing native plugins compatible for Editor in 0.00 ms, found 0 plugins.
Native extension for WindowsStandalone target not found
Native extension for WebGL target not found
[Package Manager] Failed to launch server process. Reason: Unity was launched with the -noUpm command-line argument
[Package Manager] Unable to send message (not connected to server process).
[Package Manager] Cannot connect to Unity Package Manager local server
Mono: successfully reloaded assembly
- Finished resetting the current domain, in  0.354 seconds
Domain Reload Profiling: 778ms
	BeginReloadAssembly (165ms)
		ExecutionOrderSort (0ms)
		DisableScriptedObjects (6ms)
		BackupInstance (0ms)
		ReleaseScriptingObjects (0ms)
		CreateAndSetChildDomain (25ms)
	RebuildCommonClasses (34ms)
	RebuildNativeTypeToScriptingClass (13ms)
	initialDomainReloadingComplete (26ms)
	LoadAllAssembliesAndSetupDomain (187ms)
		LoadAssemblies (217ms)
		RebuildTransferFunctionScriptingTraits (0ms)
		AnalyzeDomain (60ms)
			TypeCache.Refresh (5ms)
				TypeCache.ScanAssembly (0ms)
			BuildScriptInfoCaches (51ms)
			ResolveRequiredComponents (2ms)
	FinalizeReload (354ms)
		ReleaseScriptCaches (0ms)
		RebuildScriptCaches (0ms)
		SetupLoadedEditorAssemblies (254ms)
			LogAssemblyErrors (0ms)
			InitializePlatformSupportModulesInManaged (3ms)
			SetLoadedEditorAssemblies (2ms)
			BeforeProcessingInitializeOnLoad (78ms)
			ProcessInitializeOnLoadAttributes (140ms)
			ProcessInitializeOnLoadMethodAttributes (22ms)
			AfterProcessingInitializeOnLoad (8ms)
			EditorAssembliesLoaded (0ms)
		ExecutionOrderSort2 (0ms)
		AwakeInstancesAfterBackupRestoration (8ms)
Refreshing native plugins compatible for Editor in 0.00 ms, found 0 plugins.
Preloading 0 native plugins for Editor in 0.00 ms.
Unloading 0 Unused Serialized files (Serialized files now loaded: 0)
Unloading 1317 unused Assets / (276.3 KB). Loaded Objects now: 1865.
Memory consumption went from 68.4 MB to 68.1 MB.
Total: 6.292600 ms (FindLiveObjects: 0.272100 ms CreateObjectMapping: 0.278000 ms MarkObjects: 5.310700 ms  DeleteObjects: 0.430500 ms)

Prepare: number of updated asset objects reloaded= 0
========================================================================
Received Prepare
Begin MonoManager ReloadAssembly
- Loaded All Assemblies, in  0.431 seconds
Refreshing native plugins compatible for Editor in 0.00 ms, found 0 plugins.
Native extension for WindowsStandalone target not found
Native extension for WebGL target not found
[Package Manager] Failed to launch server process. Reason: Unity was launched with the -noUpm command-line argument
[Package Manager] Unable to send message (not connected to server process).
[Package Manager] Cannot connect to Unity Package Manager local server
Mono: successfully reloaded assembly
- Finished resetting the current domain, in  0.353 seconds
Domain Reload Profiling: 782ms
	BeginReloadAssembly (171ms)
		ExecutionOrderSort (0ms)
		DisableScriptedObjects (6ms)
		BackupInstance (0ms)
		ReleaseScriptingObjects (0ms)
		CreateAndSetChildDomain (25ms)
	RebuildCommonClasses (36ms)
	RebuildNativeTypeToScriptingClass (12ms)
	initialDomainReloadingComplete (23ms)
	LoadAllAssembliesAndSetupDomain (185ms)
		LoadAssemblies (222ms)
		RebuildTransferFunctionScriptingTraits (0ms)
		AnalyzeDomain (58ms)
			TypeCache.Refresh (4ms)
				TypeCache.ScanAssembly (0ms)
			BuildScriptInfoCaches (50ms)
			ResolveRequiredComponents (2ms)
	FinalizeReload (354ms)
		ReleaseScriptCaches (0ms)
		RebuildScriptCaches (0ms)
		SetupLoadedEditorAssemblies (249ms)
			LogAssemblyErrors (0ms)
			InitializePlatformSupportModulesInManaged (3ms)
			SetLoadedEditorAssemblies (3ms)
			BeforeProcessingInitializeOnLoad (80ms)
			ProcessInitializeOnLoadAttributes (135ms)
			ProcessInitializeOnLoadMethodAttributes (21ms)
			AfterProcessingInitializeOnLoad (7ms)
			EditorAssembliesLoaded (0ms)
		ExecutionOrderSort2 (0ms)
		AwakeInstancesAfterBackupRestoration (8ms)
Refreshing native plugins compatible for Editor in 0.00 ms, found 0 plugins.
Preloading 0 native plugins for Editor in 0.00 ms.
Unloading 0 Unused Serialized files (Serialized files now loaded: 0)
Unloading 1317 unused Assets / (293.8 KB). Loaded Objects now: 1865.
Memory consumption went from 68.4 MB to 68.1 MB.
Total: 6.690700 ms (FindLiveObjects: 0.379300 ms CreateObjectMapping: 0.332200 ms MarkObjects: 5.486500 ms  DeleteObjects: 0.491600 ms)

Prepare: number of updated asset objects reloaded= 0
========================================================================
Received Import Request.
  Time since last request: 468.784297 seconds.
  path: Assets/clear.png
  artifactKey: Guid(fe8d4840b32220449aaab0f10d8c6301) Importer(815301076,1909f56bfc062723c751e8b465ee728b)
Start importing Assets/clear.png using Guid(fe8d4840b32220449aaab0f10d8c6301) Importer(815301076,1909f56bfc062723c751e8b465ee728b) (PreviewImporter) -> (artifact id: 'ba7c8cd6399ed7094f5f3a77115a1b8f') in 0.0828572 seconds
Number of updated asset objects reloaded before import = 0Number of asset objects unloaded after import = 2

========================================================================
Received Prepare
Refreshing native plugins compatible for Editor in 0.00 ms, found 0 plugins.
Preloading 0 native plugins for Editor in 0.00 ms.
Unloading 0 Unused Serialized files (Serialized files now loaded: 0)
Unloading 1317 unused Assets / (228.7 KB). Loaded Objects now: 1867.
Memory consumption went from 68.7 MB to 68.5 MB.
Total: 7.761500 ms (FindLiveObjects: 0.260200 ms CreateObjectMapping: 0.289100 ms MarkObjects: 6.756800 ms  DeleteObjects: 0.453800 ms)

Prepare: number of updated asset objects reloaded= 0
========================================================================
Received Prepare
Begin MonoManager ReloadAssembly
[Licensing::Client] Successfully resolved entitlement details
[Licensing::Module] License group:
  Id: F4-S7ZB-6RJN-A89E-YAVT-XXXX
  Product: Unity Personal
  Type: ULF
  Expiration: Unlimited
[Licensing::Module] License group:
  Id: 9071164294287-UnityPersXXXX
  Product: Unity Personal
  Type: Assigned
  Expiration: Unlimited
- Loaded All Assemblies, in  0.435 seconds
Refreshing native plugins compatible for Editor in 0.00 ms, found 0 plugins.
Native extension for WindowsStandalone target not found
Native extension for WebGL target not found
[Package Manager] Failed to launch server process. Reason: Unity was launched with the -noUpm command-line argument
[Package Manager] Unable to send message (not connected to server process).
[Package Manager] Cannot connect to Unity Package Manager local server
Mono: successfully reloaded assembly
- Finished resetting the current domain, in  0.362 seconds
Domain Reload Profiling: 794ms
	BeginReloadAssembly (173ms)
		ExecutionOrderSort (0ms)
		DisableScriptedObjects (6ms)
		BackupInstance (0ms)
		ReleaseScriptingObjects (0ms)
		CreateAndSetChildDomain (27ms)
	RebuildCommonClasses (35ms)
	RebuildNativeTypeToScriptingClass (12ms)
	initialDomainReloadingComplete (25ms)
	LoadAllAssembliesAndSetupDomain (186ms)
		LoadAssemblies (219ms)
		RebuildTransferFunctionScriptingTraits (0ms)
		AnalyzeDomain (60ms)
			TypeCache.Refresh (6ms)
				TypeCache.ScanAssembly (0ms)
			BuildScriptInfoCaches (50ms)
			ResolveRequiredComponents (2ms)
	FinalizeReload (363ms)
		ReleaseScriptCaches (0ms)
		RebuildScriptCaches (0ms)
		SetupLoadedEditorAssemblies (256ms)
			LogAssemblyErrors (0ms)
			InitializePlatformSupportModulesInManaged (4ms)
			SetLoadedEditorAssemblies (3ms)
			BeforeProcessingInitializeOnLoad (78ms)
			ProcessInitializeOnLoadAttributes (140ms)
			ProcessInitializeOnLoadMethodAttributes (25ms)
			AfterProcessingInitializeOnLoad (7ms)
			EditorAssembliesLoaded (0ms)
		ExecutionOrderSort2 (0ms)
		AwakeInstancesAfterBackupRestoration (8ms)
Refreshing native plugins compatible for Editor in 0.00 ms, found 0 plugins.
Preloading 0 native plugins for Editor in 0.00 ms.
Unloading 0 Unused Serialized files (Serialized files now loaded: 0)
Unloading 1317 unused Assets / (266.7 KB). Loaded Objects now: 1867.
Memory consumption went from 68.4 MB to 68.2 MB.
Total: 5.936800 ms (FindLiveObjects: 0.229900 ms CreateObjectMapping: 0.228400 ms MarkObjects: 4.993600 ms  DeleteObjects: 0.483400 ms)

Prepare: number of updated asset objects reloaded= 0
========================================================================
Received Prepare
Refreshing native plugins compatible for Editor in 0.00 ms, found 0 plugins.
Preloading 0 native plugins for Editor in 0.00 ms.
Unloading 0 Unused Serialized files (Serialized files now loaded: 0)
Unloading 1317 unused Assets / (292.7 KB). Loaded Objects now: 1867.
Memory consumption went from 68.6 MB to 68.4 MB.
Total: 10.169100 ms (FindLiveObjects: 0.633300 ms CreateObjectMapping: 0.548200 ms MarkObjects: 8.519200 ms  DeleteObjects: 0.466400 ms)

Prepare: number of updated asset objects reloaded= 0
========================================================================
Received Prepare
Begin MonoManager ReloadAssembly
- Loaded All Assemblies, in  0.447 seconds
Refreshing native plugins compatible for Editor in 0.00 ms, found 0 plugins.
Native extension for WindowsStandalone target not found
Native extension for WebGL target not found
[Package Manager] Failed to launch server process. Reason: Unity was launched with the -noUpm command-line argument
[Package Manager] Unable to send message (not connected to server process).
[Package Manager] Cannot connect to Unity Package Manager local server
Mono: successfully reloaded assembly
- Finished resetting the current domain, in  0.354 seconds
Domain Reload Profiling: 798ms
	BeginReloadAssembly (173ms)
		ExecutionOrderSort (0ms)
		DisableScriptedObjects (6ms)
		BackupInstance (0ms)
		ReleaseScriptingObjects (0ms)
		CreateAndSetChildDomain (27ms)
	RebuildCommonClasses (36ms)
	RebuildNativeTypeToScriptingClass (12ms)
	initialDomainReloadingComplete (24ms)
	LoadAllAssembliesAndSetupDomain (198ms)
		LoadAssemblies (228ms)
		RebuildTransferFunctionScriptingTraits (0ms)
		AnalyzeDomain (66ms)
			TypeCache.Refresh (6ms)
				TypeCache.ScanAssembly (0ms)
			BuildScriptInfoCaches (56ms)
			ResolveRequiredComponents (2ms)
	FinalizeReload (355ms)
		ReleaseScriptCaches (0ms)
		RebuildScriptCaches (0ms)
		SetupLoadedEditorAssemblies (254ms)
			LogAssemblyErrors (0ms)
			InitializePlatformSupportModulesInManaged (3ms)
			SetLoadedEditorAssemblies (2ms)
			BeforeProcessingInitializeOnLoad (77ms)
			ProcessInitializeOnLoadAttributes (143ms)
			ProcessInitializeOnLoadMethodAttributes (23ms)
			AfterProcessingInitializeOnLoad (6ms)
			EditorAssembliesLoaded (0ms)
		ExecutionOrderSort2 (0ms)
		AwakeInstancesAfterBackupRestoration (8ms)
Refreshing native plugins compatible for Editor in 0.00 ms, found 0 plugins.
Preloading 0 native plugins for Editor in 0.00 ms.
Unloading 0 Unused Serialized files (Serialized files now loaded: 0)
Unloading 1317 unused Assets / (303.5 KB). Loaded Objects now: 1867.
Memory consumption went from 68.4 MB to 68.1 MB.
Total: 6.556500 ms (FindLiveObjects: 0.373800 ms CreateObjectMapping: 0.245400 ms MarkObjects: 5.353000 ms  DeleteObjects: 0.582900 ms)

Prepare: number of updated asset objects reloaded= 0
========================================================================
Received Prepare
Begin MonoManager ReloadAssembly
- Loaded All Assemblies, in  0.431 seconds
Refreshing native plugins compatible for Editor in 0.00 ms, found 0 plugins.
Native extension for WindowsStandalone target not found
Native extension for WebGL target not found
[Package Manager] Failed to launch server process. Reason: Unity was launched with the -noUpm command-line argument
[Package Manager] Unable to send message (not connected to server process).
[Package Manager] Cannot connect to Unity Package Manager local server
Mono: successfully reloaded assembly
- Finished resetting the current domain, in  0.352 seconds
Domain Reload Profiling: 780ms
	BeginReloadAssembly (169ms)
		ExecutionOrderSort (0ms)
		DisableScriptedObjects (6ms)
		BackupInstance (0ms)
		ReleaseScriptingObjects (0ms)
		CreateAndSetChildDomain (27ms)
	RebuildCommonClasses (34ms)
	RebuildNativeTypeToScriptingClass (14ms)
	initialDomainReloadingComplete (24ms)
	LoadAllAssembliesAndSetupDomain (186ms)
		LoadAssemblies (220ms)
		RebuildTransferFunctionScriptingTraits (0ms)
		AnalyzeDomain (58ms)
			TypeCache.Refresh (4ms)
				TypeCache.ScanAssembly (0ms)
			BuildScriptInfoCaches (51ms)
			ResolveRequiredComponents (2ms)
	FinalizeReload (353ms)
		ReleaseScriptCaches (0ms)
		RebuildScriptCaches (0ms)
		SetupLoadedEditorAssemblies (246ms)
			LogAssemblyErrors (0ms)
			InitializePlatformSupportModulesInManaged (3ms)
			SetLoadedEditorAssemblies (2ms)
			BeforeProcessingInitializeOnLoad (76ms)
			ProcessInitializeOnLoadAttributes (135ms)
			ProcessInitializeOnLoadMethodAttributes (22ms)
			AfterProcessingInitializeOnLoad (7ms)
			EditorAssembliesLoaded (0ms)
		ExecutionOrderSort2 (0ms)
		AwakeInstancesAfterBackupRestoration (8ms)
Refreshing native plugins compatible for Editor in 0.00 ms, found 0 plugins.
Preloading 0 native plugins for Editor in 0.00 ms.
Unloading 0 Unused Serialized files (Serialized files now loaded: 0)
Unloading 1317 unused Assets / (292.6 KB). Loaded Objects now: 1867.
Memory consumption went from 68.4 MB to 68.1 MB.
Total: 6.225700 ms (FindLiveObjects: 0.306200 ms CreateObjectMapping: 0.253900 ms MarkObjects: 5.173800 ms  DeleteObjects: 0.490700 ms)

Prepare: number of updated asset objects reloaded= 0
========================================================================
Received Import Request.
  Time since last request: 685.374887 seconds.
  path: Assets/Scenes/Main.unity
  artifactKey: Guid(9fc0d4010bbf28b4594072e72b8655ab) Importer(2089858483,192608db42251d675da83286b1cce702)
Start importing Assets/Scenes/Main.unity using Guid(9fc0d4010bbf28b4594072e72b8655ab) Importer(2089858483,192608db42251d675da83286b1cce702) (ScriptedImporter) -> (artifact id: '84eb4d2fe3ebf7c2d8019bc3e732abda') in 0.0877607 seconds
Number of updated asset objects reloaded before import = 0Number of asset objects unloaded after import = 1

========================================================================
Received Import Request.
  Time since last request: 0.000019 seconds.
  path: Assets/WorldBuilder.cs
  artifactKey: Guid(9c6bf0cd52156d64a98e1648f9f61032) Importer(2089858483,192608db42251d675da83286b1cce702)
Start importing Assets/WorldBuilder.cs using Guid(9c6bf0cd52156d64a98e1648f9f61032) Importer(2089858483,192608db42251d675da83286b1cce702) (ScriptedImporter) -> (artifact id: '33df871c2293c105efe7139124354a1a') in 0.039218 seconds
Number of updated asset objects reloaded before import = 0Number of asset objects unloaded after import = 0

========================================================================
Received Import Request.
  Time since last request: 0.000094 seconds.
  path: Assets/clear.mat
  artifactKey: Guid(c0ef2fa0e73d62e40ac37ca9a5cc66be) Importer(2089858483,192608db42251d675da83286b1cce702)
Start importing Assets/clear.mat using Guid(c0ef2fa0e73d62e40ac37ca9a5cc66be) Importer(2089858483,192608db42251d675da83286b1cce702) (ScriptedImporter) -> (artifact id: '61c604d026891ae72bb5ee22f051233d') in 0.0230837 seconds
Number of updated asset objects reloaded before import = 0Number of asset objects unloaded after import = 2

========================================================================
Received Import Request.
  Time since last request: 18.870278 seconds.
  path: Assets/Textures/grid.png
  artifactKey: Guid(bcd3bb845bcaca3419cba025651210f7) Importer(2089858483,192608db42251d675da83286b1cce702)
Start importing Assets/Textures/grid.png using Guid(bcd3bb845bcaca3419cba025651210f7) Importer(2089858483,192608db42251d675da83286b1cce702) (ScriptedImporter) -> (artifact id: '5108cdc3e67304d94ac70c67cc34c120') in 0.0473527 seconds
Number of updated asset objects reloaded before import = 0Number of asset objects unloaded after import = 1

Editor requested this worker to shutdown with reason: Scaling down because of idle timeout
AssetImportWorker is now disconnected from the server
Process exiting
Exiting without the bug reporter. Application will terminate with return code 0